2026-04-27 00:07:17.909 [HikariPool-1:housekeeper] WARN  com.zaxxer.hikari.pool.HikariPool - HikariPool-1 - Thread starvation or clock leap detected (housekeeper delta=12m13s92ms).
2026-04-27 00:23:43.739 [HikariPool-1:housekeeper] WARN  com.zaxxer.hikari.pool.HikariPool - HikariPool-1 - Thread starvation or clock leap detected (housekeeper delta=15m55s799ms).
2026-04-27 00:40:09.481 [HikariPool-1:housekeeper] WARN  com.zaxxer.hikari.pool.HikariPool - HikariPool-1 - Thread starvation or clock leap detected (housekeeper delta=15m55s730ms).
2026-04-27 00:55:57.753 [HikariPool-1:housekeeper] WARN  com.zaxxer.hikari.pool.HikariPool - HikariPool-1 - Thread starvation or clock leap detected (housekeeper delta=15m48s271ms).
2026-04-27 01:11:58.209 [HikariPool-1:housekeeper] WARN  com.zaxxer.hikari.pool.HikariPool - HikariPool-1 - Thread starvation or clock leap detected (housekeeper delta=16m456ms).
2026-04-27 01:13:17.124 [HikariPool-1:housekeeper] WARN  com.zaxxer.hikari.pool.HikariPool - HikariPool-1 - Thread starvation or clock leap detected (housekeeper delta=48s912ms).
2026-04-27 01:35:36.119 [http-nio-8080-exec-4] DEBUG c.r.c.aspect.ServiceLoggingAspect - Выполнение метода: CheeseService.getAllCheesesWithGraph с аргументами: []
2026-04-27 01:35:36.233 [http-nio-8080-exec-4] DEBUG c.r.c.aspect.ServiceLoggingAspect - Метод CheeseService.getAllCheesesWithGraph выполнился за 114 мс
2026-04-27 01:51:12.983 [HikariPool-1:housekeeper] WARN  com.zaxxer.hikari.pool.HikariPool - HikariPool-1 - Thread starvation or clock leap detected (housekeeper delta=15m55s695ms).
2026-04-27 02:07:37.883 [HikariPool-1:housekeeper] WARN  com.zaxxer.hikari.pool.HikariPool - HikariPool-1 - Thread starvation or clock leap detected (housekeeper delta=15m54s888ms).
2026-04-27 02:23:34.534 [HikariPool-1:housekeeper] WARN  com.zaxxer.hikari.pool.HikariPool - HikariPool-1 - Thread starvation or clock leap detected (housekeeper delta=15m56s651ms).
2026-04-27 02:40:06.029 [HikariPool-1:housekeeper] WARN  com.zaxxer.hikari.pool.HikariPool - HikariPool-1 - Thread starvation or clock leap detected (housekeeper delta=16m1s491ms).
2026-04-27 02:50:05.754 [HikariPool-1:housekeeper] WARN  com.zaxxer.hikari.pool.HikariPool - HikariPool-1 - Thread starvation or clock leap detected (housekeeper delta=8m59s700ms).
2026-04-27 03:06:00.675 [HikariPool-1:housekeeper] WARN  com.zaxxer.hikari.pool.HikariPool - HikariPool-1 - Thread starvation or clock leap detected (housekeeper delta=15m54s921ms).
2026-04-27 03:22:25.587 [HikariPool-1:housekeeper] WARN  com.zaxxer.hikari.pool.HikariPool - HikariPool-1 - Thread starvation or clock leap detected (housekeeper delta=15m54s907ms).
2026-04-27 03:36:36.606 [HikariPool-1:housekeeper] WARN  com.zaxxer.hikari.pool.HikariPool - HikariPool-1 - Thread starvation or clock leap detected (housekeeper delta=14m11s19ms).
2026-04-27 03:53:02.814 [HikariPool-1:housekeeper] WARN  com.zaxxer.hikari.pool.HikariPool - HikariPool-1 - Thread starvation or clock leap detected (housekeeper delta=15m56s205ms).
2026-04-27 04:09:10.112 [HikariPool-1:housekeeper] WARN  com.zaxxer.hikari.pool.HikariPool - HikariPool-1 - Thread starvation or clock leap detected (housekeeper delta=15m37s284ms).
2026-04-27 04:25:05.825 [HikariPool-1:housekeeper] WARN  com.zaxxer.hikari.pool.HikariPool - HikariPool-1 - Thread starvation or clock leap detected (housekeeper delta=15m55s714ms).
2026-04-27 04:37:41.150 [HikariPool-1:housekeeper] WARN  com.zaxxer.hikari.pool.HikariPool - HikariPool-1 - Thread starvation or clock leap detected (housekeeper delta=12m35s324ms).
2026-04-27 04:49:28.806 [HikariPool-1:housekeeper] WARN  com.zaxxer.hikari.pool.HikariPool - HikariPool-1 - Thread starvation or clock leap detected (housekeeper delta=10m37s404ms).
2026-04-27 05:05:53.732 [HikariPool-1:housekeeper] WARN  com.zaxxer.hikari.pool.HikariPool - HikariPool-1 - Thread starvation or clock leap detected (housekeeper delta=15m54s916ms).
2026-04-27 05:22:24.801 [HikariPool-1:housekeeper] WARN  com.zaxxer.hikari.pool.HikariPool - HikariPool-1 - Thread starvation or clock leap detected (housekeeper delta=15m31s53ms).
2026-04-27 05:38:04.771 [HikariPool-1:housekeeper] WARN  com.zaxxer.hikari.pool.HikariPool - HikariPool-1 - Thread starvation or clock leap detected (housekeeper delta=15m39s971ms).
2026-04-27 05:54:29.732 [HikariPool-1:housekeeper] WARN  com.zaxxer.hikari.pool.HikariPool - HikariPool-1 - Thread starvation or clock leap detected (housekeeper delta=15m54s950ms).
2026-04-27 06:10:24.682 [HikariPool-1:housekeeper] WARN  com.zaxxer.hikari.pool.HikariPool - HikariPool-1 - Thread starvation or clock leap detected (housekeeper delta=15m54s951ms).
2026-04-27 06:27:26.044 [HikariPool-1:housekeeper] WARN  com.zaxxer.hikari.pool.HikariPool - HikariPool-1 - Thread starvation or clock leap detected (housekeeper delta=15m54s900ms).
2026-04-27 06:29:22.960 [HikariPool-1:housekeeper] WARN  com.zaxxer.hikari.pool.HikariPool - HikariPool-1 - Thread starvation or clock leap detected (housekeeper delta=1m26s904ms).
2026-04-27 06:39:04.671 [HikariPool-1:housekeeper] WARN  com.zaxxer.hikari.pool.HikariPool - HikariPool-1 - Thread starvation or clock leap detected (housekeeper delta=9m41s711ms).
2026-04-27 06:55:29.636 [HikariPool-1:housekeeper] WARN  com.zaxxer.hikari.pool.HikariPool - HikariPool-1 - Thread starvation or clock leap detected (housekeeper delta=15m54s952ms).
2026-04-27 07:11:25.345 [HikariPool-1:housekeeper] WARN  com.zaxxer.hikari.pool.HikariPool - HikariPool-1 - Thread starvation or clock leap detected (housekeeper delta=15m55s710ms).
2026-04-27 07:27:50.271 [HikariPool-1:housekeeper] WARN  com.zaxxer.hikari.pool.HikariPool - HikariPool-1 - Thread starvation or clock leap detected (housekeeper delta=15m54s918ms).
2026-04-27 07:40:00.933 [HikariPool-1:housekeeper] WARN  com.zaxxer.hikari.pool.HikariPool - HikariPool-1 - Thread starvation or clock leap detected (housekeeper delta=12m10s661ms).
2026-04-27 07:53:53.437 [HikariPool-1:housekeeper] WARN  com.zaxxer.hikari.pool.HikariPool - HikariPool-1 - Thread starvation or clock leap detected (housekeeper delta=13m22s486ms).
2026-04-27 08:10:27.771 [HikariPool-1:housekeeper] WARN  com.zaxxer.hikari.pool.HikariPool - HikariPool-1 - Thread starvation or clock leap detected (housekeeper delta=16m34s334ms).
2026-04-27 08:28:24.138 [HikariPool-1:housekeeper] WARN  com.zaxxer.hikari.pool.HikariPool - HikariPool-1 - Thread starvation or clock leap detected (housekeeper delta=17m56s368ms).
2026-04-27 08:40:58.420 [HikariPool-1:housekeeper] WARN  com.zaxxer.hikari.pool.HikariPool - HikariPool-1 - Thread starvation or clock leap detected (housekeeper delta=12m34s282ms).
2026-04-27 08:57:09.715 [HikariPool-1:housekeeper] WARN  com.zaxxer.hikari.pool.HikariPool - HikariPool-1 - Thread starvation or clock leap detected (housekeeper delta=15m41s288ms).
2026-04-27 09:00:00.128 [HikariPool-1:housekeeper] WARN  com.zaxxer.hikari.pool.HikariPool - HikariPool-1 - Thread starvation or clock leap detected (housekeeper delta=2m50s413ms).
2026-04-27 09:05:18.601 [http-nio-8080-exec-5] DEBUG c.r.c.aspect.ServiceLoggingAspect - Выполнение метода: CheeseService.getAllCheeses с аргументами: []
2026-04-27 09:05:18.948 [http-nio-8080-exec-5] DEBUG c.r.c.aspect.ServiceLoggingAspect - Метод CheeseService.getAllCheeses выполнился за 347 мс
2026-04-27 09:05:18.987 [http-nio-8080-exec-6] DEBUG c.r.c.aspect.ServiceLoggingAspect - Выполнение метода: ProducerService.getAllProducers с аргументами: []
2026-04-27 09:05:18.988 [http-nio-8080-exec-6] DEBUG c.r.c.aspect.ServiceLoggingAspect - Метод ProducerService.getAllProducers выполнился за 1 мс
2026-04-27 09:05:19.089 [http-nio-8080-exec-7] DEBUG c.r.c.aspect.ServiceLoggingAspect - Выполнение метода: ShopService.getAllShops с аргументами: [Page request [number: 0, size 200, sort: id: ASC]]
2026-04-27 09:05:19.127 [http-nio-8080-exec-7] DEBUG c.r.c.aspect.ServiceLoggingAspect - Метод ShopService.getAllShops выполнился за 37 мс
2026-04-27 09:05:19.146 [http-nio-8080-exec-8] DEBUG c.r.c.aspect.ServiceLoggingAspect - Выполнение метода: CategoryService.getAllCategories с аргументами: []
2026-04-27 09:05:19.149 [http-nio-8080-exec-8] DEBUG c.r.c.aspect.ServiceLoggingAspect - Метод CategoryService.getAllCategories выполнился за 3 мс
2026-04-27 09:05:19.160 [http-nio-8080-exec-9] DEBUG c.r.c.aspect.ServiceLoggingAspect - Выполнение метода: ShopService.getAllShops с аргументами: [Page request [number: 0, size 5, sort: id: ASC]]
2026-04-27 09:05:19.170 [http-nio-8080-exec-9] DEBUG c.r.c.aspect.ServiceLoggingAspect - Метод ShopService.getAllShops выполнился за 10 мс
2026-04-27 09:05:29.321 [http-nio-8080-exec-10] DEBUG c.r.c.aspect.ServiceLoggingAspect - Выполнение метода: CheeseService.getAllCheesesWithGraph с аргументами: []
2026-04-27 09:05:29.336 [http-nio-8080-exec-10] DEBUG c.r.c.aspect.ServiceLoggingAspect - Метод CheeseService.getAllCheesesWithGraph выполнился за 15 мс
2026-04-27 09:05:29.960 [http-nio-8080-exec-1] DEBUG c.r.c.aspect.ServiceLoggingAspect - Выполнение метода: CheeseService.getAllCheeses с аргументами: []
2026-04-27 09:05:29.983 [http-nio-8080-exec-1] DEBUG c.r.c.aspect.ServiceLoggingAspect - Метод CheeseService.getAllCheeses выполнился за 22 мс
2026-04-27 09:05:29.990 [http-nio-8080-exec-2] DEBUG c.r.c.aspect.ServiceLoggingAspect - Выполнение метода: ProducerService.getAllProducers с аргументами: []
2026-04-27 09:05:29.990 [http-nio-8080-exec-2] DEBUG c.r.c.aspect.ServiceLoggingAspect - Метод ProducerService.getAllProducers выполнился за 0 мс
2026-04-27 09:05:29.996 [http-nio-8080-exec-3] DEBUG c.r.c.aspect.ServiceLoggingAspect - Выполнение метода: ShopService.getAllShops с аргументами: [Page request [number: 0, size 200, sort: id: ASC]]
2026-04-27 09:05:29.998 [http-nio-8080-exec-3] DEBUG c.r.c.aspect.ServiceLoggingAspect - Метод ShopService.getAllShops выполнился за 2 мс
2026-04-27 09:05:30.011 [http-nio-8080-exec-4] DEBUG c.r.c.aspect.ServiceLoggingAspect - Выполнение метода: CategoryService.getAllCategories с аргументами: []
2026-04-27 09:05:30.012 [http-nio-8080-exec-4] DEBUG c.r.c.aspect.ServiceLoggingAspect - Метод CategoryService.getAllCategories выполнился за 1 мс
2026-04-27 09:05:30.017 [http-nio-8080-exec-5] DEBUG c.r.c.aspect.ServiceLoggingAspect - Выполнение метода: ShopService.getAllShops с аргументами: [Page request [number: 0, size 5, sort: id: ASC]]
2026-04-27 09:05:30.019 [http-nio-8080-exec-5] DEBUG c.r.c.aspect.ServiceLoggingAspect - Метод ShopService.getAllShops выполнился за 2 мс
2026-04-27 09:05:43.949 [http-nio-8080-exec-6] DEBUG c.r.c.aspect.ServiceLoggingAspect - Выполнение метода: CheeseService.getAllCheesesWithGraph с аргументами: []
2026-04-27 09:05:43.979 [http-nio-8080-exec-6] DEBUG c.r.c.aspect.ServiceLoggingAspect - Метод CheeseService.getAllCheesesWithGraph выполнился за 29 мс
2026-04-27 09:05:47.021 [http-nio-8080-exec-7] DEBUG c.r.c.aspect.ServiceLoggingAspect - Выполнение метода: CheeseService.getAllCheeses с аргументами: []
2026-04-27 09:05:47.044 [http-nio-8080-exec-7] DEBUG c.r.c.aspect.ServiceLoggingAspect - Метод CheeseService.getAllCheeses выполнился за 23 мс
2026-04-27 09:05:47.051 [http-nio-8080-exec-8] DEBUG c.r.c.aspect.ServiceLoggingAspect - Выполнение метода: ProducerService.getAllProducers с аргументами: []
2026-04-27 09:05:47.051 [http-nio-8080-exec-8] DEBUG c.r.c.aspect.ServiceLoggingAspect - Метод ProducerService.getAllProducers выполнился за 0 мс
2026-04-27 09:05:47.057 [http-nio-8080-exec-9] DEBUG c.r.c.aspect.ServiceLoggingAspect - Выполнение метода: ShopService.getAllShops с аргументами: [Page request [number: 0, size 200, sort: id: ASC]]
2026-04-27 09:05:47.060 [http-nio-8080-exec-9] DEBUG c.r.c.aspect.ServiceLoggingAspect - Метод ShopService.getAllShops выполнился за 2 мс
2026-04-27 09:05:47.064 [http-nio-8080-exec-10] DEBUG c.r.c.aspect.ServiceLoggingAspect - Выполнение метода: CategoryService.getAllCategories с аргументами: []
2026-04-27 09:05:47.066 [http-nio-8080-exec-10] DEBUG c.r.c.aspect.ServiceLoggingAspect - Метод CategoryService.getAllCategories выполнился за 1 мс
2026-04-27 09:05:47.070 [http-nio-8080-exec-1] DEBUG c.r.c.aspect.ServiceLoggingAspect - Выполнение метода: ShopService.getAllShops с аргументами: [Page request [number: 0, size 5, sort: id: ASC]]
2026-04-27 09:05:47.077 [http-nio-8080-exec-1] DEBUG c.r.c.aspect.ServiceLoggingAspect - Метод ShopService.getAllShops выполнился за 6 мс
2026-04-27 09:05:50.981 [http-nio-8080-exec-2] DEBUG c.r.c.aspect.ServiceLoggingAspect - Выполнение метода: CheeseService.deleteCheese с аргументами: [14]
2026-04-27 09:05:51.252 [http-nio-8080-exec-2] DEBUG c.r.c.aspect.ServiceLoggingAspect - Метод CheeseService.deleteCheese выполнился за 271 мс
2026-04-27 09:05:51.348 [http-nio-8080-exec-3] DEBUG c.r.c.aspect.ServiceLoggingAspect - Выполнение метода: CheeseService.getAllCheeses с аргументами: []
2026-04-27 09:05:51.362 [http-nio-8080-exec-3] DEBUG c.r.c.aspect.ServiceLoggingAspect - Метод CheeseService.getAllCheeses выполнился за 13 мс
2026-04-27 09:05:51.370 [http-nio-8080-exec-4] DEBUG c.r.c.aspect.ServiceLoggingAspect - Выполнение метода: ProducerService.getAllProducers с аргументами: []
2026-04-27 09:05:51.370 [http-nio-8080-exec-4] DEBUG c.r.c.aspect.ServiceLoggingAspect - Метод ProducerService.getAllProducers выполнился за 0 мс
2026-04-27 09:05:51.375 [http-nio-8080-exec-5] DEBUG c.r.c.aspect.ServiceLoggingAspect - Выполнение метода: ShopService.getAllShops с аргументами: [Page request [number: 0, size 200, sort: id: ASC]]
2026-04-27 09:05:51.378 [http-nio-8080-exec-5] DEBUG c.r.c.aspect.ServiceLoggingAspect - Метод ShopService.getAllShops выполнился за 2 мс
2026-04-27 09:05:51.389 [http-nio-8080-exec-6] DEBUG c.r.c.aspect.ServiceLoggingAspect - Выполнение метода: CategoryService.getAllCategories с аргументами: []
2026-04-27 09:05:51.391 [http-nio-8080-exec-6] DEBUG c.r.c.aspect.ServiceLoggingAspect - Метод CategoryService.getAllCategories выполнился за 1 мс
2026-04-27 09:05:51.397 [http-nio-8080-exec-7] DEBUG c.r.c.aspect.ServiceLoggingAspect - Выполнение метода: ShopService.getAllShops с аргументами: [Page request [number: 0, size 5, sort: id: ASC]]
2026-04-27 09:05:51.400 [http-nio-8080-exec-7] DEBUG c.r.c.aspect.ServiceLoggingAspect - Метод ShopService.getAllShops выполнился за 3 мс
2026-04-27 09:05:53.488 [http-nio-8080-exec-8] DEBUG c.r.c.aspect.ServiceLoggingAspect - Выполнение метода: CheeseService.getAllCheesesWithGraph с аргументами: []
2026-04-27 09:05:53.518 [http-nio-8080-exec-8] DEBUG c.r.c.aspect.ServiceLoggingAspect - Метод CheeseService.getAllCheesesWithGraph выполнился за 30 мс
2026-04-27 10:59:47.919 [http-nio-8080-exec-9] DEBUG c.r.c.aspect.ServiceLoggingAspect - Выполнение метода: CheeseService.getAllCheesesWithGraph с аргументами: []
2026-04-27 10:59:48.089 [http-nio-8080-exec-9] DEBUG c.r.c.aspect.ServiceLoggingAspect - Метод CheeseService.getAllCheesesWithGraph выполнился за 169 мс
2026-04-27 11:15:40.141 [HikariPool-1:housekeeper] WARN  com.zaxxer.hikari.pool.HikariPool - HikariPool-1 - Thread starvation or clock leap detected (housekeeper delta=16m8s664ms).
2026-04-27 11:31:21.107 [HikariPool-1:housekeeper] WARN  com.zaxxer.hikari.pool.HikariPool - HikariPool-1 - Thread starvation or clock leap detected (housekeeper delta=15m40s969ms).
2026-04-27 11:47:23.240 [HikariPool-1:housekeeper] WARN  com.zaxxer.hikari.pool.HikariPool - HikariPool-1 - Thread starvation or clock leap detected (housekeeper delta=16m2s132ms).
2026-04-27 11:51:30.572 [HikariPool-1:housekeeper] WARN  com.zaxxer.hikari.pool.HikariPool - HikariPool-1 - Thread starvation or clock leap detected (housekeeper delta=4m7s332ms).
2026-04-27 12:45:56.937 [http-nio-8080-exec-10] DEBUG c.r.c.aspect.ServiceLoggingAspect - Выполнение метода: CheeseService.getAllCheeses с аргументами: []
2026-04-27 12:45:57.135 [http-nio-8080-exec-10] DEBUG c.r.c.aspect.ServiceLoggingAspect - Метод CheeseService.getAllCheeses выполнился за 198 мс
2026-04-27 12:45:57.189 [http-nio-8080-exec-1] DEBUG c.r.c.aspect.ServiceLoggingAspect - Выполнение метода: ProducerService.getAllProducers с аргументами: []
2026-04-27 12:45:57.190 [http-nio-8080-exec-1] DEBUG c.r.c.aspect.ServiceLoggingAspect - Метод ProducerService.getAllProducers выполнился за 1 мс
2026-04-27 12:45:57.226 [http-nio-8080-exec-2] DEBUG c.r.c.aspect.ServiceLoggingAspect - Выполнение метода: ShopService.getAllShops с аргументами: [Page request [number: 0, size 200, sort: id: ASC]]
2026-04-27 12:45:57.257 [http-nio-8080-exec-2] DEBUG c.r.c.aspect.ServiceLoggingAspect - Метод ShopService.getAllShops выполнился за 30 мс
2026-04-27 12:45:57.270 [http-nio-8080-exec-3] DEBUG c.r.c.aspect.ServiceLoggingAspect - Выполнение метода: CategoryService.getAllCategories с аргументами: []
2026-04-27 12:45:57.273 [http-nio-8080-exec-3] DEBUG c.r.c.aspect.ServiceLoggingAspect - Метод CategoryService.getAllCategories выполнился за 3 мс
2026-04-27 12:45:57.280 [http-nio-8080-exec-4] DEBUG c.r.c.aspect.ServiceLoggingAspect - Выполнение метода: ShopService.getAllShops с аргументами: [Page request [number: 0, size 5, sort: id: ASC]]
2026-04-27 12:45:57.302 [http-nio-8080-exec-4] DEBUG c.r.c.aspect.ServiceLoggingAspect - Метод ShopService.getAllShops выполнился за 21 мс
2026-04-27 12:46:06.581 [http-nio-8080-exec-5] DEBUG c.r.c.aspect.ServiceLoggingAspect - Выполнение метода: CheeseService.getAllCheesesWithGraph с аргументами: []
2026-04-27 12:46:06.612 [http-nio-8080-exec-5] DEBUG c.r.c.aspect.ServiceLoggingAspect - Метод CheeseService.getAllCheesesWithGraph выполнился за 30 мс
2026-04-27 12:46:38.828 [http-nio-8080-exec-6] DEBUG c.r.c.aspect.ServiceLoggingAspect - Выполнение метода: CheeseService.getAllCheeses с аргументами: []
2026-04-27 12:46:38.854 [http-nio-8080-exec-6] DEBUG c.r.c.aspect.ServiceLoggingAspect - Метод CheeseService.getAllCheeses выполнился за 25 мс
2026-04-27 12:46:38.873 [http-nio-8080-exec-7] DEBUG c.r.c.aspect.ServiceLoggingAspect - Выполнение метода: ProducerService.getAllProducers с аргументами: []
2026-04-27 12:46:38.873 [http-nio-8080-exec-7] DEBUG c.r.c.aspect.ServiceLoggingAspect - Метод ProducerService.getAllProducers выполнился за 0 мс
2026-04-27 12:46:38.880 [http-nio-8080-exec-8] DEBUG c.r.c.aspect.ServiceLoggingAspect - Выполнение метода: ShopService.getAllShops с аргументами: [Page request [number: 0, size 200, sort: id: ASC]]
2026-04-27 12:46:38.922 [http-nio-8080-exec-8] DEBUG c.r.c.aspect.ServiceLoggingAspect - Метод ShopService.getAllShops выполнился за 41 мс
2026-04-27 12:46:38.928 [http-nio-8080-exec-9] DEBUG c.r.c.aspect.ServiceLoggingAspect - Выполнение метода: CategoryService.getAllCategories с аргументами: []
2026-04-27 12:46:38.930 [http-nio-8080-exec-9] DEBUG c.r.c.aspect.ServiceLoggingAspect - Метод CategoryService.getAllCategories выполнился за 2 мс
2026-04-27 12:46:38.934 [http-nio-8080-exec-10] DEBUG c.r.c.aspect.ServiceLoggingAspect - Выполнение метода: ShopService.getAllShops с аргументами: [Page request [number: 0, size 5, sort: id: ASC]]
2026-04-27 12:46:38.938 [http-nio-8080-exec-10] DEBUG c.r.c.aspect.ServiceLoggingAspect - Метод ShopService.getAllShops выполнился за 4 мс
2026-04-27 12:46:59.685 [http-nio-8080-exec-1] DEBUG c.r.c.aspect.ServiceLoggingAspect - Выполнение метода: CheeseService.getAllCheesesWithGraph с аргументами: []
2026-04-27 12:46:59.736 [http-nio-8080-exec-1] DEBUG c.r.c.aspect.ServiceLoggingAspect - Метод CheeseService.getAllCheesesWithGraph выполнился за 50 мс
2026-04-27 12:57:59.849 [http-nio-8080-exec-2] DEBUG c.r.c.aspect.ServiceLoggingAspect - Выполнение метода: CheeseService.getAllCheesesWithGraph с аргументами: []
2026-04-27 12:58:00.171 [http-nio-8080-exec-2] DEBUG c.r.c.aspect.ServiceLoggingAspect - Метод CheeseService.getAllCheesesWithGraph выполнился за 322 мс
2026-04-27 13:01:28.311 [HikariPool-1:housekeeper] WARN  com.zaxxer.hikari.pool.HikariPool - HikariPool-1 - Thread starvation or clock leap detected (housekeeper delta=3m27s139ms).
2026-04-27 13:19:09.981 [http-nio-8080-exec-3] DEBUG c.r.c.aspect.ServiceLoggingAspect - Выполнение метода: CheeseService.getAllCheeses с аргументами: []
2026-04-27 13:19:10.073 [http-nio-8080-exec-3] DEBUG c.r.c.aspect.ServiceLoggingAspect - Метод CheeseService.getAllCheeses выполнился за 92 мс
2026-04-27 13:19:10.092 [http-nio-8080-exec-4] DEBUG c.r.c.aspect.ServiceLoggingAspect - Выполнение метода: ProducerService.getAllProducers с аргументами: []
2026-04-27 13:19:10.093 [http-nio-8080-exec-4] DEBUG c.r.c.aspect.ServiceLoggingAspect - Метод ProducerService.getAllProducers выполнился за 0 мс
2026-04-27 13:19:10.101 [http-nio-8080-exec-5] DEBUG c.r.c.aspect.ServiceLoggingAspect - Выполнение метода: ShopService.getAllShops с аргументами: [Page request [number: 0, size 200, sort: id: ASC]]
2026-04-27 13:19:10.111 [http-nio-8080-exec-5] DEBUG c.r.c.aspect.ServiceLoggingAspect - Метод ShopService.getAllShops выполнился за 10 мс
2026-04-27 13:19:10.118 [http-nio-8080-exec-6] DEBUG c.r.c.aspect.ServiceLoggingAspect - Выполнение метода: CategoryService.getAllCategories с аргументами: []
2026-04-27 13:19:10.120 [http-nio-8080-exec-6] DEBUG c.r.c.aspect.ServiceLoggingAspect - Метод CategoryService.getAllCategories выполнился за 2 мс
2026-04-27 13:19:10.125 [http-nio-8080-exec-7] DEBUG c.r.c.aspect.ServiceLoggingAspect - Выполнение метода: ShopService.getAllShops с аргументами: [Page request [number: 0, size 5, sort: id: ASC]]
2026-04-27 13:19:10.145 [http-nio-8080-exec-7] DEBUG c.r.c.aspect.ServiceLoggingAspect - Метод ShopService.getAllShops выполнился за 19 мс
2026-04-27 13:19:29.965 [http-nio-8080-exec-8] DEBUG c.r.c.aspect.ServiceLoggingAspect - Выполнение метода: CheeseService.getAllCheesesWithGraph с аргументами: []
2026-04-27 13:19:30.016 [http-nio-8080-exec-8] DEBUG c.r.c.aspect.ServiceLoggingAspect - Метод CheeseService.getAllCheesesWithGraph выполнился за 51 мс
2026-04-27 13:22:01.432 [http-nio-8080-exec-9] DEBUG c.r.c.aspect.ServiceLoggingAspect - Выполнение метода: ReviewService.getReviewsByCheeseId с аргументами: [8]
2026-04-27 13:22:01.470 [http-nio-8080-exec-9] DEBUG c.r.c.aspect.ServiceLoggingAspect - Метод ReviewService.getReviewsByCheeseId выполнился за 37 мс
2026-04-27 13:22:54.938 [http-nio-8080-exec-10] DEBUG c.r.c.aspect.ServiceLoggingAspect - Выполнение метода: CheeseService.getAllCheeses с аргументами: []
2026-04-27 13:22:54.971 [http-nio-8080-exec-10] DEBUG c.r.c.aspect.ServiceLoggingAspect - Метод CheeseService.getAllCheeses выполнился за 32 мс
2026-04-27 13:22:54.994 [http-nio-8080-exec-1] DEBUG c.r.c.aspect.ServiceLoggingAspect - Выполнение метода: ProducerService.getAllProducers с аргументами: []
2026-04-27 13:22:54.994 [http-nio-8080-exec-1] DEBUG c.r.c.aspect.ServiceLoggingAspect - Метод ProducerService.getAllProducers выполнился за 0 мс
2026-04-27 13:22:55.011 [http-nio-8080-exec-2] DEBUG c.r.c.aspect.ServiceLoggingAspect - Выполнение метода: ShopService.getAllShops с аргументами: [Page request [number: 0, size 200, sort: id: ASC]]
2026-04-27 13:22:55.017 [http-nio-8080-exec-2] DEBUG c.r.c.aspect.ServiceLoggingAspect - Метод ShopService.getAllShops выполнился за 5 мс
2026-04-27 13:22:55.027 [http-nio-8080-exec-3] DEBUG c.r.c.aspect.ServiceLoggingAspect - Выполнение метода: CategoryService.getAllCategories с аргументами: []
2026-04-27 13:22:55.029 [http-nio-8080-exec-3] DEBUG c.r.c.aspect.ServiceLoggingAspect - Метод CategoryService.getAllCategories выполнился за 1 мс
2026-04-27 13:22:55.038 [http-nio-8080-exec-4] DEBUG c.r.c.aspect.ServiceLoggingAspect - Выполнение метода: ShopService.getAllShops с аргументами: [Page request [number: 0, size 5, sort: id: ASC]]
2026-04-27 13:22:55.043 [http-nio-8080-exec-4] DEBUG c.r.c.aspect.ServiceLoggingAspect - Метод ShopService.getAllShops выполнился за 5 мс
2026-04-27 13:22:56.155 [http-nio-8080-exec-5] DEBUG c.r.c.aspect.ServiceLoggingAspect - Выполнение метода: ShopService.getAllShops с аргументами: [Page request [number: 1, size 5, sort: id: ASC]]
2026-04-27 13:22:56.162 [http-nio-8080-exec-5] DEBUG c.r.c.aspect.ServiceLoggingAspect - Метод ShopService.getAllShops выполнился за 6 мс
2026-04-27 13:22:57.109 [http-nio-8080-exec-6] DEBUG c.r.c.aspect.ServiceLoggingAspect - Выполнение метода: ShopService.getAllShops с аргументами: [Page request [number: 0, size 5, sort: id: ASC]]
2026-04-27 13:22:57.115 [http-nio-8080-exec-6] DEBUG c.r.c.aspect.ServiceLoggingAspect - Метод ShopService.getAllShops выполнился за 5 мс
2026-04-27 13:22:57.872 [http-nio-8080-exec-7] DEBUG c.r.c.aspect.ServiceLoggingAspect - Выполнение метода: ShopService.getAllShops с аргументами: [Page request [number: 1, size 5, sort: id: ASC]]
2026-04-27 13:22:57.881 [http-nio-8080-exec-7] DEBUG c.r.c.aspect.ServiceLoggingAspect - Метод ShopService.getAllShops выполнился за 8 мс
2026-04-27 13:23:22.110 [http-nio-8080-exec-8] DEBUG c.r.c.aspect.ServiceLoggingAspect - Выполнение метода: CheeseService.getAllCheeses с аргументами: []
2026-04-27 13:23:22.151 [http-nio-8080-exec-8] DEBUG c.r.c.aspect.ServiceLoggingAspect - Метод CheeseService.getAllCheeses выполнился за 41 мс
2026-04-27 13:23:22.159 [http-nio-8080-exec-9] DEBUG c.r.c.aspect.ServiceLoggingAspect - Выполнение метода: ProducerService.getAllProducers с аргументами: []
2026-04-27 13:23:22.159 [http-nio-8080-exec-9] DEBUG c.r.c.aspect.ServiceLoggingAspect - Метод ProducerService.getAllProducers выполнился за 0 мс
2026-04-27 13:23:22.163 [http-nio-8080-exec-10] DEBUG c.r.c.aspect.ServiceLoggingAspect - Выполнение метода: ShopService.getAllShops с аргументами: [Page request [number: 0, size 200, sort: id: ASC]]
2026-04-27 13:23:22.166 [http-nio-8080-exec-10] DEBUG c.r.c.aspect.ServiceLoggingAspect - Метод ShopService.getAllShops выполнился за 2 мс
2026-04-27 13:23:22.170 [http-nio-8080-exec-1] DEBUG c.r.c.aspect.ServiceLoggingAspect - Выполнение метода: CategoryService.getAllCategories с аргументами: []
2026-04-27 13:23:22.171 [http-nio-8080-exec-1] DEBUG c.r.c.aspect.ServiceLoggingAspect - Метод CategoryService.getAllCategories выполнился за 1 мс
2026-04-27 13:23:22.176 [http-nio-8080-exec-2] DEBUG c.r.c.aspect.ServiceLoggingAspect - Выполнение метода: ShopService.getAllShops с аргументами: [Page request [number: 0, size 5, sort: id: ASC]]
2026-04-27 13:23:22.180 [http-nio-8080-exec-2] DEBUG c.r.c.aspect.ServiceLoggingAspect - Метод ShopService.getAllShops выполнился за 3 мс
2026-04-27 13:23:22.872 [http-nio-8080-exec-3] DEBUG c.r.c.aspect.ServiceLoggingAspect - Выполнение метода: CheeseService.getAllCheeses с аргументами: []
2026-04-27 13:23:22.896 [http-nio-8080-exec-3] DEBUG c.r.c.aspect.ServiceLoggingAspect - Метод CheeseService.getAllCheeses выполнился за 24 мс
2026-04-27 13:23:22.906 [http-nio-8080-exec-4] DEBUG c.r.c.aspect.ServiceLoggingAspect - Выполнение метода: ProducerService.getAllProducers с аргументами: []
2026-04-27 13:23:22.906 [http-nio-8080-exec-4] DEBUG c.r.c.aspect.ServiceLoggingAspect - Метод ProducerService.getAllProducers выполнился за 0 мс
2026-04-27 13:23:22.914 [http-nio-8080-exec-5] DEBUG c.r.c.aspect.ServiceLoggingAspect - Выполнение метода: ShopService.getAllShops с аргументами: [Page request [number: 0, size 200, sort: id: ASC]]
2026-04-27 13:23:22.916 [http-nio-8080-exec-5] DEBUG c.r.c.aspect.ServiceLoggingAspect - Метод ShopService.getAllShops выполнился за 2 мс
2026-04-27 13:23:22.924 [http-nio-8080-exec-6] DEBUG c.r.c.aspect.ServiceLoggingAspect - Выполнение метода: CategoryService.getAllCategories с аргументами: []
2026-04-27 13:23:22.926 [http-nio-8080-exec-6] DEBUG c.r.c.aspect.ServiceLoggingAspect - Метод CategoryService.getAllCategories выполнился за 1 мс
2026-04-27 13:23:22.933 [http-nio-8080-exec-7] DEBUG c.r.c.aspect.ServiceLoggingAspect - Выполнение метода: ShopService.getAllShops с аргументами: [Page request [number: 0, size 5, sort: id: ASC]]
2026-04-27 13:23:22.935 [http-nio-8080-exec-7] DEBUG c.r.c.aspect.ServiceLoggingAspect - Метод ShopService.getAllShops выполнился за 2 мс
2026-04-27 13:23:23.549 [http-nio-8080-exec-8] DEBUG c.r.c.aspect.ServiceLoggingAspect - Выполнение метода: CheeseService.getAllCheeses с аргументами: []
2026-04-27 13:23:23.576 [http-nio-8080-exec-8] DEBUG c.r.c.aspect.ServiceLoggingAspect - Метод CheeseService.getAllCheeses выполнился за 26 мс
2026-04-27 13:23:23.586 [http-nio-8080-exec-9] DEBUG c.r.c.aspect.ServiceLoggingAspect - Выполнение метода: ProducerService.getAllProducers с аргументами: []
2026-04-27 13:23:23.586 [http-nio-8080-exec-9] DEBUG c.r.c.aspect.ServiceLoggingAspect - Метод ProducerService.getAllProducers выполнился за 0 мс
2026-04-27 13:23:23.593 [http-nio-8080-exec-10] DEBUG c.r.c.aspect.ServiceLoggingAspect - Выполнение метода: ShopService.getAllShops с аргументами: [Page request [number: 0, size 200, sort: id: ASC]]
2026-04-27 13:23:23.596 [http-nio-8080-exec-10] DEBUG c.r.c.aspect.ServiceLoggingAspect - Метод ShopService.getAllShops выполнился за 2 мс
2026-04-27 13:23:23.602 [http-nio-8080-exec-1] DEBUG c.r.c.aspect.ServiceLoggingAspect - Выполнение метода: CategoryService.getAllCategories с аргументами: []
2026-04-27 13:23:23.603 [http-nio-8080-exec-1] DEBUG c.r.c.aspect.ServiceLoggingAspect - Метод CategoryService.getAllCategories выполнился за 1 мс
2026-04-27 13:23:23.609 [http-nio-8080-exec-2] DEBUG c.r.c.aspect.ServiceLoggingAspect - Выполнение метода: ShopService.getAllShops с аргументами: [Page request [number: 0, size 5, sort: id: ASC]]
2026-04-27 13:23:23.613 [http-nio-8080-exec-2] DEBUG c.r.c.aspect.ServiceLoggingAspect - Метод ShopService.getAllShops выполнился за 3 мс
2026-04-27 13:23:23.719 [http-nio-8080-exec-3] DEBUG c.r.c.aspect.ServiceLoggingAspect - Выполнение метода: CheeseService.getAllCheeses с аргументами: []
2026-04-27 13:23:23.736 [http-nio-8080-exec-3] DEBUG c.r.c.aspect.ServiceLoggingAspect - Метод CheeseService.getAllCheeses выполнился за 17 мс
2026-04-27 13:23:23.744 [http-nio-8080-exec-4] DEBUG c.r.c.aspect.ServiceLoggingAspect - Выполнение метода: ProducerService.getAllProducers с аргументами: []
2026-04-27 13:23:23.744 [http-nio-8080-exec-4] DEBUG c.r.c.aspect.ServiceLoggingAspect - Метод ProducerService.getAllProducers выполнился за 0 мс
2026-04-27 13:23:23.751 [http-nio-8080-exec-5] DEBUG c.r.c.aspect.ServiceLoggingAspect - Выполнение метода: ShopService.getAllShops с аргументами: [Page request [number: 0, size 200, sort: id: ASC]]
2026-04-27 13:23:23.754 [http-nio-8080-exec-5] DEBUG c.r.c.aspect.ServiceLoggingAspect - Метод ShopService.getAllShops выполнился за 2 мс
2026-04-27 13:23:23.759 [http-nio-8080-exec-6] DEBUG c.r.c.aspect.ServiceLoggingAspect - Выполнение метода: CategoryService.getAllCategories с аргументами: []
2026-04-27 13:23:23.762 [http-nio-8080-exec-6] DEBUG c.r.c.aspect.ServiceLoggingAspect - Метод CategoryService.getAllCategories выполнился за 2 мс
2026-04-27 13:23:23.767 [http-nio-8080-exec-7] DEBUG c.r.c.aspect.ServiceLoggingAspect - Выполнение метода: ShopService.getAllShops с аргументами: [Page request [number: 0, size 5, sort: id: ASC]]
2026-04-27 13:23:23.769 [http-nio-8080-exec-7] DEBUG c.r.c.aspect.ServiceLoggingAspect - Метод ShopService.getAllShops выполнился за 2 мс
2026-04-27 13:23:23.927 [http-nio-8080-exec-8] DEBUG c.r.c.aspect.ServiceLoggingAspect - Выполнение метода: CheeseService.getAllCheeses с аргументами: []
2026-04-27 13:23:23.953 [http-nio-8080-exec-8] DEBUG c.r.c.aspect.ServiceLoggingAspect - Метод CheeseService.getAllCheeses выполнился за 26 мс
2026-04-27 13:23:23.962 [http-nio-8080-exec-9] DEBUG c.r.c.aspect.ServiceLoggingAspect - Выполнение метода: ProducerService.getAllProducers с аргументами: []
2026-04-27 13:23:23.962 [http-nio-8080-exec-9] DEBUG c.r.c.aspect.ServiceLoggingAspect - Метод ProducerService.getAllProducers выполнился за 0 мс
2026-04-27 13:23:23.971 [http-nio-8080-exec-10] DEBUG c.r.c.aspect.ServiceLoggingAspect - Выполнение метода: ShopService.getAllShops с аргументами: [Page request [number: 0, size 200, sort: id: ASC]]
2026-04-27 13:23:23.973 [http-nio-8080-exec-10] DEBUG c.r.c.aspect.ServiceLoggingAspect - Метод ShopService.getAllShops выполнился за 2 мс
2026-04-27 13:23:23.980 [http-nio-8080-exec-1] DEBUG c.r.c.aspect.ServiceLoggingAspect - Выполнение метода: CategoryService.getAllCategories с аргументами: []
2026-04-27 13:23:23.982 [http-nio-8080-exec-1] DEBUG c.r.c.aspect.ServiceLoggingAspect - Метод CategoryService.getAllCategories выполнился за 2 мс
2026-04-27 13:23:23.991 [http-nio-8080-exec-2] DEBUG c.r.c.aspect.ServiceLoggingAspect - Выполнение метода: ShopService.getAllShops с аргументами: [Page request [number: 0, size 5, sort: id: ASC]]
2026-04-27 13:23:23.993 [http-nio-8080-exec-2] DEBUG c.r.c.aspect.ServiceLoggingAspect - Метод ShopService.getAllShops выполнился за 1 мс
2026-04-27 13:23:24.108 [http-nio-8080-exec-3] DEBUG c.r.c.aspect.ServiceLoggingAspect - Выполнение метода: CheeseService.getAllCheeses с аргументами: []
2026-04-27 13:23:24.130 [http-nio-8080-exec-3] DEBUG c.r.c.aspect.ServiceLoggingAspect - Метод CheeseService.getAllCheeses выполнился за 22 мс
2026-04-27 13:23:24.139 [http-nio-8080-exec-4] DEBUG c.r.c.aspect.ServiceLoggingAspect - Выполнение метода: ProducerService.getAllProducers с аргументами: []
2026-04-27 13:23:24.139 [http-nio-8080-exec-4] DEBUG c.r.c.aspect.ServiceLoggingAspect - Метод ProducerService.getAllProducers выполнился за 0 мс
2026-04-27 13:23:24.149 [http-nio-8080-exec-5] DEBUG c.r.c.aspect.ServiceLoggingAspect - Выполнение метода: ShopService.getAllShops с аргументами: [Page request [number: 0, size 200, sort: id: ASC]]
2026-04-27 13:23:24.151 [http-nio-8080-exec-5] DEBUG c.r.c.aspect.ServiceLoggingAspect - Метод ShopService.getAllShops выполнился за 2 мс
2026-04-27 13:23:24.160 [http-nio-8080-exec-6] DEBUG c.r.c.aspect.ServiceLoggingAspect - Выполнение метода: CategoryService.getAllCategories с аргументами: []
2026-04-27 13:23:24.162 [http-nio-8080-exec-6] DEBUG c.r.c.aspect.ServiceLoggingAspect - Метод CategoryService.getAllCategories выполнился за 1 мс
2026-04-27 13:23:24.174 [http-nio-8080-exec-7] DEBUG c.r.c.aspect.ServiceLoggingAspect - Выполнение метода: ShopService.getAllShops с аргументами: [Page request [number: 0, size 5, sort: id: ASC]]
2026-04-27 13:23:24.177 [http-nio-8080-exec-7] DEBUG c.r.c.aspect.ServiceLoggingAspect - Метод ShopService.getAllShops выполнился за 3 мс
2026-04-27 13:23:24.287 [http-nio-8080-exec-8] DEBUG c.r.c.aspect.ServiceLoggingAspect - Выполнение метода: CheeseService.getAllCheeses с аргументами: []
2026-04-27 13:23:24.309 [http-nio-8080-exec-8] DEBUG c.r.c.aspect.ServiceLoggingAspect - Метод CheeseService.getAllCheeses выполнился за 22 мс
2026-04-27 13:23:24.318 [http-nio-8080-exec-9] DEBUG c.r.c.aspect.ServiceLoggingAspect - Выполнение метода: ProducerService.getAllProducers с аргументами: []
2026-04-27 13:23:24.319 [http-nio-8080-exec-9] DEBUG c.r.c.aspect.ServiceLoggingAspect - Метод ProducerService.getAllProducers выполнился за 0 мс
2026-04-27 13:23:24.327 [http-nio-8080-exec-10] DEBUG c.r.c.aspect.ServiceLoggingAspect - Выполнение метода: ShopService.getAllShops с аргументами: [Page request [number: 0, size 200, sort: id: ASC]]
2026-04-27 13:23:24.329 [http-nio-8080-exec-10] DEBUG c.r.c.aspect.ServiceLoggingAspect - Метод ShopService.getAllShops выполнился за 2 мс
2026-04-27 13:23:24.335 [http-nio-8080-exec-1] DEBUG c.r.c.aspect.ServiceLoggingAspect - Выполнение метода: CategoryService.getAllCategories с аргументами: []
2026-04-27 13:23:24.336 [http-nio-8080-exec-1] DEBUG c.r.c.aspect.ServiceLoggingAspect - Метод CategoryService.getAllCategories выполнился за 1 мс
2026-04-27 13:23:24.340 [http-nio-8080-exec-2] DEBUG c.r.c.aspect.ServiceLoggingAspect - Выполнение метода: ShopService.getAllShops с аргументами: [Page request [number: 0, size 5, sort: id: ASC]]
2026-04-27 13:23:24.343 [http-nio-8080-exec-2] DEBUG c.r.c.aspect.ServiceLoggingAspect - Метод ShopService.getAllShops выполнился за 2 мс
2026-04-27 13:23:24.454 [http-nio-8080-exec-3] DEBUG c.r.c.aspect.ServiceLoggingAspect - Выполнение метода: CheeseService.getAllCheeses с аргументами: []
2026-04-27 13:23:24.477 [http-nio-8080-exec-3] DEBUG c.r.c.aspect.ServiceLoggingAspect - Метод CheeseService.getAllCheeses выполнился за 22 мс
2026-04-27 13:23:24.488 [http-nio-8080-exec-4] DEBUG c.r.c.aspect.ServiceLoggingAspect - Выполнение метода: ProducerService.getAllProducers с аргументами: []
2026-04-27 13:23:24.488 [http-nio-8080-exec-4] DEBUG c.r.c.aspect.ServiceLoggingAspect - Метод ProducerService.getAllProducers выполнился за 0 мс
2026-04-27 13:23:24.496 [http-nio-8080-exec-5] DEBUG c.r.c.aspect.ServiceLoggingAspect - Выполнение метода: ShopService.getAllShops с аргументами: [Page request [number: 0, size 200, sort: id: ASC]]
2026-04-27 13:23:24.498 [http-nio-8080-exec-5] DEBUG c.r.c.aspect.ServiceLoggingAspect - Метод ShopService.getAllShops выполнился за 2 мс
2026-04-27 13:23:24.507 [http-nio-8080-exec-6] DEBUG c.r.c.aspect.ServiceLoggingAspect - Выполнение метода: CategoryService.getAllCategories с аргументами: []
2026-04-27 13:23:24.509 [http-nio-8080-exec-6] DEBUG c.r.c.aspect.ServiceLoggingAspect - Метод CategoryService.getAllCategories выполнился за 1 мс
2026-04-27 13:23:24.517 [http-nio-8080-exec-7] DEBUG c.r.c.aspect.ServiceLoggingAspect - Выполнение метода: ShopService.getAllShops с аргументами: [Page request [number: 0, size 5, sort: id: ASC]]
2026-04-27 13:23:24.520 [http-nio-8080-exec-7] DEBUG c.r.c.aspect.ServiceLoggingAspect - Метод ShopService.getAllShops выполнился за 2 мс
2026-04-27 13:23:24.621 [http-nio-8080-exec-8] DEBUG c.r.c.aspect.ServiceLoggingAspect - Выполнение метода: CheeseService.getAllCheeses с аргументами: []
2026-04-27 13:23:24.647 [http-nio-8080-exec-8] DEBUG c.r.c.aspect.ServiceLoggingAspect - Метод CheeseService.getAllCheeses выполнился за 25 мс
2026-04-27 13:23:24.656 [http-nio-8080-exec-9] DEBUG c.r.c.aspect.ServiceLoggingAspect - Выполнение метода: ProducerService.getAllProducers с аргументами: []
2026-04-27 13:23:24.656 [http-nio-8080-exec-9] DEBUG c.r.c.aspect.ServiceLoggingAspect - Метод ProducerService.getAllProducers выполнился за 0 мс
2026-04-27 13:23:24.664 [http-nio-8080-exec-10] DEBUG c.r.c.aspect.ServiceLoggingAspect - Выполнение метода: ShopService.getAllShops с аргументами: [Page request [number: 0, size 200, sort: id: ASC]]
2026-04-27 13:23:24.667 [http-nio-8080-exec-10] DEBUG c.r.c.aspect.ServiceLoggingAspect - Метод ShopService.getAllShops выполнился за 2 мс
2026-04-27 13:23:24.675 [http-nio-8080-exec-1] DEBUG c.r.c.aspect.ServiceLoggingAspect - Выполнение метода: CategoryService.getAllCategories с аргументами: []
2026-04-27 13:23:24.676 [http-nio-8080-exec-1] DEBUG c.r.c.aspect.ServiceLoggingAspect - Метод CategoryService.getAllCategories выполнился за 1 мс
2026-04-27 13:23:24.683 [http-nio-8080-exec-2] DEBUG c.r.c.aspect.ServiceLoggingAspect - Выполнение метода: ShopService.getAllShops с аргументами: [Page request [number: 0, size 5, sort: id: ASC]]
2026-04-27 13:23:24.684 [http-nio-8080-exec-2] DEBUG c.r.c.aspect.ServiceLoggingAspect - Метод ShopService.getAllShops выполнился за 1 мс
2026-04-27 13:23:24.807 [http-nio-8080-exec-3] DEBUG c.r.c.aspect.ServiceLoggingAspect - Выполнение метода: CheeseService.getAllCheeses с аргументами: []
2026-04-27 13:23:24.836 [http-nio-8080-exec-3] DEBUG c.r.c.aspect.ServiceLoggingAspect - Метод CheeseService.getAllCheeses выполнился за 28 мс
2026-04-27 13:23:24.847 [http-nio-8080-exec-4] DEBUG c.r.c.aspect.ServiceLoggingAspect - Выполнение метода: ProducerService.getAllProducers с аргументами: []
2026-04-27 13:23:24.847 [http-nio-8080-exec-4] DEBUG c.r.c.aspect.ServiceLoggingAspect - Метод ProducerService.getAllProducers выполнился за 0 мс
2026-04-27 13:23:24.855 [http-nio-8080-exec-5] DEBUG c.r.c.aspect.ServiceLoggingAspect - Выполнение метода: ShopService.getAllShops с аргументами: [Page request [number: 0, size 200, sort: id: ASC]]
2026-04-27 13:23:24.858 [http-nio-8080-exec-5] DEBUG c.r.c.aspect.ServiceLoggingAspect - Метод ShopService.getAllShops выполнился за 2 мс
2026-04-27 13:23:24.864 [http-nio-8080-exec-6] DEBUG c.r.c.aspect.ServiceLoggingAspect - Выполнение метода: CategoryService.getAllCategories с аргументами: []
2026-04-27 13:23:24.866 [http-nio-8080-exec-6] DEBUG c.r.c.aspect.ServiceLoggingAspect - Метод CategoryService.getAllCategories выполнился за 1 мс
2026-04-27 13:23:24.876 [http-nio-8080-exec-7] DEBUG c.r.c.aspect.ServiceLoggingAspect - Выполнение метода: ShopService.getAllShops с аргументами: [Page request [number: 0, size 5, sort: id: ASC]]
2026-04-27 13:23:24.878 [http-nio-8080-exec-7] DEBUG c.r.c.aspect.ServiceLoggingAspect - Метод ShopService.getAllShops выполнился за 2 мс
2026-04-27 13:23:32.596 [http-nio-8080-exec-8] DEBUG c.r.c.aspect.ServiceLoggingAspect - Выполнение метода: CheeseService.getAllCheesesWithGraph с аргументами: []
2026-04-27 13:23:32.662 [http-nio-8080-exec-8] DEBUG c.r.c.aspect.ServiceLoggingAspect - Метод CheeseService.getAllCheesesWithGraph выполнился за 65 мс
2026-04-27 13:23:44.910 [http-nio-8080-exec-9] DEBUG c.r.c.aspect.ServiceLoggingAspect - Выполнение метода: CheeseService.getAllCheeses с аргументами: []
2026-04-27 13:23:44.949 [http-nio-8080-exec-9] DEBUG c.r.c.aspect.ServiceLoggingAspect - Метод CheeseService.getAllCheeses выполнился за 39 мс
2026-04-27 13:23:44.961 [http-nio-8080-exec-10] DEBUG c.r.c.aspect.ServiceLoggingAspect - Выполнение метода: ProducerService.getAllProducers с аргументами: []
2026-04-27 13:23:44.962 [http-nio-8080-exec-10] DEBUG c.r.c.aspect.ServiceLoggingAspect - Метод ProducerService.getAllProducers выполнился за 0 мс
2026-04-27 13:23:44.974 [http-nio-8080-exec-1] DEBUG c.r.c.aspect.ServiceLoggingAspect - Выполнение метода: ShopService.getAllShops с аргументами: [Page request [number: 0, size 200, sort: id: ASC]]
2026-04-27 13:23:44.985 [http-nio-8080-exec-1] DEBUG c.r.c.aspect.ServiceLoggingAspect - Метод ShopService.getAllShops выполнился за 11 мс
2026-04-27 13:23:45.008 [http-nio-8080-exec-2] DEBUG c.r.c.aspect.ServiceLoggingAspect - Выполнение метода: CategoryService.getAllCategories с аргументами: []
2026-04-27 13:23:45.011 [http-nio-8080-exec-2] DEBUG c.r.c.aspect.ServiceLoggingAspect - Метод CategoryService.getAllCategories выполнился за 3 мс
2026-04-27 13:23:45.016 [http-nio-8080-exec-3] DEBUG c.r.c.aspect.ServiceLoggingAspect - Выполнение метода: ShopService.getAllShops с аргументами: [Page request [number: 0, size 5, sort: id: ASC]]
2026-04-27 13:23:45.018 [http-nio-8080-exec-3] DEBUG c.r.c.aspect.ServiceLoggingAspect - Метод ShopService.getAllShops выполнился за 2 мс
2026-04-27 13:23:47.039 [http-nio-8080-exec-4] DEBUG c.r.c.aspect.ServiceLoggingAspect - Выполнение метода: ShopService.getAllShops с аргументами: [Page request [number: 1, size 5, sort: id: ASC]]
2026-04-27 13:23:47.044 [http-nio-8080-exec-4] DEBUG c.r.c.aspect.ServiceLoggingAspect - Метод ShopService.getAllShops выполнился за 4 мс
2026-04-27 13:23:47.489 [http-nio-8080-exec-5] DEBUG c.r.c.aspect.ServiceLoggingAspect - Выполнение метода: ShopService.getAllShops с аргументами: [Page request [number: 2, size 5, sort: id: ASC]]
2026-04-27 13:23:47.492 [http-nio-8080-exec-5] DEBUG c.r.c.aspect.ServiceLoggingAspect - Метод ShopService.getAllShops выполнился за 3 мс
2026-04-27 13:23:49.006 [http-nio-8080-exec-6] DEBUG c.r.c.aspect.ServiceLoggingAspect - Выполнение метода: ShopService.getAllShops с аргументами: [Page request [number: 1, size 5, sort: id: ASC]]
2026-04-27 13:23:49.012 [http-nio-8080-exec-6] DEBUG c.r.c.aspect.ServiceLoggingAspect - Метод ShopService.getAllShops выполнился за 5 мс
2026-04-27 13:23:49.373 [http-nio-8080-exec-7] DEBUG c.r.c.aspect.ServiceLoggingAspect - Выполнение метода: ShopService.getAllShops с аргументами: [Page request [number: 0, size 5, sort: id: ASC]]
2026-04-27 13:23:49.378 [http-nio-8080-exec-7] DEBUG c.r.c.aspect.ServiceLoggingAspect - Метод ShopService.getAllShops выполнился за 5 мс
2026-04-27 13:25:59.935 [http-nio-8080-exec-8] DEBUG c.r.c.aspect.ServiceLoggingAspect - Выполнение метода: CheeseService.getAllCheesesWithGraph с аргументами: []
2026-04-27 13:26:00.065 [http-nio-8080-exec-8] DEBUG c.r.c.aspect.ServiceLoggingAspect - Метод CheeseService.getAllCheesesWithGraph выполнился за 130 мс
2026-04-27 13:29:54.430 [HikariPool-1:housekeeper] WARN  com.zaxxer.hikari.pool.HikariPool - HikariPool-1 - Thread starvation or clock leap detected (housekeeper delta=3m55s938ms).
2026-04-27 13:30:25.282 [http-nio-8080-exec-9] DEBUG c.r.c.aspect.ServiceLoggingAspect - Выполнение метода: CheeseService.getAllCheeses с аргументами: []
2026-04-27 13:30:25.362 [http-nio-8080-exec-9] DEBUG c.r.c.aspect.ServiceLoggingAspect - Метод CheeseService.getAllCheeses выполнился за 80 мс
2026-04-27 13:30:25.392 [http-nio-8080-exec-10] DEBUG c.r.c.aspect.ServiceLoggingAspect - Выполнение метода: ProducerService.getAllProducers с аргументами: []
2026-04-27 13:30:25.393 [http-nio-8080-exec-10] DEBUG c.r.c.aspect.ServiceLoggingAspect - Метод ProducerService.getAllProducers выполнился за 1 мс
2026-04-27 13:30:25.407 [http-nio-8080-exec-1] DEBUG c.r.c.aspect.ServiceLoggingAspect - Выполнение метода: ShopService.getAllShops с аргументами: [Page request [number: 0, size 200, sort: id: ASC]]
2026-04-27 13:30:25.411 [http-nio-8080-exec-1] DEBUG c.r.c.aspect.ServiceLoggingAspect - Метод ShopService.getAllShops выполнился за 4 мс
2026-04-27 13:30:25.418 [http-nio-8080-exec-2] DEBUG c.r.c.aspect.ServiceLoggingAspect - Выполнение метода: CategoryService.getAllCategories с аргументами: []
2026-04-27 13:30:25.420 [http-nio-8080-exec-2] DEBUG c.r.c.aspect.ServiceLoggingAspect - Метод CategoryService.getAllCategories выполнился за 1 мс
2026-04-27 13:30:25.424 [http-nio-8080-exec-3] DEBUG c.r.c.aspect.ServiceLoggingAspect - Выполнение метода: ShopService.getAllShops с аргументами: [Page request [number: 0, size 5, sort: id: ASC]]
2026-04-27 13:30:25.439 [http-nio-8080-exec-3] DEBUG c.r.c.aspect.ServiceLoggingAspect - Метод ShopService.getAllShops выполнился за 14 мс
2026-04-27 13:30:56.624 [http-nio-8080-exec-4] DEBUG c.r.c.aspect.ServiceLoggingAspect - Выполнение метода: ShopService.getAllShops с аргументами: [Page request [number: 1, size 5, sort: id: ASC]]
2026-04-27 13:30:56.660 [http-nio-8080-exec-4] DEBUG c.r.c.aspect.ServiceLoggingAspect - Метод ShopService.getAllShops выполнился за 35 мс
2026-04-27 13:30:57.370 [http-nio-8080-exec-5] DEBUG c.r.c.aspect.ServiceLoggingAspect - Выполнение метода: ShopService.getAllShops с аргументами: [Page request [number: 2, size 5, sort: id: ASC]]
2026-04-27 13:30:57.380 [http-nio-8080-exec-5] DEBUG c.r.c.aspect.ServiceLoggingAspect - Метод ShopService.getAllShops выполнился за 9 мс
2026-04-27 13:30:58.139 [http-nio-8080-exec-6] DEBUG c.r.c.aspect.ServiceLoggingAspect - Выполнение метода: ShopService.getAllShops с аргументами: [Page request [number: 1, size 5, sort: id: ASC]]
2026-04-27 13:30:58.146 [http-nio-8080-exec-6] DEBUG c.r.c.aspect.ServiceLoggingAspect - Метод ShopService.getAllShops выполнился за 6 мс
2026-04-27 13:30:58.752 [http-nio-8080-exec-7] DEBUG c.r.c.aspect.ServiceLoggingAspect - Выполнение метода: ShopService.getAllShops с аргументами: [Page request [number: 0, size 5, sort: id: ASC]]
2026-04-27 13:30:58.760 [http-nio-8080-exec-7] DEBUG c.r.c.aspect.ServiceLoggingAspect - Метод ShopService.getAllShops выполнился за 7 мс
2026-04-27 13:30:59.603 [http-nio-8080-exec-8] DEBUG c.r.c.aspect.ServiceLoggingAspect - Выполнение метода: ShopService.getAllShops с аргументами: [Page request [number: 1, size 5, sort: id: ASC]]
2026-04-27 13:30:59.611 [http-nio-8080-exec-8] DEBUG c.r.c.aspect.ServiceLoggingAspect - Метод ShopService.getAllShops выполнился за 8 мс
2026-04-27 13:31:00.084 [http-nio-8080-exec-9] DEBUG c.r.c.aspect.ServiceLoggingAspect - Выполнение метода: ShopService.getAllShops с аргументами: [Page request [number: 2, size 5, sort: id: ASC]]
2026-04-27 13:31:00.088 [http-nio-8080-exec-9] DEBUG c.r.c.aspect.ServiceLoggingAspect - Метод ShopService.getAllShops выполнился за 4 мс
2026-04-27 13:31:00.917 [http-nio-8080-exec-10] DEBUG c.r.c.aspect.ServiceLoggingAspect - Выполнение метода: ShopService.getAllShops с аргументами: [Page request [number: 1, size 5, sort: id: ASC]]
2026-04-27 13:31:00.921 [http-nio-8080-exec-10] DEBUG c.r.c.aspect.ServiceLoggingAspect - Метод ShopService.getAllShops выполнился за 4 мс
2026-04-27 13:31:01.217 [http-nio-8080-exec-1] DEBUG c.r.c.aspect.ServiceLoggingAspect - Выполнение метода: ShopService.getAllShops с аргументами: [Page request [number: 0, size 5, sort: id: ASC]]
2026-04-27 13:31:01.221 [http-nio-8080-exec-1] DEBUG c.r.c.aspect.ServiceLoggingAspect - Метод ShopService.getAllShops выполнился за 3 мс
2026-04-27 13:31:01.721 [http-nio-8080-exec-2] DEBUG c.r.c.aspect.ServiceLoggingAspect - Выполнение метода: ShopService.getAllShops с аргументами: [Page request [number: 1, size 5, sort: id: ASC]]
2026-04-27 13:31:01.729 [http-nio-8080-exec-2] DEBUG c.r.c.aspect.ServiceLoggingAspect - Метод ShopService.getAllShops выполнился за 7 мс
2026-04-27 13:31:02.051 [http-nio-8080-exec-3] DEBUG c.r.c.aspect.ServiceLoggingAspect - Выполнение метода: ShopService.getAllShops с аргументами: [Page request [number: 0, size 5, sort: id: ASC]]
2026-04-27 13:31:02.058 [http-nio-8080-exec-3] DEBUG c.r.c.aspect.ServiceLoggingAspect - Метод ShopService.getAllShops выполнился за 7 мс
2026-04-27 13:31:41.528 [http-nio-8080-exec-4] DEBUG c.r.c.aspect.ServiceLoggingAspect - Выполнение метода: CheeseService.getAllCheesesWithGraph с аргументами: []
2026-04-27 13:31:41.552 [http-nio-8080-exec-4] DEBUG c.r.c.aspect.ServiceLoggingAspect - Метод CheeseService.getAllCheesesWithGraph выполнился за 23 мс
2026-04-27 13:31:45.488 [http-nio-8080-exec-5] DEBUG c.r.c.aspect.ServiceLoggingAspect - Выполнение метода: CheeseService.getAllCheeses с аргументами: []
2026-04-27 13:31:45.525 [http-nio-8080-exec-5] DEBUG c.r.c.aspect.ServiceLoggingAspect - Метод CheeseService.getAllCheeses выполнился за 36 мс
2026-04-27 13:31:45.532 [http-nio-8080-exec-6] DEBUG c.r.c.aspect.ServiceLoggingAspect - Выполнение метода: ProducerService.getAllProducers с аргументами: []
2026-04-27 13:31:45.532 [http-nio-8080-exec-6] DEBUG c.r.c.aspect.ServiceLoggingAspect - Метод ProducerService.getAllProducers выполнился за 0 мс
2026-04-27 13:31:45.537 [http-nio-8080-exec-7] DEBUG c.r.c.aspect.ServiceLoggingAspect - Выполнение метода: ShopService.getAllShops с аргументами: [Page request [number: 0, size 200, sort: id: ASC]]
2026-04-27 13:31:45.540 [http-nio-8080-exec-7] DEBUG c.r.c.aspect.ServiceLoggingAspect - Метод ShopService.getAllShops выполнился за 2 мс
2026-04-27 13:31:45.544 [http-nio-8080-exec-8] DEBUG c.r.c.aspect.ServiceLoggingAspect - Выполнение метода: CategoryService.getAllCategories с аргументами: []
2026-04-27 13:31:45.545 [http-nio-8080-exec-8] DEBUG c.r.c.aspect.ServiceLoggingAspect - Метод CategoryService.getAllCategories выполнился за 0 мс
2026-04-27 13:31:45.549 [http-nio-8080-exec-9] DEBUG c.r.c.aspect.ServiceLoggingAspect - Выполнение метода: ShopService.getAllShops с аргументами: [Page request [number: 0, size 5, sort: id: ASC]]
2026-04-27 13:31:45.551 [http-nio-8080-exec-9] DEBUG c.r.c.aspect.ServiceLoggingAspect - Метод ShopService.getAllShops выполнился за 2 мс
2026-04-27 13:31:46.718 [http-nio-8080-exec-10] DEBUG c.r.c.aspect.ServiceLoggingAspect - Выполнение метода: CheeseService.getAllCheeses с аргументами: []
2026-04-27 13:31:46.756 [http-nio-8080-exec-10] DEBUG c.r.c.aspect.ServiceLoggingAspect - Метод CheeseService.getAllCheeses выполнился за 37 мс
2026-04-27 13:31:46.763 [http-nio-8080-exec-1] DEBUG c.r.c.aspect.ServiceLoggingAspect - Выполнение метода: ProducerService.getAllProducers с аргументами: []
2026-04-27 13:31:46.764 [http-nio-8080-exec-1] DEBUG c.r.c.aspect.ServiceLoggingAspect - Метод ProducerService.getAllProducers выполнился за 0 мс
2026-04-27 13:31:46.769 [http-nio-8080-exec-2] DEBUG c.r.c.aspect.ServiceLoggingAspect - Выполнение метода: ShopService.getAllShops с аргументами: [Page request [number: 0, size 200, sort: id: ASC]]
2026-04-27 13:31:46.771 [http-nio-8080-exec-2] DEBUG c.r.c.aspect.ServiceLoggingAspect - Метод ShopService.getAllShops выполнился за 2 мс
2026-04-27 13:31:46.775 [http-nio-8080-exec-3] DEBUG c.r.c.aspect.ServiceLoggingAspect - Выполнение метода: CategoryService.getAllCategories с аргументами: []
2026-04-27 13:31:46.777 [http-nio-8080-exec-3] DEBUG c.r.c.aspect.ServiceLoggingAspect - Метод CategoryService.getAllCategories выполнился за 1 мс
2026-04-27 13:31:46.782 [http-nio-8080-exec-4] DEBUG c.r.c.aspect.ServiceLoggingAspect - Выполнение метода: ShopService.getAllShops с аргументами: [Page request [number: 0, size 5, sort: id: ASC]]
2026-04-27 13:31:46.784 [http-nio-8080-exec-4] DEBUG c.r.c.aspect.ServiceLoggingAspect - Метод ShopService.getAllShops выполнился за 2 мс
2026-04-27 13:35:27.716 [http-nio-8080-exec-5] DEBUG c.r.c.aspect.ServiceLoggingAspect - Выполнение метода: ShopService.getAllShops с аргументами: [Page request [number: 1, size 5, sort: id: ASC]]
2026-04-27 13:35:27.797 [http-nio-8080-exec-5] DEBUG c.r.c.aspect.ServiceLoggingAspect - Метод ShopService.getAllShops выполнился за 81 мс
2026-04-27 13:35:27.914 [http-nio-8080-exec-6] DEBUG c.r.c.aspect.ServiceLoggingAspect - Выполнение метода: ShopService.getAllShops с аргументами: [Page request [number: 2, size 5, sort: id: ASC]]
2026-04-27 13:35:27.916 [http-nio-8080-exec-6] DEBUG c.r.c.aspect.ServiceLoggingAspect - Метод ShopService.getAllShops выполнился за 2 мс
2026-04-27 13:35:28.567 [http-nio-8080-exec-7] DEBUG c.r.c.aspect.ServiceLoggingAspect - Выполнение метода: ShopService.getAllShops с аргументами: [Page request [number: 1, size 5, sort: id: ASC]]
2026-04-27 13:35:28.574 [http-nio-8080-exec-7] DEBUG c.r.c.aspect.ServiceLoggingAspect - Метод ShopService.getAllShops выполнился за 6 мс
2026-04-27 13:35:28.750 [http-nio-8080-exec-8] DEBUG c.r.c.aspect.ServiceLoggingAspect - Выполнение метода: ShopService.getAllShops с аргументами: [Page request [number: 0, size 5, sort: id: ASC]]
2026-04-27 13:35:28.760 [http-nio-8080-exec-8] DEBUG c.r.c.aspect.ServiceLoggingAspect - Метод ShopService.getAllShops выполнился за 9 мс
2026-04-27 13:35:36.040 [http-nio-8080-exec-9] DEBUG c.r.c.aspect.ServiceLoggingAspect - Выполнение метода: CheeseService.getAllCheesesWithGraph с аргументами: []
2026-04-27 13:35:36.108 [http-nio-8080-exec-9] DEBUG c.r.c.aspect.ServiceLoggingAspect - Метод CheeseService.getAllCheesesWithGraph выполнился за 67 мс
2026-04-27 13:35:37.377 [http-nio-8080-exec-10] DEBUG c.r.c.aspect.ServiceLoggingAspect - Выполнение метода: CheeseService.getAllCheeses с аргументами: []
2026-04-27 13:35:37.401 [http-nio-8080-exec-10] DEBUG c.r.c.aspect.ServiceLoggingAspect - Метод CheeseService.getAllCheeses выполнился за 24 мс
2026-04-27 13:35:37.408 [http-nio-8080-exec-1] DEBUG c.r.c.aspect.ServiceLoggingAspect - Выполнение метода: ProducerService.getAllProducers с аргументами: []
2026-04-27 13:35:37.408 [http-nio-8080-exec-1] DEBUG c.r.c.aspect.ServiceLoggingAspect - Метод ProducerService.getAllProducers выполнился за 0 мс
2026-04-27 13:35:37.417 [http-nio-8080-exec-2] DEBUG c.r.c.aspect.ServiceLoggingAspect - Выполнение метода: ShopService.getAllShops с аргументами: [Page request [number: 0, size 200, sort: id: ASC]]
2026-04-27 13:35:37.422 [http-nio-8080-exec-2] DEBUG c.r.c.aspect.ServiceLoggingAspect - Метод ShopService.getAllShops выполнился за 4 мс
2026-04-27 13:35:37.429 [http-nio-8080-exec-3] DEBUG c.r.c.aspect.ServiceLoggingAspect - Выполнение метода: CategoryService.getAllCategories с аргументами: []
2026-04-27 13:35:37.432 [http-nio-8080-exec-3] DEBUG c.r.c.aspect.ServiceLoggingAspect - Метод CategoryService.getAllCategories выполнился за 2 мс
2026-04-27 13:35:37.436 [http-nio-8080-exec-4] DEBUG c.r.c.aspect.ServiceLoggingAspect - Выполнение метода: ShopService.getAllShops с аргументами: [Page request [number: 0, size 5, sort: id: ASC]]
2026-04-27 13:35:37.438 [http-nio-8080-exec-4] DEBUG c.r.c.aspect.ServiceLoggingAspect - Метод ShopService.getAllShops выполнился за 1 мс
2026-04-27 13:37:17.865 [http-nio-8080-exec-5] DEBUG c.r.c.aspect.ServiceLoggingAspect - Выполнение метода: CheeseService.getAllCheeses с аргументами: []
2026-04-27 13:37:17.924 [http-nio-8080-exec-5] DEBUG c.r.c.aspect.ServiceLoggingAspect - Метод CheeseService.getAllCheeses выполнился за 59 мс
2026-04-27 13:37:17.947 [http-nio-8080-exec-6] DEBUG c.r.c.aspect.ServiceLoggingAspect - Выполнение метода: ProducerService.getAllProducers с аргументами: []
2026-04-27 13:37:17.947 [http-nio-8080-exec-6] DEBUG c.r.c.aspect.ServiceLoggingAspect - Метод ProducerService.getAllProducers выполнился за 0 мс
2026-04-27 13:37:17.956 [http-nio-8080-exec-7] DEBUG c.r.c.aspect.ServiceLoggingAspect - Выполнение метода: ShopService.getAllShops с аргументами: [Page request [number: 0, size 200, sort: id: ASC]]
2026-04-27 13:37:17.962 [http-nio-8080-exec-7] DEBUG c.r.c.aspect.ServiceLoggingAspect - Метод ShopService.getAllShops выполнился за 5 мс
2026-04-27 13:37:17.971 [http-nio-8080-exec-8] DEBUG c.r.c.aspect.ServiceLoggingAspect - Выполнение метода: CategoryService.getAllCategories с аргументами: []
2026-04-27 13:37:17.974 [http-nio-8080-exec-8] DEBUG c.r.c.aspect.ServiceLoggingAspect - Метод CategoryService.getAllCategories выполнился за 2 мс
2026-04-27 13:37:17.981 [http-nio-8080-exec-9] DEBUG c.r.c.aspect.ServiceLoggingAspect - Выполнение метода: ShopService.getAllShops с аргументами: [Page request [number: 0, size 5, sort: id: ASC]]
2026-04-27 13:37:17.985 [http-nio-8080-exec-9] DEBUG c.r.c.aspect.ServiceLoggingAspect - Метод ShopService.getAllShops выполнился за 4 мс
2026-04-27 13:40:01.931 [http-nio-8080-exec-10] DEBUG c.r.c.aspect.ServiceLoggingAspect - Выполнение метода: CheeseService.getAllCheeses с аргументами: []
2026-04-27 13:40:02.489 [http-nio-8080-exec-10] INFO  c.r.c.aspect.ServiceLoggingAspect - Метод CheeseService.getAllCheeses выполнился за 556 мс
2026-04-27 13:40:02.502 [http-nio-8080-exec-1] DEBUG c.r.c.aspect.ServiceLoggingAspect - Выполнение метода: ProducerService.getAllProducers с аргументами: []
2026-04-27 13:40:02.502 [http-nio-8080-exec-1] DEBUG c.r.c.aspect.ServiceLoggingAspect - Метод ProducerService.getAllProducers выполнился за 0 мс
2026-04-27 13:40:02.507 [http-nio-8080-exec-2] DEBUG c.r.c.aspect.ServiceLoggingAspect - Выполнение метода: ShopService.getAllShops с аргументами: [Page request [number: 0, size 200, sort: id: ASC]]
2026-04-27 13:40:02.537 [http-nio-8080-exec-2] DEBUG c.r.c.aspect.ServiceLoggingAspect - Метод ShopService.getAllShops выполнился за 30 мс
2026-04-27 13:40:02.543 [http-nio-8080-exec-3] DEBUG c.r.c.aspect.ServiceLoggingAspect - Выполнение метода: CategoryService.getAllCategories с аргументами: []
2026-04-27 13:40:02.545 [http-nio-8080-exec-3] DEBUG c.r.c.aspect.ServiceLoggingAspect - Метод CategoryService.getAllCategories выполнился за 1 мс
2026-04-27 13:40:02.550 [http-nio-8080-exec-4] DEBUG c.r.c.aspect.ServiceLoggingAspect - Выполнение метода: ShopService.getAllShops с аргументами: [Page request [number: 0, size 5, sort: id: ASC]]
2026-04-27 13:40:02.554 [http-nio-8080-exec-4] DEBUG c.r.c.aspect.ServiceLoggingAspect - Метод ShopService.getAllShops выполнился за 3 мс
2026-04-27 13:40:11.846 [http-nio-8080-exec-5] DEBUG c.r.c.aspect.ServiceLoggingAspect - Выполнение метода: CheeseService.getAllCheeses с аргументами: []
2026-04-27 13:40:11.875 [http-nio-8080-exec-5] DEBUG c.r.c.aspect.ServiceLoggingAspect - Метод CheeseService.getAllCheeses выполнился за 29 мс
2026-04-27 13:40:11.892 [http-nio-8080-exec-6] DEBUG c.r.c.aspect.ServiceLoggingAspect - Выполнение метода: ProducerService.getAllProducers с аргументами: []
2026-04-27 13:40:11.892 [http-nio-8080-exec-6] DEBUG c.r.c.aspect.ServiceLoggingAspect - Метод ProducerService.getAllProducers выполнился за 0 мс
2026-04-27 13:40:11.900 [http-nio-8080-exec-7] DEBUG c.r.c.aspect.ServiceLoggingAspect - Выполнение метода: ShopService.getAllShops с аргументами: [Page request [number: 0, size 200, sort: id: ASC]]
2026-04-27 13:40:11.903 [http-nio-8080-exec-7] DEBUG c.r.c.aspect.ServiceLoggingAspect - Метод ShopService.getAllShops выполнился за 3 мс
2026-04-27 13:40:11.911 [http-nio-8080-exec-8] DEBUG c.r.c.aspect.ServiceLoggingAspect - Выполнение метода: CategoryService.getAllCategories с аргументами: []
2026-04-27 13:40:11.913 [http-nio-8080-exec-8] DEBUG c.r.c.aspect.ServiceLoggingAspect - Метод CategoryService.getAllCategories выполнился за 1 мс
2026-04-27 13:40:11.922 [http-nio-8080-exec-9] DEBUG c.r.c.aspect.ServiceLoggingAspect - Выполнение метода: ShopService.getAllShops с аргументами: [Page request [number: 0, size 5, sort: id: ASC]]
2026-04-27 13:40:11.925 [http-nio-8080-exec-9] DEBUG c.r.c.aspect.ServiceLoggingAspect - Метод ShopService.getAllShops выполнился за 2 мс
2026-04-27 13:40:18.046 [http-nio-8080-exec-10] DEBUG c.r.c.aspect.ServiceLoggingAspect - Выполнение метода: CheeseService.getAllCheesesWithGraph с аргументами: []
2026-04-27 13:40:18.062 [http-nio-8080-exec-10] DEBUG c.r.c.aspect.ServiceLoggingAspect - Метод CheeseService.getAllCheesesWithGraph выполнился за 15 мс
2026-04-27 13:40:23.468 [http-nio-8080-exec-1] DEBUG c.r.c.aspect.ServiceLoggingAspect - Выполнение метода: CheeseService.getAllCheesesWithGraph с аргументами: []
2026-04-27 13:40:23.477 [http-nio-8080-exec-1] DEBUG c.r.c.aspect.ServiceLoggingAspect - Метод CheeseService.getAllCheesesWithGraph выполнился за 8 мс
2026-04-27 13:40:28.983 [http-nio-8080-exec-2] DEBUG c.r.c.aspect.ServiceLoggingAspect - Выполнение метода: CheeseService.getAllCheesesWithGraph с аргументами: []
2026-04-27 13:40:28.999 [http-nio-8080-exec-2] DEBUG c.r.c.aspect.ServiceLoggingAspect - Метод CheeseService.getAllCheesesWithGraph выполнился за 15 мс
2026-04-27 13:40:29.522 [http-nio-8080-exec-3] DEBUG c.r.c.aspect.ServiceLoggingAspect - Выполнение метода: ReviewService.getReviewsByCheeseId с аргументами: [3]
2026-04-27 13:40:29.537 [http-nio-8080-exec-3] DEBUG c.r.c.aspect.ServiceLoggingAspect - Метод ReviewService.getReviewsByCheeseId выполнился за 14 мс
2026-04-27 13:40:41.900 [http-nio-8080-exec-4] DEBUG c.r.c.aspect.ServiceLoggingAspect - Выполнение метода: CheeseService.getAllCheesesWithGraph с аргументами: []
2026-04-27 13:40:41.955 [http-nio-8080-exec-4] DEBUG c.r.c.aspect.ServiceLoggingAspect - Метод CheeseService.getAllCheesesWithGraph выполнился за 54 мс
2026-04-27 13:40:42.378 [http-nio-8080-exec-5] DEBUG c.r.c.aspect.ServiceLoggingAspect - Выполнение метода: CheeseService.getAllCheeses с аргументами: []
2026-04-27 13:40:42.428 [http-nio-8080-exec-5] DEBUG c.r.c.aspect.ServiceLoggingAspect - Метод CheeseService.getAllCheeses выполнился за 49 мс
2026-04-27 13:40:42.438 [http-nio-8080-exec-6] DEBUG c.r.c.aspect.ServiceLoggingAspect - Выполнение метода: ProducerService.getAllProducers с аргументами: []
2026-04-27 13:40:42.438 [http-nio-8080-exec-6] DEBUG c.r.c.aspect.ServiceLoggingAspect - Метод ProducerService.getAllProducers выполнился за 0 мс
2026-04-27 13:40:42.444 [http-nio-8080-exec-7] DEBUG c.r.c.aspect.ServiceLoggingAspect - Выполнение метода: ShopService.getAllShops с аргументами: [Page request [number: 0, size 200, sort: id: ASC]]
2026-04-27 13:40:42.447 [http-nio-8080-exec-7] DEBUG c.r.c.aspect.ServiceLoggingAspect - Метод ShopService.getAllShops выполнился за 2 мс
2026-04-27 13:40:42.452 [http-nio-8080-exec-8] DEBUG c.r.c.aspect.ServiceLoggingAspect - Выполнение метода: CategoryService.getAllCategories с аргументами: []
2026-04-27 13:40:42.454 [http-nio-8080-exec-8] DEBUG c.r.c.aspect.ServiceLoggingAspect - Метод CategoryService.getAllCategories выполнился за 1 мс
2026-04-27 13:40:42.465 [http-nio-8080-exec-9] DEBUG c.r.c.aspect.ServiceLoggingAspect - Выполнение метода: ShopService.getAllShops с аргументами: [Page request [number: 0, size 5, sort: id: ASC]]
2026-04-27 13:40:42.468 [http-nio-8080-exec-9] DEBUG c.r.c.aspect.ServiceLoggingAspect - Метод ShopService.getAllShops выполнился за 3 мс
2026-04-27 13:41:00.069 [http-nio-8080-exec-10] DEBUG c.r.c.aspect.ServiceLoggingAspect - Выполнение метода: CheeseService.getAllCheeses с аргументами: []
2026-04-27 13:41:00.098 [http-nio-8080-exec-10] DEBUG c.r.c.aspect.ServiceLoggingAspect - Метод CheeseService.getAllCheeses выполнился за 28 мс
2026-04-27 13:41:00.111 [http-nio-8080-exec-1] DEBUG c.r.c.aspect.ServiceLoggingAspect - Выполнение метода: ProducerService.getAllProducers с аргументами: []
2026-04-27 13:41:00.111 [http-nio-8080-exec-1] DEBUG c.r.c.aspect.ServiceLoggingAspect - Метод ProducerService.getAllProducers выполнился за 0 мс
2026-04-27 13:41:00.120 [http-nio-8080-exec-2] DEBUG c.r.c.aspect.ServiceLoggingAspect - Выполнение метода: ShopService.getAllShops с аргументами: [Page request [number: 0, size 200, sort: id: ASC]]
2026-04-27 13:41:00.124 [http-nio-8080-exec-2] DEBUG c.r.c.aspect.ServiceLoggingAspect - Метод ShopService.getAllShops выполнился за 4 мс
2026-04-27 13:41:00.131 [http-nio-8080-exec-3] DEBUG c.r.c.aspect.ServiceLoggingAspect - Выполнение метода: CategoryService.getAllCategories с аргументами: []
2026-04-27 13:41:00.134 [http-nio-8080-exec-3] DEBUG c.r.c.aspect.ServiceLoggingAspect - Метод CategoryService.getAllCategories выполнился за 2 мс
2026-04-27 13:41:00.140 [http-nio-8080-exec-4] DEBUG c.r.c.aspect.ServiceLoggingAspect - Выполнение метода: ShopService.getAllShops с аргументами: [Page request [number: 0, size 5, sort: id: ASC]]
2026-04-27 13:41:00.146 [http-nio-8080-exec-4] DEBUG c.r.c.aspect.ServiceLoggingAspect - Метод ShopService.getAllShops выполнился за 6 мс
2026-04-27 13:41:00.709 [http-nio-8080-exec-5] DEBUG c.r.c.aspect.ServiceLoggingAspect - Выполнение метода: CheeseService.getAllCheeses с аргументами: []
2026-04-27 13:41:00.732 [http-nio-8080-exec-5] DEBUG c.r.c.aspect.ServiceLoggingAspect - Метод CheeseService.getAllCheeses выполнился за 22 мс
2026-04-27 13:41:00.749 [http-nio-8080-exec-6] DEBUG c.r.c.aspect.ServiceLoggingAspect - Выполнение метода: ProducerService.getAllProducers с аргументами: []
2026-04-27 13:41:00.749 [http-nio-8080-exec-6] DEBUG c.r.c.aspect.ServiceLoggingAspect - Метод ProducerService.getAllProducers выполнился за 0 мс
2026-04-27 13:41:00.756 [http-nio-8080-exec-7] DEBUG c.r.c.aspect.ServiceLoggingAspect - Выполнение метода: ShopService.getAllShops с аргументами: [Page request [number: 0, size 200, sort: id: ASC]]
2026-04-27 13:41:00.759 [http-nio-8080-exec-7] DEBUG c.r.c.aspect.ServiceLoggingAspect - Метод ShopService.getAllShops выполнился за 2 мс
2026-04-27 13:41:00.766 [http-nio-8080-exec-8] DEBUG c.r.c.aspect.ServiceLoggingAspect - Выполнение метода: CategoryService.getAllCategories с аргументами: []
2026-04-27 13:41:00.768 [http-nio-8080-exec-8] DEBUG c.r.c.aspect.ServiceLoggingAspect - Метод CategoryService.getAllCategories выполнился за 1 мс
2026-04-27 13:41:00.775 [http-nio-8080-exec-9] DEBUG c.r.c.aspect.ServiceLoggingAspect - Выполнение метода: ShopService.getAllShops с аргументами: [Page request [number: 0, size 5, sort: id: ASC]]
2026-04-27 13:41:00.779 [http-nio-8080-exec-9] DEBUG c.r.c.aspect.ServiceLoggingAspect - Метод ShopService.getAllShops выполнился за 4 мс
2026-04-27 13:41:03.885 [http-nio-8080-exec-10] DEBUG c.r.c.aspect.ServiceLoggingAspect - Выполнение метода: CheeseService.getAllCheeses с аргументами: []
2026-04-27 13:41:03.911 [http-nio-8080-exec-10] DEBUG c.r.c.aspect.ServiceLoggingAspect - Метод CheeseService.getAllCheeses выполнился за 25 мс
2026-04-27 13:41:03.920 [http-nio-8080-exec-1] DEBUG c.r.c.aspect.ServiceLoggingAspect - Выполнение метода: ProducerService.getAllProducers с аргументами: []
2026-04-27 13:41:03.920 [http-nio-8080-exec-1] DEBUG c.r.c.aspect.ServiceLoggingAspect - Метод ProducerService.getAllProducers выполнился за 0 мс
2026-04-27 13:41:03.928 [http-nio-8080-exec-2] DEBUG c.r.c.aspect.ServiceLoggingAspect - Выполнение метода: ShopService.getAllShops с аргументами: [Page request [number: 0, size 200, sort: id: ASC]]
2026-04-27 13:41:03.931 [http-nio-8080-exec-2] DEBUG c.r.c.aspect.ServiceLoggingAspect - Метод ShopService.getAllShops выполнился за 3 мс
2026-04-27 13:41:03.938 [http-nio-8080-exec-3] DEBUG c.r.c.aspect.ServiceLoggingAspect - Выполнение метода: CategoryService.getAllCategories с аргументами: []
2026-04-27 13:41:03.940 [http-nio-8080-exec-3] DEBUG c.r.c.aspect.ServiceLoggingAspect - Метод CategoryService.getAllCategories выполнился за 1 мс
2026-04-27 13:41:03.946 [http-nio-8080-exec-4] DEBUG c.r.c.aspect.ServiceLoggingAspect - Выполнение метода: ShopService.getAllShops с аргументами: [Page request [number: 0, size 5, sort: id: ASC]]
2026-04-27 13:41:03.949 [http-nio-8080-exec-4] DEBUG c.r.c.aspect.ServiceLoggingAspect - Метод ShopService.getAllShops выполнился за 2 мс
2026-04-27 13:41:04.413 [http-nio-8080-exec-5] DEBUG c.r.c.aspect.ServiceLoggingAspect - Выполнение метода: CheeseService.getAllCheeses с аргументами: []
2026-04-27 13:41:04.442 [http-nio-8080-exec-5] DEBUG c.r.c.aspect.ServiceLoggingAspect - Метод CheeseService.getAllCheeses выполнился за 29 мс
2026-04-27 13:41:04.451 [http-nio-8080-exec-6] DEBUG c.r.c.aspect.ServiceLoggingAspect - Выполнение метода: ProducerService.getAllProducers с аргументами: []
2026-04-27 13:41:04.451 [http-nio-8080-exec-6] DEBUG c.r.c.aspect.ServiceLoggingAspect - Метод ProducerService.getAllProducers выполнился за 0 мс
2026-04-27 13:41:04.459 [http-nio-8080-exec-7] DEBUG c.r.c.aspect.ServiceLoggingAspect - Выполнение метода: ShopService.getAllShops с аргументами: [Page request [number: 0, size 200, sort: id: ASC]]
2026-04-27 13:41:04.461 [http-nio-8080-exec-7] DEBUG c.r.c.aspect.ServiceLoggingAspect - Метод ShopService.getAllShops выполнился за 2 мс
2026-04-27 13:41:04.470 [http-nio-8080-exec-8] DEBUG c.r.c.aspect.ServiceLoggingAspect - Выполнение метода: CategoryService.getAllCategories с аргументами: []
2026-04-27 13:41:04.471 [http-nio-8080-exec-8] DEBUG c.r.c.aspect.ServiceLoggingAspect - Метод CategoryService.getAllCategories выполнился за 1 мс
2026-04-27 13:41:04.480 [http-nio-8080-exec-9] DEBUG c.r.c.aspect.ServiceLoggingAspect - Выполнение метода: ShopService.getAllShops с аргументами: [Page request [number: 0, size 5, sort: id: ASC]]
2026-04-27 13:41:04.482 [http-nio-8080-exec-9] DEBUG c.r.c.aspect.ServiceLoggingAspect - Метод ShopService.getAllShops выполнился за 2 мс
2026-04-27 13:41:04.614 [http-nio-8080-exec-10] DEBUG c.r.c.aspect.ServiceLoggingAspect - Выполнение метода: CheeseService.getAllCheeses с аргументами: []
2026-04-27 13:41:04.654 [http-nio-8080-exec-10] DEBUG c.r.c.aspect.ServiceLoggingAspect - Метод CheeseService.getAllCheeses выполнился за 40 мс
2026-04-27 13:41:04.672 [http-nio-8080-exec-1] DEBUG c.r.c.aspect.ServiceLoggingAspect - Выполнение метода: ProducerService.getAllProducers с аргументами: []
2026-04-27 13:41:04.672 [http-nio-8080-exec-1] DEBUG c.r.c.aspect.ServiceLoggingAspect - Метод ProducerService.getAllProducers выполнился за 0 мс
2026-04-27 13:41:04.685 [http-nio-8080-exec-2] DEBUG c.r.c.aspect.ServiceLoggingAspect - Выполнение метода: ShopService.getAllShops с аргументами: [Page request [number: 0, size 200, sort: id: ASC]]
2026-04-27 13:41:04.688 [http-nio-8080-exec-2] DEBUG c.r.c.aspect.ServiceLoggingAspect - Метод ShopService.getAllShops выполнился за 3 мс
2026-04-27 13:41:04.696 [http-nio-8080-exec-3] DEBUG c.r.c.aspect.ServiceLoggingAspect - Выполнение метода: CategoryService.getAllCategories с аргументами: []
2026-04-27 13:41:04.698 [http-nio-8080-exec-3] DEBUG c.r.c.aspect.ServiceLoggingAspect - Метод CategoryService.getAllCategories выполнился за 2 мс
2026-04-27 13:41:04.704 [http-nio-8080-exec-4] DEBUG c.r.c.aspect.ServiceLoggingAspect - Выполнение метода: ShopService.getAllShops с аргументами: [Page request [number: 0, size 5, sort: id: ASC]]
2026-04-27 13:41:04.707 [http-nio-8080-exec-4] DEBUG c.r.c.aspect.ServiceLoggingAspect - Метод ShopService.getAllShops выполнился за 2 мс
2026-04-27 13:41:04.949 [http-nio-8080-exec-5] DEBUG c.r.c.aspect.ServiceLoggingAspect - Выполнение метода: CheeseService.getAllCheeses с аргументами: []
2026-04-27 13:41:04.974 [http-nio-8080-exec-5] DEBUG c.r.c.aspect.ServiceLoggingAspect - Метод CheeseService.getAllCheeses выполнился за 24 мс
2026-04-27 13:41:04.983 [http-nio-8080-exec-6] DEBUG c.r.c.aspect.ServiceLoggingAspect - Выполнение метода: ProducerService.getAllProducers с аргументами: []
2026-04-27 13:41:04.984 [http-nio-8080-exec-6] DEBUG c.r.c.aspect.ServiceLoggingAspect - Метод ProducerService.getAllProducers выполнился за 0 мс
2026-04-27 13:41:04.992 [http-nio-8080-exec-7] DEBUG c.r.c.aspect.ServiceLoggingAspect - Выполнение метода: ShopService.getAllShops с аргументами: [Page request [number: 0, size 200, sort: id: ASC]]
2026-04-27 13:41:04.994 [http-nio-8080-exec-7] DEBUG c.r.c.aspect.ServiceLoggingAspect - Метод ShopService.getAllShops выполнился за 2 мс
2026-04-27 13:41:05.003 [http-nio-8080-exec-8] DEBUG c.r.c.aspect.ServiceLoggingAspect - Выполнение метода: CategoryService.getAllCategories с аргументами: []
2026-04-27 13:41:05.005 [http-nio-8080-exec-8] DEBUG c.r.c.aspect.ServiceLoggingAspect - Метод CategoryService.getAllCategories выполнился за 1 мс
2026-04-27 13:41:05.011 [http-nio-8080-exec-9] DEBUG c.r.c.aspect.ServiceLoggingAspect - Выполнение метода: ShopService.getAllShops с аргументами: [Page request [number: 0, size 5, sort: id: ASC]]
2026-04-27 13:41:05.015 [http-nio-8080-exec-9] DEBUG c.r.c.aspect.ServiceLoggingAspect - Метод ShopService.getAllShops выполнился за 3 мс
2026-04-27 13:41:05.265 [http-nio-8080-exec-10] DEBUG c.r.c.aspect.ServiceLoggingAspect - Выполнение метода: CheeseService.getAllCheeses с аргументами: []
2026-04-27 13:41:05.284 [http-nio-8080-exec-10] DEBUG c.r.c.aspect.ServiceLoggingAspect - Метод CheeseService.getAllCheeses выполнился за 18 мс
2026-04-27 13:41:05.292 [http-nio-8080-exec-1] DEBUG c.r.c.aspect.ServiceLoggingAspect - Выполнение метода: ProducerService.getAllProducers с аргументами: []
2026-04-27 13:41:05.292 [http-nio-8080-exec-1] DEBUG c.r.c.aspect.ServiceLoggingAspect - Метод ProducerService.getAllProducers выполнился за 0 мс
2026-04-27 13:41:05.298 [http-nio-8080-exec-2] DEBUG c.r.c.aspect.ServiceLoggingAspect - Выполнение метода: ShopService.getAllShops с аргументами: [Page request [number: 0, size 200, sort: id: ASC]]
2026-04-27 13:41:05.300 [http-nio-8080-exec-2] DEBUG c.r.c.aspect.ServiceLoggingAspect - Метод ShopService.getAllShops выполнился за 1 мс
2026-04-27 13:41:05.306 [http-nio-8080-exec-3] DEBUG c.r.c.aspect.ServiceLoggingAspect - Выполнение метода: CategoryService.getAllCategories с аргументами: []
2026-04-27 13:41:05.308 [http-nio-8080-exec-3] DEBUG c.r.c.aspect.ServiceLoggingAspect - Метод CategoryService.getAllCategories выполнился за 1 мс
2026-04-27 13:41:05.315 [http-nio-8080-exec-4] DEBUG c.r.c.aspect.ServiceLoggingAspect - Выполнение метода: ShopService.getAllShops с аргументами: [Page request [number: 0, size 5, sort: id: ASC]]
2026-04-27 13:41:05.318 [http-nio-8080-exec-4] DEBUG c.r.c.aspect.ServiceLoggingAspect - Метод ShopService.getAllShops выполнился за 2 мс
2026-04-27 13:42:48.868 [http-nio-8080-exec-5] DEBUG c.r.c.aspect.ServiceLoggingAspect - Выполнение метода: CheeseService.getAllCheeses с аргументами: []
2026-04-27 13:42:48.927 [http-nio-8080-exec-5] DEBUG c.r.c.aspect.ServiceLoggingAspect - Метод CheeseService.getAllCheeses выполнился за 59 мс
2026-04-27 13:42:48.954 [http-nio-8080-exec-6] DEBUG c.r.c.aspect.ServiceLoggingAspect - Выполнение метода: ProducerService.getAllProducers с аргументами: []
2026-04-27 13:42:48.954 [http-nio-8080-exec-6] DEBUG c.r.c.aspect.ServiceLoggingAspect - Метод ProducerService.getAllProducers выполнился за 0 мс
2026-04-27 13:42:49.014 [http-nio-8080-exec-7] DEBUG c.r.c.aspect.ServiceLoggingAspect - Выполнение метода: ShopService.getAllShops с аргументами: [Page request [number: 0, size 200, sort: id: ASC]]
2026-04-27 13:42:49.018 [http-nio-8080-exec-7] DEBUG c.r.c.aspect.ServiceLoggingAspect - Метод ShopService.getAllShops выполнился за 4 мс
2026-04-27 13:42:49.025 [http-nio-8080-exec-8] DEBUG c.r.c.aspect.ServiceLoggingAspect - Выполнение метода: CategoryService.getAllCategories с аргументами: []
2026-04-27 13:42:49.026 [http-nio-8080-exec-8] DEBUG c.r.c.aspect.ServiceLoggingAspect - Метод CategoryService.getAllCategories выполнился за 0 мс
2026-04-27 13:42:49.032 [http-nio-8080-exec-9] DEBUG c.r.c.aspect.ServiceLoggingAspect - Выполнение метода: ShopService.getAllShops с аргументами: [Page request [number: 0, size 5, sort: id: ASC]]
2026-04-27 13:42:49.036 [http-nio-8080-exec-9] DEBUG c.r.c.aspect.ServiceLoggingAspect - Метод ShopService.getAllShops выполнился за 4 мс
2026-04-27 13:44:36.873 [http-nio-8080-exec-10] DEBUG c.r.c.aspect.ServiceLoggingAspect - Выполнение метода: CheeseService.getAllCheeses с аргументами: []
2026-04-27 13:44:36.924 [http-nio-8080-exec-10] DEBUG c.r.c.aspect.ServiceLoggingAspect - Метод CheeseService.getAllCheeses выполнился за 51 мс
2026-04-27 13:44:36.942 [http-nio-8080-exec-1] DEBUG c.r.c.aspect.ServiceLoggingAspect - Выполнение метода: ProducerService.getAllProducers с аргументами: []
2026-04-27 13:44:36.943 [http-nio-8080-exec-1] DEBUG c.r.c.aspect.ServiceLoggingAspect - Метод ProducerService.getAllProducers выполнился за 0 мс
2026-04-27 13:44:36.954 [http-nio-8080-exec-2] DEBUG c.r.c.aspect.ServiceLoggingAspect - Выполнение метода: ShopService.getAllShops с аргументами: [Page request [number: 0, size 200, sort: id: ASC]]
2026-04-27 13:44:36.972 [http-nio-8080-exec-2] DEBUG c.r.c.aspect.ServiceLoggingAspect - Метод ShopService.getAllShops выполнился за 17 мс
2026-04-27 13:44:36.979 [http-nio-8080-exec-3] DEBUG c.r.c.aspect.ServiceLoggingAspect - Выполнение метода: CategoryService.getAllCategories с аргументами: []
2026-04-27 13:44:36.981 [http-nio-8080-exec-3] DEBUG c.r.c.aspect.ServiceLoggingAspect - Метод CategoryService.getAllCategories выполнился за 2 мс
2026-04-27 13:44:36.986 [http-nio-8080-exec-4] DEBUG c.r.c.aspect.ServiceLoggingAspect - Выполнение метода: ShopService.getAllShops с аргументами: [Page request [number: 0, size 5, sort: id: ASC]]
2026-04-27 13:44:36.991 [http-nio-8080-exec-4] DEBUG c.r.c.aspect.ServiceLoggingAspect - Метод ShopService.getAllShops выполнился за 4 мс
2026-04-27 13:44:58.868 [http-nio-8080-exec-5] DEBUG c.r.c.aspect.ServiceLoggingAspect - Выполнение метода: CheeseService.getAllCheeses с аргументами: []
2026-04-27 13:44:58.914 [http-nio-8080-exec-5] DEBUG c.r.c.aspect.ServiceLoggingAspect - Метод CheeseService.getAllCheeses выполнился за 46 мс
2026-04-27 13:44:58.925 [http-nio-8080-exec-6] DEBUG c.r.c.aspect.ServiceLoggingAspect - Выполнение метода: ProducerService.getAllProducers с аргументами: []
2026-04-27 13:44:58.926 [http-nio-8080-exec-6] DEBUG c.r.c.aspect.ServiceLoggingAspect - Метод ProducerService.getAllProducers выполнился за 0 мс
2026-04-27 13:44:58.936 [http-nio-8080-exec-7] DEBUG c.r.c.aspect.ServiceLoggingAspect - Выполнение метода: ShopService.getAllShops с аргументами: [Page request [number: 0, size 200, sort: id: ASC]]
2026-04-27 13:44:58.940 [http-nio-8080-exec-7] DEBUG c.r.c.aspect.ServiceLoggingAspect - Метод ShopService.getAllShops выполнился за 4 мс
2026-04-27 13:44:58.950 [http-nio-8080-exec-8] DEBUG c.r.c.aspect.ServiceLoggingAspect - Выполнение метода: CategoryService.getAllCategories с аргументами: []
2026-04-27 13:44:58.952 [http-nio-8080-exec-8] DEBUG c.r.c.aspect.ServiceLoggingAspect - Метод CategoryService.getAllCategories выполнился за 2 мс
2026-04-27 13:44:58.961 [http-nio-8080-exec-9] DEBUG c.r.c.aspect.ServiceLoggingAspect - Выполнение метода: ShopService.getAllShops с аргументами: [Page request [number: 0, size 5, sort: id: ASC]]
2026-04-27 13:44:58.964 [http-nio-8080-exec-9] DEBUG c.r.c.aspect.ServiceLoggingAspect - Метод ShopService.getAllShops выполнился за 2 мс
2026-04-27 13:45:25.867 [http-nio-8080-exec-10] DEBUG c.r.c.aspect.ServiceLoggingAspect - Выполнение метода: CheeseService.getAllCheeses с аргументами: []
2026-04-27 13:45:25.903 [http-nio-8080-exec-10] DEBUG c.r.c.aspect.ServiceLoggingAspect - Метод CheeseService.getAllCheeses выполнился за 36 мс
2026-04-27 13:45:25.918 [http-nio-8080-exec-1] DEBUG c.r.c.aspect.ServiceLoggingAspect - Выполнение метода: ProducerService.getAllProducers с аргументами: []
2026-04-27 13:45:25.918 [http-nio-8080-exec-1] DEBUG c.r.c.aspect.ServiceLoggingAspect - Метод ProducerService.getAllProducers выполнился за 0 мс
2026-04-27 13:45:25.927 [http-nio-8080-exec-2] DEBUG c.r.c.aspect.ServiceLoggingAspect - Выполнение метода: ShopService.getAllShops с аргументами: [Page request [number: 0, size 200, sort: id: ASC]]
2026-04-27 13:45:25.931 [http-nio-8080-exec-2] DEBUG c.r.c.aspect.ServiceLoggingAspect - Метод ShopService.getAllShops выполнился за 3 мс
2026-04-27 13:45:25.943 [http-nio-8080-exec-3] DEBUG c.r.c.aspect.ServiceLoggingAspect - Выполнение метода: CategoryService.getAllCategories с аргументами: []
2026-04-27 13:45:25.944 [http-nio-8080-exec-3] DEBUG c.r.c.aspect.ServiceLoggingAspect - Метод CategoryService.getAllCategories выполнился за 1 мс
2026-04-27 13:45:25.953 [http-nio-8080-exec-4] DEBUG c.r.c.aspect.ServiceLoggingAspect - Выполнение метода: ShopService.getAllShops с аргументами: [Page request [number: 0, size 5, sort: id: ASC]]
2026-04-27 13:45:25.956 [http-nio-8080-exec-4] DEBUG c.r.c.aspect.ServiceLoggingAspect - Метод ShopService.getAllShops выполнился за 3 мс
2026-04-27 13:45:34.858 [http-nio-8080-exec-5] DEBUG c.r.c.aspect.ServiceLoggingAspect - Выполнение метода: CheeseService.getAllCheeses с аргументами: []
2026-04-27 13:45:34.879 [http-nio-8080-exec-5] DEBUG c.r.c.aspect.ServiceLoggingAspect - Метод CheeseService.getAllCheeses выполнился за 20 мс
2026-04-27 13:45:34.885 [http-nio-8080-exec-6] DEBUG c.r.c.aspect.ServiceLoggingAspect - Выполнение метода: ProducerService.getAllProducers с аргументами: []
2026-04-27 13:45:34.885 [http-nio-8080-exec-6] DEBUG c.r.c.aspect.ServiceLoggingAspect - Метод ProducerService.getAllProducers выполнился за 0 мс
2026-04-27 13:45:34.893 [http-nio-8080-exec-7] DEBUG c.r.c.aspect.ServiceLoggingAspect - Выполнение метода: ShopService.getAllShops с аргументами: [Page request [number: 0, size 200, sort: id: ASC]]
2026-04-27 13:45:34.896 [http-nio-8080-exec-7] DEBUG c.r.c.aspect.ServiceLoggingAspect - Метод ShopService.getAllShops выполнился за 2 мс
2026-04-27 13:45:34.902 [http-nio-8080-exec-8] DEBUG c.r.c.aspect.ServiceLoggingAspect - Выполнение метода: CategoryService.getAllCategories с аргументами: []
2026-04-27 13:45:34.903 [http-nio-8080-exec-8] DEBUG c.r.c.aspect.ServiceLoggingAspect - Метод CategoryService.getAllCategories выполнился за 1 мс
2026-04-27 13:45:34.908 [http-nio-8080-exec-9] DEBUG c.r.c.aspect.ServiceLoggingAspect - Выполнение метода: ShopService.getAllShops с аргументами: [Page request [number: 0, size 5, sort: id: ASC]]
2026-04-27 13:45:34.910 [http-nio-8080-exec-9] DEBUG c.r.c.aspect.ServiceLoggingAspect - Метод ShopService.getAllShops выполнился за 2 мс
2026-04-27 13:45:42.865 [http-nio-8080-exec-10] DEBUG c.r.c.aspect.ServiceLoggingAspect - Выполнение метода: CheeseService.getAllCheeses с аргументами: []
2026-04-27 13:45:42.907 [http-nio-8080-exec-10] DEBUG c.r.c.aspect.ServiceLoggingAspect - Метод CheeseService.getAllCheeses выполнился за 42 мс
2026-04-27 13:45:42.923 [http-nio-8080-exec-1] DEBUG c.r.c.aspect.ServiceLoggingAspect - Выполнение метода: ProducerService.getAllProducers с аргументами: []
2026-04-27 13:45:42.923 [http-nio-8080-exec-1] DEBUG c.r.c.aspect.ServiceLoggingAspect - Метод ProducerService.getAllProducers выполнился за 0 мс
2026-04-27 13:45:42.928 [http-nio-8080-exec-2] DEBUG c.r.c.aspect.ServiceLoggingAspect - Выполнение метода: ShopService.getAllShops с аргументами: [Page request [number: 0, size 200, sort: id: ASC]]
2026-04-27 13:45:42.932 [http-nio-8080-exec-2] DEBUG c.r.c.aspect.ServiceLoggingAspect - Метод ShopService.getAllShops выполнился за 3 мс
2026-04-27 13:45:42.937 [http-nio-8080-exec-3] DEBUG c.r.c.aspect.ServiceLoggingAspect - Выполнение метода: CategoryService.getAllCategories с аргументами: []
2026-04-27 13:45:42.938 [http-nio-8080-exec-3] DEBUG c.r.c.aspect.ServiceLoggingAspect - Метод CategoryService.getAllCategories выполнился за 1 мс
2026-04-27 13:45:42.946 [http-nio-8080-exec-4] DEBUG c.r.c.aspect.ServiceLoggingAspect - Выполнение метода: ShopService.getAllShops с аргументами: [Page request [number: 0, size 5, sort: id: ASC]]
2026-04-27 13:45:42.975 [http-nio-8080-exec-4] DEBUG c.r.c.aspect.ServiceLoggingAspect - Метод ShopService.getAllShops выполнился за 29 мс
2026-04-27 13:46:53.873 [http-nio-8080-exec-5] DEBUG c.r.c.aspect.ServiceLoggingAspect - Выполнение метода: CheeseService.getAllCheeses с аргументами: []
2026-04-27 13:46:53.930 [http-nio-8080-exec-5] DEBUG c.r.c.aspect.ServiceLoggingAspect - Метод CheeseService.getAllCheeses выполнился за 57 мс
2026-04-27 13:46:53.950 [http-nio-8080-exec-6] DEBUG c.r.c.aspect.ServiceLoggingAspect - Выполнение метода: ProducerService.getAllProducers с аргументами: []
2026-04-27 13:46:53.950 [http-nio-8080-exec-6] DEBUG c.r.c.aspect.ServiceLoggingAspect - Метод ProducerService.getAllProducers выполнился за 0 мс
2026-04-27 13:46:53.955 [http-nio-8080-exec-7] DEBUG c.r.c.aspect.ServiceLoggingAspect - Выполнение метода: ShopService.getAllShops с аргументами: [Page request [number: 0, size 200, sort: id: ASC]]
2026-04-27 13:46:53.958 [http-nio-8080-exec-7] DEBUG c.r.c.aspect.ServiceLoggingAspect - Метод ShopService.getAllShops выполнился за 2 мс
2026-04-27 13:46:53.964 [http-nio-8080-exec-8] DEBUG c.r.c.aspect.ServiceLoggingAspect - Выполнение метода: CategoryService.getAllCategories с аргументами: []
2026-04-27 13:46:53.966 [http-nio-8080-exec-8] DEBUG c.r.c.aspect.ServiceLoggingAspect - Метод CategoryService.getAllCategories выполнился за 1 мс
2026-04-27 13:46:53.971 [http-nio-8080-exec-9] DEBUG c.r.c.aspect.ServiceLoggingAspect - Выполнение метода: ShopService.getAllShops с аргументами: [Page request [number: 0, size 5, sort: id: ASC]]
2026-04-27 13:46:53.990 [http-nio-8080-exec-9] DEBUG c.r.c.aspect.ServiceLoggingAspect - Метод ShopService.getAllShops выполнился за 18 мс
2026-04-27 13:47:33.785 [http-nio-8080-exec-10] DEBUG c.r.c.aspect.ServiceLoggingAspect - Выполнение метода: ProducerService.createProducer с аргументами: [ProducerRequestDto(name=123, country=123, description=123)]
2026-04-27 13:47:33.850 [http-nio-8080-exec-10] DEBUG c.r.c.aspect.ServiceLoggingAspect - Метод ProducerService.createProducer выполнился за 64 мс
2026-04-27 13:47:37.170 [http-nio-8080-exec-1] DEBUG c.r.c.aspect.ServiceLoggingAspect - Выполнение метода: ShopService.createShop с аргументами: [ShopRequestDto(name=123, address=123, phone=123)]
2026-04-27 13:47:37.190 [http-nio-8080-exec-1] DEBUG c.r.c.aspect.ServiceLoggingAspect - Метод ShopService.createShop выполнился за 19 мс
2026-04-27 13:47:47.447 [http-nio-8080-exec-2] DEBUG c.r.c.aspect.ServiceLoggingAspect - Выполнение метода: CheeseService.createCheese с аргументами: [12, 12, CheeseRequestDto(name=123, fats=12.0, description=123, price=123.0)]
2026-04-27 13:47:47.471 [http-nio-8080-exec-2] DEBUG c.r.c.aspect.ServiceLoggingAspect - Метод CheeseService.createCheese выполнился за 23 мс
2026-04-27 13:47:47.490 [http-nio-8080-exec-3] DEBUG c.r.c.aspect.ServiceLoggingAspect - Выполнение метода: CategoryService.createCategory с аргументами: [15, CategoryRequestDto(name=Твердый, description=Твердые сыры)]
2026-04-27 13:47:47.496 [http-nio-8080-exec-3] DEBUG c.r.c.aspect.ServiceLoggingAspect - Метод CategoryService.createCategory выполнился за 6 мс
2026-04-27 13:47:47.506 [http-nio-8080-exec-4] DEBUG c.r.c.aspect.ServiceLoggingAspect - Выполнение метода: CategoryService.createCategory с аргументами: [15, CategoryRequestDto(name=Мягкий, description=)]
2026-04-27 13:47:47.510 [http-nio-8080-exec-4] DEBUG c.r.c.aspect.ServiceLoggingAspect - Метод CategoryService.createCategory выполнился за 4 мс
2026-04-27 13:47:47.518 [http-nio-8080-exec-5] DEBUG c.r.c.aspect.ServiceLoggingAspect - Выполнение метода: CheeseService.getAllCheeses с аргументами: []
2026-04-27 13:47:47.536 [http-nio-8080-exec-5] DEBUG c.r.c.aspect.ServiceLoggingAspect - Метод CheeseService.getAllCheeses выполнился за 17 мс
2026-04-27 13:47:47.562 [http-nio-8080-exec-6] DEBUG c.r.c.aspect.ServiceLoggingAspect - Выполнение метода: ProducerService.getAllProducers с аргументами: []
2026-04-27 13:47:47.565 [http-nio-8080-exec-6] DEBUG c.r.c.aspect.ServiceLoggingAspect - Метод ProducerService.getAllProducers выполнился за 3 мс
2026-04-27 13:47:47.570 [http-nio-8080-exec-7] DEBUG c.r.c.aspect.ServiceLoggingAspect - Выполнение метода: ShopService.getAllShops с аргументами: [Page request [number: 0, size 200, sort: id: ASC]]
2026-04-27 13:47:47.573 [http-nio-8080-exec-7] DEBUG c.r.c.aspect.ServiceLoggingAspect - Метод ShopService.getAllShops выполнился за 2 мс
2026-04-27 13:47:47.577 [http-nio-8080-exec-8] DEBUG c.r.c.aspect.ServiceLoggingAspect - Выполнение метода: CategoryService.getAllCategories с аргументами: []
2026-04-27 13:47:47.578 [http-nio-8080-exec-8] DEBUG c.r.c.aspect.ServiceLoggingAspect - Метод CategoryService.getAllCategories выполнился за 1 мс
2026-04-27 13:47:47.581 [http-nio-8080-exec-9] DEBUG c.r.c.aspect.ServiceLoggingAspect - Выполнение метода: ShopService.getAllShops с аргументами: [Page request [number: 0, size 5, sort: id: ASC]]
2026-04-27 13:47:47.584 [http-nio-8080-exec-9] DEBUG c.r.c.aspect.ServiceLoggingAspect - Метод ShopService.getAllShops выполнился за 2 мс
2026-04-27 13:47:53.412 [http-nio-8080-exec-10] DEBUG c.r.c.aspect.ServiceLoggingAspect - Выполнение метода: CheeseService.getAllCheesesWithGraph с аргументами: []
2026-04-27 13:47:53.431 [http-nio-8080-exec-10] DEBUG c.r.c.aspect.ServiceLoggingAspect - Метод CheeseService.getAllCheesesWithGraph выполнился за 19 мс
2026-04-27 13:47:58.446 [http-nio-8080-exec-1] DEBUG c.r.c.aspect.ServiceLoggingAspect - Выполнение метода: CheeseService.getAllCheeses с аргументами: []
2026-04-27 13:47:58.469 [http-nio-8080-exec-1] DEBUG c.r.c.aspect.ServiceLoggingAspect - Метод CheeseService.getAllCheeses выполнился за 23 мс
2026-04-27 13:47:58.484 [http-nio-8080-exec-2] DEBUG c.r.c.aspect.ServiceLoggingAspect - Выполнение метода: ProducerService.getAllProducers с аргументами: []
2026-04-27 13:47:58.484 [http-nio-8080-exec-2] DEBUG c.r.c.aspect.ServiceLoggingAspect - Метод ProducerService.getAllProducers выполнился за 0 мс
2026-04-27 13:47:58.492 [http-nio-8080-exec-3] DEBUG c.r.c.aspect.ServiceLoggingAspect - Выполнение метода: ShopService.getAllShops с аргументами: [Page request [number: 0, size 200, sort: id: ASC]]
2026-04-27 13:47:58.494 [http-nio-8080-exec-3] DEBUG c.r.c.aspect.ServiceLoggingAspect - Метод ShopService.getAllShops выполнился за 2 мс
2026-04-27 13:47:58.499 [http-nio-8080-exec-4] DEBUG c.r.c.aspect.ServiceLoggingAspect - Выполнение метода: CategoryService.getAllCategories с аргументами: []
2026-04-27 13:47:58.501 [http-nio-8080-exec-4] DEBUG c.r.c.aspect.ServiceLoggingAspect - Метод CategoryService.getAllCategories выполнился за 1 мс
2026-04-27 13:47:58.504 [http-nio-8080-exec-5] DEBUG c.r.c.aspect.ServiceLoggingAspect - Выполнение метода: ShopService.getAllShops с аргументами: [Page request [number: 0, size 5, sort: id: ASC]]
2026-04-27 13:47:58.505 [http-nio-8080-exec-5] DEBUG c.r.c.aspect.ServiceLoggingAspect - Метод ShopService.getAllShops выполнился за 1 мс
2026-04-27 13:48:01.084 [http-nio-8080-exec-6] DEBUG c.r.c.aspect.ServiceLoggingAspect - Выполнение метода: CheeseService.deleteCheese с аргументами: [15]
2026-04-27 13:48:01.096 [http-nio-8080-exec-6] DEBUG c.r.c.aspect.ServiceLoggingAspect - Метод CheeseService.deleteCheese выполнился за 12 мс
2026-04-27 13:48:01.116 [http-nio-8080-exec-7] DEBUG c.r.c.aspect.ServiceLoggingAspect - Выполнение метода: CheeseService.getAllCheeses с аргументами: []
2026-04-27 13:48:01.130 [http-nio-8080-exec-7] DEBUG c.r.c.aspect.ServiceLoggingAspect - Метод CheeseService.getAllCheeses выполнился за 13 мс
2026-04-27 13:48:01.137 [http-nio-8080-exec-8] DEBUG c.r.c.aspect.ServiceLoggingAspect - Выполнение метода: ProducerService.getAllProducers с аргументами: []
2026-04-27 13:48:01.137 [http-nio-8080-exec-8] DEBUG c.r.c.aspect.ServiceLoggingAspect - Метод ProducerService.getAllProducers выполнился за 0 мс
2026-04-27 13:48:01.144 [http-nio-8080-exec-9] DEBUG c.r.c.aspect.ServiceLoggingAspect - Выполнение метода: ShopService.getAllShops с аргументами: [Page request [number: 0, size 200, sort: id: ASC]]
2026-04-27 13:48:01.146 [http-nio-8080-exec-9] DEBUG c.r.c.aspect.ServiceLoggingAspect - Метод ShopService.getAllShops выполнился за 1 мс
2026-04-27 13:48:01.152 [http-nio-8080-exec-10] DEBUG c.r.c.aspect.ServiceLoggingAspect - Выполнение метода: CategoryService.getAllCategories с аргументами: []
2026-04-27 13:48:01.154 [http-nio-8080-exec-10] DEBUG c.r.c.aspect.ServiceLoggingAspect - Метод CategoryService.getAllCategories выполнился за 1 мс
2026-04-27 13:48:01.159 [http-nio-8080-exec-1] DEBUG c.r.c.aspect.ServiceLoggingAspect - Выполнение метода: ShopService.getAllShops с аргументами: [Page request [number: 0, size 5, sort: id: ASC]]
2026-04-27 13:48:01.161 [http-nio-8080-exec-1] DEBUG c.r.c.aspect.ServiceLoggingAspect - Метод ShopService.getAllShops выполнился за 2 мс
2026-04-27 13:49:06.855 [http-nio-8080-exec-2] DEBUG c.r.c.aspect.ServiceLoggingAspect - Выполнение метода: CheeseService.getAllCheeses с аргументами: []
2026-04-27 13:49:06.896 [http-nio-8080-exec-2] DEBUG c.r.c.aspect.ServiceLoggingAspect - Метод CheeseService.getAllCheeses выполнился за 40 мс
2026-04-27 13:49:06.924 [http-nio-8080-exec-3] DEBUG c.r.c.aspect.ServiceLoggingAspect - Выполнение метода: ProducerService.getAllProducers с аргументами: []
2026-04-27 13:49:06.924 [http-nio-8080-exec-3] DEBUG c.r.c.aspect.ServiceLoggingAspect - Метод ProducerService.getAllProducers выполнился за 0 мс
2026-04-27 13:49:06.933 [http-nio-8080-exec-4] DEBUG c.r.c.aspect.ServiceLoggingAspect - Выполнение метода: ShopService.getAllShops с аргументами: [Page request [number: 0, size 200, sort: id: ASC]]
2026-04-27 13:49:06.940 [http-nio-8080-exec-4] DEBUG c.r.c.aspect.ServiceLoggingAspect - Метод ShopService.getAllShops выполнился за 7 мс
2026-04-27 13:49:06.948 [http-nio-8080-exec-5] DEBUG c.r.c.aspect.ServiceLoggingAspect - Выполнение метода: CategoryService.getAllCategories с аргументами: []
2026-04-27 13:49:06.949 [http-nio-8080-exec-5] DEBUG c.r.c.aspect.ServiceLoggingAspect - Метод CategoryService.getAllCategories выполнился за 0 мс
2026-04-27 13:49:06.957 [http-nio-8080-exec-6] DEBUG c.r.c.aspect.ServiceLoggingAspect - Выполнение метода: ShopService.getAllShops с аргументами: [Page request [number: 0, size 5, sort: id: ASC]]
2026-04-27 13:49:06.959 [http-nio-8080-exec-6] DEBUG c.r.c.aspect.ServiceLoggingAspect - Метод ShopService.getAllShops выполнился за 2 мс
2026-04-27 13:51:07.208 [http-nio-8080-exec-7] DEBUG c.r.c.aspect.ServiceLoggingAspect - Выполнение метода: CheeseService.getAllCheesesWithGraph с аргументами: []
2026-04-27 13:51:07.262 [http-nio-8080-exec-7] DEBUG c.r.c.aspect.ServiceLoggingAspect - Метод CheeseService.getAllCheesesWithGraph выполнился за 53 мс
2026-04-27 13:51:14.058 [http-nio-8080-exec-8] DEBUG c.r.c.aspect.ServiceLoggingAspect - Выполнение метода: CheeseService.getAllCheeses с аргументами: []
2026-04-27 13:51:14.082 [http-nio-8080-exec-8] DEBUG c.r.c.aspect.ServiceLoggingAspect - Метод CheeseService.getAllCheeses выполнился за 24 мс
2026-04-27 13:51:14.094 [http-nio-8080-exec-9] DEBUG c.r.c.aspect.ServiceLoggingAspect - Выполнение метода: ProducerService.getAllProducers с аргументами: []
2026-04-27 13:51:14.094 [http-nio-8080-exec-9] DEBUG c.r.c.aspect.ServiceLoggingAspect - Метод ProducerService.getAllProducers выполнился за 0 мс
2026-04-27 13:51:14.100 [http-nio-8080-exec-10] DEBUG c.r.c.aspect.ServiceLoggingAspect - Выполнение метода: ShopService.getAllShops с аргументами: [Page request [number: 0, size 200, sort: id: ASC]]
2026-04-27 13:51:14.109 [http-nio-8080-exec-10] DEBUG c.r.c.aspect.ServiceLoggingAspect - Метод ShopService.getAllShops выполнился за 9 мс
2026-04-27 13:51:14.116 [http-nio-8080-exec-1] DEBUG c.r.c.aspect.ServiceLoggingAspect - Выполнение метода: CategoryService.getAllCategories с аргументами: []
2026-04-27 13:51:14.118 [http-nio-8080-exec-1] DEBUG c.r.c.aspect.ServiceLoggingAspect - Метод CategoryService.getAllCategories выполнился за 2 мс
2026-04-27 13:51:14.132 [http-nio-8080-exec-2] DEBUG c.r.c.aspect.ServiceLoggingAspect - Выполнение метода: ShopService.getAllShops с аргументами: [Page request [number: 0, size 5, sort: id: ASC]]
2026-04-27 13:51:14.135 [http-nio-8080-exec-2] DEBUG c.r.c.aspect.ServiceLoggingAspect - Метод ShopService.getAllShops выполнился за 3 мс
2026-04-27 13:51:44.303 [http-nio-8080-exec-3] DEBUG c.r.c.aspect.ServiceLoggingAspect - Выполнение метода: ProducerService.createProducer с аргументами: [ProducerRequestDto(name=123, country=123, description=123)]
2026-04-27 13:51:44.313 [http-nio-8080-exec-3] DEBUG c.r.c.aspect.ServiceLoggingAspect - Метод ProducerService.createProducer выполнился за 10 мс
2026-04-27 13:52:39.882 [http-nio-8080-exec-4] DEBUG c.r.c.aspect.ServiceLoggingAspect - Выполнение метода: CheeseService.createCheese с аргументами: [3, 13, CheeseRequestDto(name=123, fats=12.0, description=123, price=123.0)]
2026-04-27 13:52:39.907 [http-nio-8080-exec-4] DEBUG c.r.c.aspect.ServiceLoggingAspect - Метод CheeseService.createCheese выполнился за 24 мс
2026-04-27 13:52:39.925 [http-nio-8080-exec-5] DEBUG c.r.c.aspect.ServiceLoggingAspect - Выполнение метода: CategoryService.createCategory с аргументами: [16, CategoryRequestDto(name=Мягкий, description=)]
2026-04-27 13:52:39.931 [http-nio-8080-exec-5] DEBUG c.r.c.aspect.ServiceLoggingAspect - Метод CategoryService.createCategory выполнился за 6 мс
2026-04-27 13:52:39.942 [http-nio-8080-exec-6] DEBUG c.r.c.aspect.ServiceLoggingAspect - Выполнение метода: CategoryService.createCategory с аргументами: [16, CategoryRequestDto(name=С плесенью, description=)]
2026-04-27 13:52:39.945 [http-nio-8080-exec-6] DEBUG c.r.c.aspect.ServiceLoggingAspect - Метод CategoryService.createCategory выполнился за 3 мс
2026-04-27 13:52:39.954 [http-nio-8080-exec-7] DEBUG c.r.c.aspect.ServiceLoggingAspect - Выполнение метода: CategoryService.createCategory с аргументами: [16, CategoryRequestDto(name=Нежный, description=)]
2026-04-27 13:52:39.956 [http-nio-8080-exec-7] DEBUG c.r.c.aspect.ServiceLoggingAspect - Метод CategoryService.createCategory выполнился за 2 мс
2026-04-27 13:52:39.962 [http-nio-8080-exec-8] DEBUG c.r.c.aspect.ServiceLoggingAspect - Выполнение метода: CheeseService.getAllCheeses с аргументами: []
2026-04-27 13:52:39.976 [http-nio-8080-exec-8] DEBUG c.r.c.aspect.ServiceLoggingAspect - Метод CheeseService.getAllCheeses выполнился за 13 мс
2026-04-27 13:52:39.983 [http-nio-8080-exec-9] DEBUG c.r.c.aspect.ServiceLoggingAspect - Выполнение метода: ProducerService.getAllProducers с аргументами: []
2026-04-27 13:52:39.985 [http-nio-8080-exec-9] DEBUG c.r.c.aspect.ServiceLoggingAspect - Метод ProducerService.getAllProducers выполнился за 1 мс
2026-04-27 13:52:39.991 [http-nio-8080-exec-10] DEBUG c.r.c.aspect.ServiceLoggingAspect - Выполнение метода: ShopService.getAllShops с аргументами: [Page request [number: 0, size 200, sort: id: ASC]]
2026-04-27 13:52:39.994 [http-nio-8080-exec-10] DEBUG c.r.c.aspect.ServiceLoggingAspect - Метод ShopService.getAllShops выполнился за 3 мс
2026-04-27 13:52:39.999 [http-nio-8080-exec-1] DEBUG c.r.c.aspect.ServiceLoggingAspect - Выполнение метода: CategoryService.getAllCategories с аргументами: []
2026-04-27 13:52:40.001 [http-nio-8080-exec-1] DEBUG c.r.c.aspect.ServiceLoggingAspect - Метод CategoryService.getAllCategories выполнился за 1 мс
2026-04-27 13:52:40.007 [http-nio-8080-exec-2] DEBUG c.r.c.aspect.ServiceLoggingAspect - Выполнение метода: ShopService.getAllShops с аргументами: [Page request [number: 0, size 5, sort: id: ASC]]
2026-04-27 13:52:40.012 [http-nio-8080-exec-2] DEBUG c.r.c.aspect.ServiceLoggingAspect - Метод ShopService.getAllShops выполнился за 4 мс
2026-04-27 13:52:43.849 [http-nio-8080-exec-3] DEBUG c.r.c.aspect.ServiceLoggingAspect - Выполнение метода: CheeseService.getAllCheesesWithGraph с аргументами: []
2026-04-27 13:52:43.887 [http-nio-8080-exec-3] DEBUG c.r.c.aspect.ServiceLoggingAspect - Метод CheeseService.getAllCheesesWithGraph выполнился за 37 мс
2026-04-27 13:52:53.662 [http-nio-8080-exec-4] DEBUG c.r.c.aspect.ServiceLoggingAspect - Выполнение метода: CheeseService.getAllCheeses с аргументами: []
2026-04-27 13:52:53.681 [http-nio-8080-exec-4] DEBUG c.r.c.aspect.ServiceLoggingAspect - Метод CheeseService.getAllCheeses выполнился за 19 мс
2026-04-27 13:52:53.689 [http-nio-8080-exec-5] DEBUG c.r.c.aspect.ServiceLoggingAspect - Выполнение метода: ProducerService.getAllProducers с аргументами: []
2026-04-27 13:52:53.690 [http-nio-8080-exec-5] DEBUG c.r.c.aspect.ServiceLoggingAspect - Метод ProducerService.getAllProducers выполнился за 0 мс
2026-04-27 13:52:53.696 [http-nio-8080-exec-6] DEBUG c.r.c.aspect.ServiceLoggingAspect - Выполнение метода: ShopService.getAllShops с аргументами: [Page request [number: 0, size 200, sort: id: ASC]]
2026-04-27 13:52:53.698 [http-nio-8080-exec-6] DEBUG c.r.c.aspect.ServiceLoggingAspect - Метод ShopService.getAllShops выполнился за 1 мс
2026-04-27 13:52:53.703 [http-nio-8080-exec-7] DEBUG c.r.c.aspect.ServiceLoggingAspect - Выполнение метода: CategoryService.getAllCategories с аргументами: []
2026-04-27 13:52:53.704 [http-nio-8080-exec-7] DEBUG c.r.c.aspect.ServiceLoggingAspect - Метод CategoryService.getAllCategories выполнился за 0 мс
2026-04-27 13:52:53.709 [http-nio-8080-exec-8] DEBUG c.r.c.aspect.ServiceLoggingAspect - Выполнение метода: ShopService.getAllShops с аргументами: [Page request [number: 0, size 5, sort: id: ASC]]
2026-04-27 13:52:53.711 [http-nio-8080-exec-8] DEBUG c.r.c.aspect.ServiceLoggingAspect - Метод ShopService.getAllShops выполнился за 2 мс
2026-04-27 13:52:56.257 [http-nio-8080-exec-9] DEBUG c.r.c.aspect.ServiceLoggingAspect - Выполнение метода: CheeseService.deleteCheese с аргументами: [16]
2026-04-27 13:52:56.263 [http-nio-8080-exec-9] DEBUG c.r.c.aspect.ServiceLoggingAspect - Метод CheeseService.deleteCheese выполнился за 6 мс
2026-04-27 13:52:56.292 [http-nio-8080-exec-10] DEBUG c.r.c.aspect.ServiceLoggingAspect - Выполнение метода: CheeseService.getAllCheeses с аргументами: []
2026-04-27 13:52:56.313 [http-nio-8080-exec-10] DEBUG c.r.c.aspect.ServiceLoggingAspect - Метод CheeseService.getAllCheeses выполнился за 21 мс
2026-04-27 13:52:56.324 [http-nio-8080-exec-1] DEBUG c.r.c.aspect.ServiceLoggingAspect - Выполнение метода: ProducerService.getAllProducers с аргументами: []
2026-04-27 13:52:56.324 [http-nio-8080-exec-1] DEBUG c.r.c.aspect.ServiceLoggingAspect - Метод ProducerService.getAllProducers выполнился за 0 мс
2026-04-27 13:52:56.329 [http-nio-8080-exec-2] DEBUG c.r.c.aspect.ServiceLoggingAspect - Выполнение метода: ShopService.getAllShops с аргументами: [Page request [number: 0, size 200, sort: id: ASC]]
2026-04-27 13:52:56.330 [http-nio-8080-exec-2] DEBUG c.r.c.aspect.ServiceLoggingAspect - Метод ShopService.getAllShops выполнился за 1 мс
2026-04-27 13:52:56.334 [http-nio-8080-exec-3] DEBUG c.r.c.aspect.ServiceLoggingAspect - Выполнение метода: CategoryService.getAllCategories с аргументами: []
2026-04-27 13:52:56.336 [http-nio-8080-exec-3] DEBUG c.r.c.aspect.ServiceLoggingAspect - Метод CategoryService.getAllCategories выполнился за 1 мс
2026-04-27 13:52:56.342 [http-nio-8080-exec-4] DEBUG c.r.c.aspect.ServiceLoggingAspect - Выполнение метода: ShopService.getAllShops с аргументами: [Page request [number: 0, size 5, sort: id: ASC]]
2026-04-27 13:52:56.346 [http-nio-8080-exec-4] DEBUG c.r.c.aspect.ServiceLoggingAspect - Метод ShopService.getAllShops выполнился за 3 мс
2026-04-27 13:53:45.900 [http-nio-8080-exec-5] DEBUG c.r.c.aspect.ServiceLoggingAspect - Выполнение метода: CheeseService.getAllCheeses с аргументами: []
2026-04-27 13:53:46.029 [http-nio-8080-exec-5] DEBUG c.r.c.aspect.ServiceLoggingAspect - Метод CheeseService.getAllCheeses выполнился за 128 мс
2026-04-27 13:53:46.059 [http-nio-8080-exec-6] DEBUG c.r.c.aspect.ServiceLoggingAspect - Выполнение метода: ProducerService.getAllProducers с аргументами: []
2026-04-27 13:53:46.059 [http-nio-8080-exec-6] DEBUG c.r.c.aspect.ServiceLoggingAspect - Метод ProducerService.getAllProducers выполнился за 0 мс
2026-04-27 13:53:46.065 [http-nio-8080-exec-7] DEBUG c.r.c.aspect.ServiceLoggingAspect - Выполнение метода: ShopService.getAllShops с аргументами: [Page request [number: 0, size 200, sort: id: ASC]]
2026-04-27 13:53:46.115 [http-nio-8080-exec-7] DEBUG c.r.c.aspect.ServiceLoggingAspect - Метод ShopService.getAllShops выполнился за 50 мс
2026-04-27 13:53:46.128 [http-nio-8080-exec-8] DEBUG c.r.c.aspect.ServiceLoggingAspect - Выполнение метода: CategoryService.getAllCategories с аргументами: []
2026-04-27 13:53:46.134 [http-nio-8080-exec-8] DEBUG c.r.c.aspect.ServiceLoggingAspect - Метод CategoryService.getAllCategories выполнился за 5 мс
2026-04-27 13:53:46.148 [http-nio-8080-exec-9] DEBUG c.r.c.aspect.ServiceLoggingAspect - Выполнение метода: ShopService.getAllShops с аргументами: [Page request [number: 0, size 5, sort: id: ASC]]
2026-04-27 13:53:46.205 [http-nio-8080-exec-9] DEBUG c.r.c.aspect.ServiceLoggingAspect - Метод ShopService.getAllShops выполнился за 57 мс
2026-04-27 13:53:49.949 [http-nio-8080-exec-10] DEBUG c.r.c.aspect.ServiceLoggingAspect - Выполнение метода: ShopService.getAllShops с аргументами: [Page request [number: 1, size 5, sort: id: ASC]]
2026-04-27 13:53:49.961 [http-nio-8080-exec-10] DEBUG c.r.c.aspect.ServiceLoggingAspect - Метод ShopService.getAllShops выполнился за 12 мс
2026-04-27 13:53:50.086 [http-nio-8080-exec-1] DEBUG c.r.c.aspect.ServiceLoggingAspect - Выполнение метода: ShopService.getAllShops с аргументами: [Page request [number: 2, size 5, sort: id: ASC]]
2026-04-27 13:53:50.090 [http-nio-8080-exec-1] DEBUG c.r.c.aspect.ServiceLoggingAspect - Метод ShopService.getAllShops выполнился за 3 мс
2026-04-27 13:53:50.746 [http-nio-8080-exec-2] DEBUG c.r.c.aspect.ServiceLoggingAspect - Выполнение метода: ShopService.getAllShops с аргументами: [Page request [number: 1, size 5, sort: id: ASC]]
2026-04-27 13:53:50.753 [http-nio-8080-exec-2] DEBUG c.r.c.aspect.ServiceLoggingAspect - Метод ShopService.getAllShops выполнился за 7 мс
2026-04-27 13:53:50.888 [http-nio-8080-exec-3] DEBUG c.r.c.aspect.ServiceLoggingAspect - Выполнение метода: ShopService.getAllShops с аргументами: [Page request [number: 0, size 5, sort: id: ASC]]
2026-04-27 13:53:50.891 [http-nio-8080-exec-3] DEBUG c.r.c.aspect.ServiceLoggingAspect - Метод ShopService.getAllShops выполнился за 3 мс
2026-04-27 13:53:51.541 [http-nio-8080-exec-4] DEBUG c.r.c.aspect.ServiceLoggingAspect - Выполнение метода: ShopService.getAllShops с аргументами: [Page request [number: 1, size 5, sort: id: ASC]]
2026-04-27 13:53:51.548 [http-nio-8080-exec-4] DEBUG c.r.c.aspect.ServiceLoggingAspect - Метод ShopService.getAllShops выполнился за 7 мс
2026-04-27 13:53:51.687 [http-nio-8080-exec-5] DEBUG c.r.c.aspect.ServiceLoggingAspect - Выполнение метода: ShopService.getAllShops с аргументами: [Page request [number: 2, size 5, sort: id: ASC]]
2026-04-27 13:53:51.690 [http-nio-8080-exec-5] DEBUG c.r.c.aspect.ServiceLoggingAspect - Метод ShopService.getAllShops выполнился за 3 мс
2026-04-27 13:53:53.436 [http-nio-8080-exec-6] DEBUG c.r.c.aspect.ServiceLoggingAspect - Выполнение метода: ShopService.getAllShops с аргументами: [Page request [number: 1, size 5, sort: id: ASC]]
2026-04-27 13:53:53.445 [http-nio-8080-exec-6] DEBUG c.r.c.aspect.ServiceLoggingAspect - Метод ShopService.getAllShops выполнился за 8 мс
2026-04-27 13:53:53.602 [http-nio-8080-exec-7] DEBUG c.r.c.aspect.ServiceLoggingAspect - Выполнение метода: ShopService.getAllShops с аргументами: [Page request [number: 0, size 5, sort: id: ASC]]
2026-04-27 13:53:53.604 [http-nio-8080-exec-7] DEBUG c.r.c.aspect.ServiceLoggingAspect - Метод ShopService.getAllShops выполнился за 2 мс
2026-04-27 13:53:55.019 [http-nio-8080-exec-8] DEBUG c.r.c.aspect.ServiceLoggingAspect - Выполнение метода: CheeseService.getAllCheeses с аргументами: []
2026-04-27 13:53:55.040 [http-nio-8080-exec-8] DEBUG c.r.c.aspect.ServiceLoggingAspect - Метод CheeseService.getAllCheeses выполнился за 21 мс
2026-04-27 13:53:55.047 [http-nio-8080-exec-9] DEBUG c.r.c.aspect.ServiceLoggingAspect - Выполнение метода: ProducerService.getAllProducers с аргументами: []
2026-04-27 13:53:55.047 [http-nio-8080-exec-9] DEBUG c.r.c.aspect.ServiceLoggingAspect - Метод ProducerService.getAllProducers выполнился за 0 мс
2026-04-27 13:53:55.050 [http-nio-8080-exec-10] DEBUG c.r.c.aspect.ServiceLoggingAspect - Выполнение метода: ShopService.getAllShops с аргументами: [Page request [number: 0, size 200, sort: id: ASC]]
2026-04-27 13:53:55.053 [http-nio-8080-exec-10] DEBUG c.r.c.aspect.ServiceLoggingAspect - Метод ShopService.getAllShops выполнился за 2 мс
2026-04-27 13:53:55.066 [http-nio-8080-exec-1] DEBUG c.r.c.aspect.ServiceLoggingAspect - Выполнение метода: CategoryService.getAllCategories с аргументами: []
2026-04-27 13:53:55.067 [http-nio-8080-exec-1] DEBUG c.r.c.aspect.ServiceLoggingAspect - Метод CategoryService.getAllCategories выполнился за 0 мс
2026-04-27 13:53:55.070 [http-nio-8080-exec-2] DEBUG c.r.c.aspect.ServiceLoggingAspect - Выполнение метода: ShopService.getAllShops с аргументами: [Page request [number: 0, size 5, sort: id: ASC]]
2026-04-27 13:53:55.072 [http-nio-8080-exec-2] DEBUG c.r.c.aspect.ServiceLoggingAspect - Метод ShopService.getAllShops выполнился за 2 мс
2026-04-27 13:54:03.816 [http-nio-8080-exec-3] DEBUG c.r.c.aspect.ServiceLoggingAspect - Выполнение метода: CheeseService.getAllCheeses с аргументами: []
2026-04-27 13:54:03.839 [http-nio-8080-exec-3] DEBUG c.r.c.aspect.ServiceLoggingAspect - Метод CheeseService.getAllCheeses выполнился за 22 мс
2026-04-27 13:54:03.843 [http-nio-8080-exec-4] DEBUG c.r.c.aspect.ServiceLoggingAspect - Выполнение метода: ProducerService.getAllProducers с аргументами: []
2026-04-27 13:54:03.843 [http-nio-8080-exec-4] DEBUG c.r.c.aspect.ServiceLoggingAspect - Метод ProducerService.getAllProducers выполнился за 0 мс
2026-04-27 13:54:03.847 [http-nio-8080-exec-5] DEBUG c.r.c.aspect.ServiceLoggingAspect - Выполнение метода: ShopService.getAllShops с аргументами: [Page request [number: 0, size 200, sort: id: ASC]]
2026-04-27 13:54:03.849 [http-nio-8080-exec-5] DEBUG c.r.c.aspect.ServiceLoggingAspect - Метод ShopService.getAllShops выполнился за 1 мс
2026-04-27 13:54:03.855 [http-nio-8080-exec-6] DEBUG c.r.c.aspect.ServiceLoggingAspect - Выполнение метода: CategoryService.getAllCategories с аргументами: []
2026-04-27 13:54:03.856 [http-nio-8080-exec-6] DEBUG c.r.c.aspect.ServiceLoggingAspect - Метод CategoryService.getAllCategories выполнился за 0 мс
2026-04-27 13:54:03.860 [http-nio-8080-exec-7] DEBUG c.r.c.aspect.ServiceLoggingAspect - Выполнение метода: ShopService.getAllShops с аргументами: [Page request [number: 0, size 5, sort: id: ASC]]
2026-04-27 13:54:03.861 [http-nio-8080-exec-7] DEBUG c.r.c.aspect.ServiceLoggingAspect - Метод ShopService.getAllShops выполнился за 1 мс
2026-04-27 13:54:14.856 [http-nio-8080-exec-8] DEBUG c.r.c.aspect.ServiceLoggingAspect - Выполнение метода: CheeseService.getAllCheeses с аргументами: []
2026-04-27 13:54:14.874 [http-nio-8080-exec-8] DEBUG c.r.c.aspect.ServiceLoggingAspect - Метод CheeseService.getAllCheeses выполнился за 18 мс
2026-04-27 13:54:14.883 [http-nio-8080-exec-9] DEBUG c.r.c.aspect.ServiceLoggingAspect - Выполнение метода: ProducerService.getAllProducers с аргументами: []
2026-04-27 13:54:14.883 [http-nio-8080-exec-9] DEBUG c.r.c.aspect.ServiceLoggingAspect - Метод ProducerService.getAllProducers выполнился за 0 мс
2026-04-27 13:54:14.887 [http-nio-8080-exec-10] DEBUG c.r.c.aspect.ServiceLoggingAspect - Выполнение метода: ShopService.getAllShops с аргументами: [Page request [number: 0, size 200, sort: id: ASC]]
2026-04-27 13:54:14.891 [http-nio-8080-exec-10] DEBUG c.r.c.aspect.ServiceLoggingAspect - Метод ShopService.getAllShops выполнился за 3 мс
2026-04-27 13:54:14.896 [http-nio-8080-exec-1] DEBUG c.r.c.aspect.ServiceLoggingAspect - Выполнение метода: CategoryService.getAllCategories с аргументами: []
2026-04-27 13:54:14.897 [http-nio-8080-exec-1] DEBUG c.r.c.aspect.ServiceLoggingAspect - Метод CategoryService.getAllCategories выполнился за 1 мс
2026-04-27 13:54:14.901 [http-nio-8080-exec-2] DEBUG c.r.c.aspect.ServiceLoggingAspect - Выполнение метода: ShopService.getAllShops с аргументами: [Page request [number: 0, size 5, sort: id: ASC]]
2026-04-27 13:54:14.903 [http-nio-8080-exec-2] DEBUG c.r.c.aspect.ServiceLoggingAspect - Метод ShopService.getAllShops выполнился за 1 мс
2026-04-27 13:54:36.362 [http-nio-8080-exec-3] DEBUG c.r.c.aspect.ServiceLoggingAspect - Выполнение метода: CheeseService.getAllCheeses с аргументами: []
2026-04-27 13:54:36.402 [http-nio-8080-exec-3] DEBUG c.r.c.aspect.ServiceLoggingAspect - Метод CheeseService.getAllCheeses выполнился за 40 мс
2026-04-27 13:54:36.415 [http-nio-8080-exec-4] DEBUG c.r.c.aspect.ServiceLoggingAspect - Выполнение метода: ProducerService.getAllProducers с аргументами: []
2026-04-27 13:54:36.416 [http-nio-8080-exec-4] DEBUG c.r.c.aspect.ServiceLoggingAspect - Метод ProducerService.getAllProducers выполнился за 0 мс
2026-04-27 13:54:36.421 [http-nio-8080-exec-5] DEBUG c.r.c.aspect.ServiceLoggingAspect - Выполнение метода: ShopService.getAllShops с аргументами: [Page request [number: 0, size 200, sort: id: ASC]]
2026-04-27 13:54:36.425 [http-nio-8080-exec-5] DEBUG c.r.c.aspect.ServiceLoggingAspect - Метод ShopService.getAllShops выполнился за 3 мс
2026-04-27 13:54:36.429 [http-nio-8080-exec-6] DEBUG c.r.c.aspect.ServiceLoggingAspect - Выполнение метода: CategoryService.getAllCategories с аргументами: []
2026-04-27 13:54:36.430 [http-nio-8080-exec-6] DEBUG c.r.c.aspect.ServiceLoggingAspect - Метод CategoryService.getAllCategories выполнился за 0 мс
2026-04-27 13:54:36.434 [http-nio-8080-exec-7] DEBUG c.r.c.aspect.ServiceLoggingAspect - Выполнение метода: ShopService.getAllShops с аргументами: [Page request [number: 0, size 5, sort: id: ASC]]
2026-04-27 13:54:36.437 [http-nio-8080-exec-7] DEBUG c.r.c.aspect.ServiceLoggingAspect - Метод ShopService.getAllShops выполнился за 3 мс
2026-04-27 13:54:42.059 [http-nio-8080-exec-8] DEBUG c.r.c.aspect.ServiceLoggingAspect - Выполнение метода: CheeseService.getAllCheeses с аргументами: []
2026-04-27 13:54:42.072 [http-nio-8080-exec-8] DEBUG c.r.c.aspect.ServiceLoggingAspect - Метод CheeseService.getAllCheeses выполнился за 13 мс
2026-04-27 13:54:42.088 [http-nio-8080-exec-9] DEBUG c.r.c.aspect.ServiceLoggingAspect - Выполнение метода: ProducerService.getAllProducers с аргументами: []
2026-04-27 13:54:42.088 [http-nio-8080-exec-9] DEBUG c.r.c.aspect.ServiceLoggingAspect - Метод ProducerService.getAllProducers выполнился за 0 мс
2026-04-27 13:54:42.092 [http-nio-8080-exec-10] DEBUG c.r.c.aspect.ServiceLoggingAspect - Выполнение метода: ShopService.getAllShops с аргументами: [Page request [number: 0, size 200, sort: id: ASC]]
2026-04-27 13:54:42.094 [http-nio-8080-exec-10] DEBUG c.r.c.aspect.ServiceLoggingAspect - Метод ShopService.getAllShops выполнился за 1 мс
2026-04-27 13:54:42.099 [http-nio-8080-exec-1] DEBUG c.r.c.aspect.ServiceLoggingAspect - Выполнение метода: CategoryService.getAllCategories с аргументами: []
2026-04-27 13:54:42.100 [http-nio-8080-exec-1] DEBUG c.r.c.aspect.ServiceLoggingAspect - Метод CategoryService.getAllCategories выполнился за 0 мс
2026-04-27 13:54:42.103 [http-nio-8080-exec-2] DEBUG c.r.c.aspect.ServiceLoggingAspect - Выполнение метода: ShopService.getAllShops с аргументами: [Page request [number: 0, size 5, sort: id: ASC]]
2026-04-27 13:54:42.105 [http-nio-8080-exec-2] DEBUG c.r.c.aspect.ServiceLoggingAspect - Метод ShopService.getAllShops выполнился за 1 мс
2026-04-27 13:55:03.861 [http-nio-8080-exec-3] DEBUG c.r.c.aspect.ServiceLoggingAspect - Выполнение метода: CheeseService.getAllCheeses с аргументами: []
2026-04-27 13:55:03.879 [http-nio-8080-exec-3] DEBUG c.r.c.aspect.ServiceLoggingAspect - Метод CheeseService.getAllCheeses выполнился за 18 мс
2026-04-27 13:55:03.894 [http-nio-8080-exec-4] DEBUG c.r.c.aspect.ServiceLoggingAspect - Выполнение метода: ProducerService.getAllProducers с аргументами: []
2026-04-27 13:55:03.894 [http-nio-8080-exec-4] DEBUG c.r.c.aspect.ServiceLoggingAspect - Метод ProducerService.getAllProducers выполнился за 0 мс
2026-04-27 13:55:03.904 [http-nio-8080-exec-5] DEBUG c.r.c.aspect.ServiceLoggingAspect - Выполнение метода: ShopService.getAllShops с аргументами: [Page request [number: 0, size 200, sort: id: ASC]]
2026-04-27 13:55:03.908 [http-nio-8080-exec-5] DEBUG c.r.c.aspect.ServiceLoggingAspect - Метод ShopService.getAllShops выполнился за 4 мс
2026-04-27 13:55:03.916 [http-nio-8080-exec-6] DEBUG c.r.c.aspect.ServiceLoggingAspect - Выполнение метода: CategoryService.getAllCategories с аргументами: []
2026-04-27 13:55:03.917 [http-nio-8080-exec-6] DEBUG c.r.c.aspect.ServiceLoggingAspect - Метод CategoryService.getAllCategories выполнился за 1 мс
2026-04-27 13:55:03.925 [http-nio-8080-exec-7] DEBUG c.r.c.aspect.ServiceLoggingAspect - Выполнение метода: ShopService.getAllShops с аргументами: [Page request [number: 0, size 5, sort: id: ASC]]
2026-04-27 13:55:03.930 [http-nio-8080-exec-7] DEBUG c.r.c.aspect.ServiceLoggingAspect - Метод ShopService.getAllShops выполнился за 4 мс
2026-04-27 13:55:08.649 [http-nio-8080-exec-8] DEBUG c.r.c.aspect.ServiceLoggingAspect - Выполнение метода: ShopService.getAllShops с аргументами: [Page request [number: 1, size 5, sort: id: ASC]]
2026-04-27 13:55:08.657 [http-nio-8080-exec-8] DEBUG c.r.c.aspect.ServiceLoggingAspect - Метод ShopService.getAllShops выполнился за 8 мс
2026-04-27 13:55:09.664 [http-nio-8080-exec-9] DEBUG c.r.c.aspect.ServiceLoggingAspect - Выполнение метода: ShopService.getAllShops с аргументами: [Page request [number: 2, size 5, sort: id: ASC]]
2026-04-27 13:55:09.668 [http-nio-8080-exec-9] DEBUG c.r.c.aspect.ServiceLoggingAspect - Метод ShopService.getAllShops выполнился за 4 мс
2026-04-27 13:55:10.356 [http-nio-8080-exec-10] DEBUG c.r.c.aspect.ServiceLoggingAspect - Выполнение метода: ShopService.getAllShops с аргументами: [Page request [number: 1, size 5, sort: id: ASC]]
2026-04-27 13:55:10.361 [http-nio-8080-exec-10] DEBUG c.r.c.aspect.ServiceLoggingAspect - Метод ShopService.getAllShops выполнился за 5 мс
2026-04-27 13:55:10.823 [http-nio-8080-exec-1] DEBUG c.r.c.aspect.ServiceLoggingAspect - Выполнение метода: ShopService.getAllShops с аргументами: [Page request [number: 0, size 5, sort: id: ASC]]
2026-04-27 13:55:10.830 [http-nio-8080-exec-1] DEBUG c.r.c.aspect.ServiceLoggingAspect - Метод ShopService.getAllShops выполнился за 7 мс
2026-04-27 13:55:19.292 [http-nio-8080-exec-2] DEBUG c.r.c.aspect.ServiceLoggingAspect - Выполнение метода: ShopService.getAllShops с аргументами: [Page request [number: 1, size 5, sort: id: ASC]]
2026-04-27 13:55:19.298 [http-nio-8080-exec-2] DEBUG c.r.c.aspect.ServiceLoggingAspect - Метод ShopService.getAllShops выполнился за 5 мс
2026-04-27 13:55:19.435 [http-nio-8080-exec-3] DEBUG c.r.c.aspect.ServiceLoggingAspect - Выполнение метода: ShopService.getAllShops с аргументами: [Page request [number: 2, size 5, sort: id: ASC]]
2026-04-27 13:55:19.436 [http-nio-8080-exec-3] DEBUG c.r.c.aspect.ServiceLoggingAspect - Метод ShopService.getAllShops выполнился за 1 мс
2026-04-27 13:55:20.354 [http-nio-8080-exec-4] DEBUG c.r.c.aspect.ServiceLoggingAspect - Выполнение метода: ShopService.getAllShops с аргументами: [Page request [number: 1, size 5, sort: id: ASC]]
2026-04-27 13:55:20.358 [http-nio-8080-exec-4] DEBUG c.r.c.aspect.ServiceLoggingAspect - Метод ShopService.getAllShops выполнился за 3 мс
2026-04-27 13:55:20.517 [http-nio-8080-exec-5] DEBUG c.r.c.aspect.ServiceLoggingAspect - Выполнение метода: ShopService.getAllShops с аргументами: [Page request [number: 0, size 5, sort: id: ASC]]
2026-04-27 13:55:20.519 [http-nio-8080-exec-5] DEBUG c.r.c.aspect.ServiceLoggingAspect - Метод ShopService.getAllShops выполнился за 2 мс
2026-04-27 13:55:40.447 [http-nio-8080-exec-6] DEBUG c.r.c.aspect.ServiceLoggingAspect - Выполнение метода: ShopService.getAllShops с аргументами: [Page request [number: 1, size 5, sort: id: ASC]]
2026-04-27 13:55:40.459 [http-nio-8080-exec-6] DEBUG c.r.c.aspect.ServiceLoggingAspect - Метод ShopService.getAllShops выполнился за 11 мс
2026-04-27 13:55:41.493 [http-nio-8080-exec-7] DEBUG c.r.c.aspect.ServiceLoggingAspect - Выполнение метода: CheeseService.getAllCheesesWithGraph с аргументами: []
2026-04-27 13:55:41.526 [http-nio-8080-exec-7] DEBUG c.r.c.aspect.ServiceLoggingAspect - Метод CheeseService.getAllCheesesWithGraph выполнился за 33 мс
2026-04-27 13:55:44.196 [http-nio-8080-exec-8] DEBUG c.r.c.aspect.ServiceLoggingAspect - Выполнение метода: CheeseService.getAllCheeses с аргументами: []
2026-04-27 13:55:44.224 [http-nio-8080-exec-8] DEBUG c.r.c.aspect.ServiceLoggingAspect - Метод CheeseService.getAllCheeses выполнился за 27 мс
2026-04-27 13:55:44.232 [http-nio-8080-exec-9] DEBUG c.r.c.aspect.ServiceLoggingAspect - Выполнение метода: ProducerService.getAllProducers с аргументами: []
2026-04-27 13:55:44.232 [http-nio-8080-exec-9] DEBUG c.r.c.aspect.ServiceLoggingAspect - Метод ProducerService.getAllProducers выполнился за 0 мс
2026-04-27 13:55:44.239 [http-nio-8080-exec-10] DEBUG c.r.c.aspect.ServiceLoggingAspect - Выполнение метода: ShopService.getAllShops с аргументами: [Page request [number: 0, size 200, sort: id: ASC]]
2026-04-27 13:55:44.241 [http-nio-8080-exec-10] DEBUG c.r.c.aspect.ServiceLoggingAspect - Метод ShopService.getAllShops выполнился за 2 мс
2026-04-27 13:55:44.246 [http-nio-8080-exec-1] DEBUG c.r.c.aspect.ServiceLoggingAspect - Выполнение метода: CategoryService.getAllCategories с аргументами: []
2026-04-27 13:55:44.248 [http-nio-8080-exec-1] DEBUG c.r.c.aspect.ServiceLoggingAspect - Метод CategoryService.getAllCategories выполнился за 1 мс
2026-04-27 13:55:44.253 [http-nio-8080-exec-2] DEBUG c.r.c.aspect.ServiceLoggingAspect - Выполнение метода: ShopService.getAllShops с аргументами: [Page request [number: 0, size 5, sort: id: ASC]]
2026-04-27 13:55:44.255 [http-nio-8080-exec-2] DEBUG c.r.c.aspect.ServiceLoggingAspect - Метод ShopService.getAllShops выполнился за 2 мс
2026-04-27 13:56:29.868 [http-nio-8080-exec-3] DEBUG c.r.c.aspect.ServiceLoggingAspect - Выполнение метода: CheeseService.getAllCheeses с аргументами: []
2026-04-27 13:56:29.893 [http-nio-8080-exec-3] DEBUG c.r.c.aspect.ServiceLoggingAspect - Метод CheeseService.getAllCheeses выполнился за 24 мс
2026-04-27 13:56:29.910 [http-nio-8080-exec-4] DEBUG c.r.c.aspect.ServiceLoggingAspect - Выполнение метода: ProducerService.getAllProducers с аргументами: []
2026-04-27 13:56:29.910 [http-nio-8080-exec-4] DEBUG c.r.c.aspect.ServiceLoggingAspect - Метод ProducerService.getAllProducers выполнился за 0 мс
2026-04-27 13:56:29.919 [http-nio-8080-exec-5] DEBUG c.r.c.aspect.ServiceLoggingAspect - Выполнение метода: ShopService.getAllShops с аргументами: [Page request [number: 0, size 200, sort: id: ASC]]
2026-04-27 13:56:29.928 [http-nio-8080-exec-5] DEBUG c.r.c.aspect.ServiceLoggingAspect - Метод ShopService.getAllShops выполнился за 9 мс
2026-04-27 13:56:29.936 [http-nio-8080-exec-6] DEBUG c.r.c.aspect.ServiceLoggingAspect - Выполнение метода: CategoryService.getAllCategories с аргументами: []
2026-04-27 13:56:29.937 [http-nio-8080-exec-6] DEBUG c.r.c.aspect.ServiceLoggingAspect - Метод CategoryService.getAllCategories выполнился за 0 мс
2026-04-27 13:56:29.946 [http-nio-8080-exec-7] DEBUG c.r.c.aspect.ServiceLoggingAspect - Выполнение метода: ShopService.getAllShops с аргументами: [Page request [number: 0, size 5, sort: id: ASC]]
2026-04-27 13:56:29.947 [http-nio-8080-exec-7] DEBUG c.r.c.aspect.ServiceLoggingAspect - Метод ShopService.getAllShops выполнился за 1 мс
2026-04-27 13:56:38.895 [http-nio-8080-exec-8] DEBUG c.r.c.aspect.ServiceLoggingAspect - Выполнение метода: CheeseService.getAllCheesesWithGraph с аргументами: []
2026-04-27 13:56:38.910 [http-nio-8080-exec-8] DEBUG c.r.c.aspect.ServiceLoggingAspect - Метод CheeseService.getAllCheesesWithGraph выполнился за 15 мс
2026-04-27 13:56:45.412 [http-nio-8080-exec-9] DEBUG c.r.c.aspect.ServiceLoggingAspect - Выполнение метода: CheeseService.getAllCheeses с аргументами: []
2026-04-27 13:56:45.449 [http-nio-8080-exec-9] DEBUG c.r.c.aspect.ServiceLoggingAspect - Метод CheeseService.getAllCheeses выполнился за 37 мс
2026-04-27 13:56:45.461 [http-nio-8080-exec-10] DEBUG c.r.c.aspect.ServiceLoggingAspect - Выполнение метода: ProducerService.getAllProducers с аргументами: []
2026-04-27 13:56:45.461 [http-nio-8080-exec-10] DEBUG c.r.c.aspect.ServiceLoggingAspect - Метод ProducerService.getAllProducers выполнился за 0 мс
2026-04-27 13:56:45.468 [http-nio-8080-exec-1] DEBUG c.r.c.aspect.ServiceLoggingAspect - Выполнение метода: ShopService.getAllShops с аргументами: [Page request [number: 0, size 200, sort: id: ASC]]
2026-04-27 13:56:45.471 [http-nio-8080-exec-1] DEBUG c.r.c.aspect.ServiceLoggingAspect - Метод ShopService.getAllShops выполнился за 2 мс
2026-04-27 13:56:45.477 [http-nio-8080-exec-2] DEBUG c.r.c.aspect.ServiceLoggingAspect - Выполнение метода: CategoryService.getAllCategories с аргументами: []
2026-04-27 13:56:45.478 [http-nio-8080-exec-2] DEBUG c.r.c.aspect.ServiceLoggingAspect - Метод CategoryService.getAllCategories выполнился за 1 мс
2026-04-27 13:56:45.484 [http-nio-8080-exec-3] DEBUG c.r.c.aspect.ServiceLoggingAspect - Выполнение метода: ShopService.getAllShops с аргументами: [Page request [number: 0, size 5, sort: id: ASC]]
2026-04-27 13:56:45.486 [http-nio-8080-exec-3] DEBUG c.r.c.aspect.ServiceLoggingAspect - Метод ShopService.getAllShops выполнился за 2 мс
2026-04-27 13:56:49.238 [http-nio-8080-exec-4] DEBUG c.r.c.aspect.ServiceLoggingAspect - Выполнение метода: CheeseService.getAllCheeses с аргументами: []
2026-04-27 13:56:49.258 [http-nio-8080-exec-4] DEBUG c.r.c.aspect.ServiceLoggingAspect - Метод CheeseService.getAllCheeses выполнился за 19 мс
2026-04-27 13:56:49.275 [http-nio-8080-exec-5] DEBUG c.r.c.aspect.ServiceLoggingAspect - Выполнение метода: ProducerService.getAllProducers с аргументами: []
2026-04-27 13:56:49.275 [http-nio-8080-exec-5] DEBUG c.r.c.aspect.ServiceLoggingAspect - Метод ProducerService.getAllProducers выполнился за 0 мс
2026-04-27 13:56:49.288 [http-nio-8080-exec-6] DEBUG c.r.c.aspect.ServiceLoggingAspect - Выполнение метода: ShopService.getAllShops с аргументами: [Page request [number: 0, size 200, sort: id: ASC]]
2026-04-27 13:56:49.290 [http-nio-8080-exec-6] DEBUG c.r.c.aspect.ServiceLoggingAspect - Метод ShopService.getAllShops выполнился за 2 мс
2026-04-27 13:56:49.296 [http-nio-8080-exec-7] DEBUG c.r.c.aspect.ServiceLoggingAspect - Выполнение метода: CategoryService.getAllCategories с аргументами: []
2026-04-27 13:56:49.298 [http-nio-8080-exec-7] DEBUG c.r.c.aspect.ServiceLoggingAspect - Метод CategoryService.getAllCategories выполнился за 1 мс
2026-04-27 13:56:49.303 [http-nio-8080-exec-8] DEBUG c.r.c.aspect.ServiceLoggingAspect - Выполнение метода: ShopService.getAllShops с аргументами: [Page request [number: 0, size 5, sort: id: ASC]]
2026-04-27 13:56:49.307 [http-nio-8080-exec-8] DEBUG c.r.c.aspect.ServiceLoggingAspect - Метод ShopService.getAllShops выполнился за 3 мс
2026-04-27 13:56:50.158 [http-nio-8080-exec-9] DEBUG c.r.c.aspect.ServiceLoggingAspect - Выполнение метода: CheeseService.getAllCheesesWithGraph с аргументами: []
2026-04-27 13:56:50.172 [http-nio-8080-exec-9] DEBUG c.r.c.aspect.ServiceLoggingAspect - Метод CheeseService.getAllCheesesWithGraph выполнился за 14 мс
2026-04-27 13:56:51.791 [http-nio-8080-exec-10] DEBUG c.r.c.aspect.ServiceLoggingAspect - Выполнение метода: CheeseService.getAllCheesesWithGraph с аргументами: []
2026-04-27 13:56:51.798 [http-nio-8080-exec-10] DEBUG c.r.c.aspect.ServiceLoggingAspect - Метод CheeseService.getAllCheesesWithGraph выполнился за 6 мс
2026-04-27 13:56:52.542 [http-nio-8080-exec-1] DEBUG c.r.c.aspect.ServiceLoggingAspect - Выполнение метода: CheeseService.getAllCheesesWithGraph с аргументами: []
2026-04-27 13:56:52.549 [http-nio-8080-exec-1] DEBUG c.r.c.aspect.ServiceLoggingAspect - Метод CheeseService.getAllCheesesWithGraph выполнился за 7 мс
2026-04-27 13:56:52.734 [http-nio-8080-exec-2] DEBUG c.r.c.aspect.ServiceLoggingAspect - Выполнение метода: CheeseService.getAllCheesesWithGraph с аргументами: []
2026-04-27 13:56:52.739 [http-nio-8080-exec-2] DEBUG c.r.c.aspect.ServiceLoggingAspect - Метод CheeseService.getAllCheesesWithGraph выполнился за 5 мс
2026-04-27 13:56:54.916 [http-nio-8080-exec-3] DEBUG c.r.c.aspect.ServiceLoggingAspect - Выполнение метода: CheeseService.getAllCheeses с аргументами: []
2026-04-27 13:56:54.942 [http-nio-8080-exec-3] DEBUG c.r.c.aspect.ServiceLoggingAspect - Метод CheeseService.getAllCheeses выполнился за 26 мс
2026-04-27 13:56:54.955 [http-nio-8080-exec-4] DEBUG c.r.c.aspect.ServiceLoggingAspect - Выполнение метода: ProducerService.getAllProducers с аргументами: []
2026-04-27 13:56:54.955 [http-nio-8080-exec-4] DEBUG c.r.c.aspect.ServiceLoggingAspect - Метод ProducerService.getAllProducers выполнился за 0 мс
2026-04-27 13:56:54.963 [http-nio-8080-exec-5] DEBUG c.r.c.aspect.ServiceLoggingAspect - Выполнение метода: ShopService.getAllShops с аргументами: [Page request [number: 0, size 200, sort: id: ASC]]
2026-04-27 13:56:54.966 [http-nio-8080-exec-5] DEBUG c.r.c.aspect.ServiceLoggingAspect - Метод ShopService.getAllShops выполнился за 2 мс
2026-04-27 13:56:54.970 [http-nio-8080-exec-6] DEBUG c.r.c.aspect.ServiceLoggingAspect - Выполнение метода: CategoryService.getAllCategories с аргументами: []
2026-04-27 13:56:54.971 [http-nio-8080-exec-6] DEBUG c.r.c.aspect.ServiceLoggingAspect - Метод CategoryService.getAllCategories выполнился за 0 мс
2026-04-27 13:56:54.975 [http-nio-8080-exec-7] DEBUG c.r.c.aspect.ServiceLoggingAspect - Выполнение метода: ShopService.getAllShops с аргументами: [Page request [number: 0, size 5, sort: id: ASC]]
2026-04-27 13:56:54.978 [http-nio-8080-exec-7] DEBUG c.r.c.aspect.ServiceLoggingAspect - Метод ShopService.getAllShops выполнился за 2 мс
2026-04-27 13:58:08.214 [http-nio-8080-exec-8] DEBUG c.r.c.aspect.ServiceLoggingAspect - Выполнение метода: CheeseService.getAllCheeses с аргументами: []
2026-04-27 13:58:08.242 [http-nio-8080-exec-8] DEBUG c.r.c.aspect.ServiceLoggingAspect - Метод CheeseService.getAllCheeses выполнился за 28 мс
2026-04-27 13:58:08.260 [http-nio-8080-exec-9] DEBUG c.r.c.aspect.ServiceLoggingAspect - Выполнение метода: ProducerService.getAllProducers с аргументами: []
2026-04-27 13:58:08.260 [http-nio-8080-exec-9] DEBUG c.r.c.aspect.ServiceLoggingAspect - Метод ProducerService.getAllProducers выполнился за 0 мс
2026-04-27 13:58:08.266 [http-nio-8080-exec-10] DEBUG c.r.c.aspect.ServiceLoggingAspect - Выполнение метода: ShopService.getAllShops с аргументами: [Page request [number: 0, size 200, sort: id: ASC]]
2026-04-27 13:58:08.269 [http-nio-8080-exec-10] DEBUG c.r.c.aspect.ServiceLoggingAspect - Метод ShopService.getAllShops выполнился за 3 мс
2026-04-27 13:58:08.274 [http-nio-8080-exec-1] DEBUG c.r.c.aspect.ServiceLoggingAspect - Выполнение метода: CategoryService.getAllCategories с аргументами: []
2026-04-27 13:58:08.275 [http-nio-8080-exec-1] DEBUG c.r.c.aspect.ServiceLoggingAspect - Метод CategoryService.getAllCategories выполнился за 0 мс
2026-04-27 13:58:08.278 [http-nio-8080-exec-2] DEBUG c.r.c.aspect.ServiceLoggingAspect - Выполнение метода: ShopService.getAllShops с аргументами: [Page request [number: 0, size 5, sort: id: ASC]]
2026-04-27 13:58:08.280 [http-nio-8080-exec-2] DEBUG c.r.c.aspect.ServiceLoggingAspect - Метод ShopService.getAllShops выполнился за 2 мс
2026-04-27 13:58:08.723 [http-nio-8080-exec-3] DEBUG c.r.c.aspect.ServiceLoggingAspect - Выполнение метода: CheeseService.getAllCheeses с аргументами: []
2026-04-27 13:58:08.737 [http-nio-8080-exec-3] DEBUG c.r.c.aspect.ServiceLoggingAspect - Метод CheeseService.getAllCheeses выполнился за 14 мс
2026-04-27 13:58:08.746 [http-nio-8080-exec-4] DEBUG c.r.c.aspect.ServiceLoggingAspect - Выполнение метода: ProducerService.getAllProducers с аргументами: []
2026-04-27 13:58:08.746 [http-nio-8080-exec-4] DEBUG c.r.c.aspect.ServiceLoggingAspect - Метод ProducerService.getAllProducers выполнился за 0 мс
2026-04-27 13:58:08.756 [http-nio-8080-exec-5] DEBUG c.r.c.aspect.ServiceLoggingAspect - Выполнение метода: ShopService.getAllShops с аргументами: [Page request [number: 0, size 200, sort: id: ASC]]
2026-04-27 13:58:08.759 [http-nio-8080-exec-5] DEBUG c.r.c.aspect.ServiceLoggingAspect - Метод ShopService.getAllShops выполнился за 3 мс
2026-04-27 13:58:08.765 [http-nio-8080-exec-6] DEBUG c.r.c.aspect.ServiceLoggingAspect - Выполнение метода: CategoryService.getAllCategories с аргументами: []
2026-04-27 13:58:08.767 [http-nio-8080-exec-6] DEBUG c.r.c.aspect.ServiceLoggingAspect - Метод CategoryService.getAllCategories выполнился за 2 мс
2026-04-27 13:58:08.773 [http-nio-8080-exec-7] DEBUG c.r.c.aspect.ServiceLoggingAspect - Выполнение метода: ShopService.getAllShops с аргументами: [Page request [number: 0, size 5, sort: id: ASC]]
2026-04-27 13:58:08.775 [http-nio-8080-exec-7] DEBUG c.r.c.aspect.ServiceLoggingAspect - Метод ShopService.getAllShops выполнился за 2 мс
2026-04-27 13:58:08.938 [http-nio-8080-exec-8] DEBUG c.r.c.aspect.ServiceLoggingAspect - Выполнение метода: CheeseService.getAllCheeses с аргументами: []
2026-04-27 13:58:08.949 [http-nio-8080-exec-8] DEBUG c.r.c.aspect.ServiceLoggingAspect - Метод CheeseService.getAllCheeses выполнился за 11 мс
2026-04-27 13:58:08.962 [http-nio-8080-exec-9] DEBUG c.r.c.aspect.ServiceLoggingAspect - Выполнение метода: ProducerService.getAllProducers с аргументами: []
2026-04-27 13:58:08.962 [http-nio-8080-exec-9] DEBUG c.r.c.aspect.ServiceLoggingAspect - Метод ProducerService.getAllProducers выполнился за 0 мс
2026-04-27 13:58:08.971 [http-nio-8080-exec-10] DEBUG c.r.c.aspect.ServiceLoggingAspect - Выполнение метода: ShopService.getAllShops с аргументами: [Page request [number: 0, size 200, sort: id: ASC]]
2026-04-27 13:58:08.975 [http-nio-8080-exec-10] DEBUG c.r.c.aspect.ServiceLoggingAspect - Метод ShopService.getAllShops выполнился за 3 мс
2026-04-27 13:58:08.986 [http-nio-8080-exec-1] DEBUG c.r.c.aspect.ServiceLoggingAspect - Выполнение метода: CategoryService.getAllCategories с аргументами: []
2026-04-27 13:58:08.989 [http-nio-8080-exec-1] DEBUG c.r.c.aspect.ServiceLoggingAspect - Метод CategoryService.getAllCategories выполнился за 2 мс
2026-04-27 13:58:08.999 [http-nio-8080-exec-2] DEBUG c.r.c.aspect.ServiceLoggingAspect - Выполнение метода: ShopService.getAllShops с аргументами: [Page request [number: 0, size 5, sort: id: ASC]]
2026-04-27 13:58:09.001 [http-nio-8080-exec-2] DEBUG c.r.c.aspect.ServiceLoggingAspect - Метод ShopService.getAllShops выполнился за 2 мс
2026-04-27 13:58:09.090 [http-nio-8080-exec-3] DEBUG c.r.c.aspect.ServiceLoggingAspect - Выполнение метода: CheeseService.getAllCheeses с аргументами: []
2026-04-27 13:58:09.099 [http-nio-8080-exec-3] DEBUG c.r.c.aspect.ServiceLoggingAspect - Метод CheeseService.getAllCheeses выполнился за 9 мс
2026-04-27 13:58:09.108 [http-nio-8080-exec-4] DEBUG c.r.c.aspect.ServiceLoggingAspect - Выполнение метода: ProducerService.getAllProducers с аргументами: []
2026-04-27 13:58:09.109 [http-nio-8080-exec-4] DEBUG c.r.c.aspect.ServiceLoggingAspect - Метод ProducerService.getAllProducers выполнился за 0 мс
2026-04-27 13:58:09.117 [http-nio-8080-exec-5] DEBUG c.r.c.aspect.ServiceLoggingAspect - Выполнение метода: ShopService.getAllShops с аргументами: [Page request [number: 0, size 200, sort: id: ASC]]
2026-04-27 13:58:09.119 [http-nio-8080-exec-5] DEBUG c.r.c.aspect.ServiceLoggingAspect - Метод ShopService.getAllShops выполнился за 2 мс
2026-04-27 13:58:09.136 [http-nio-8080-exec-6] DEBUG c.r.c.aspect.ServiceLoggingAspect - Выполнение метода: CategoryService.getAllCategories с аргументами: []
2026-04-27 13:58:09.138 [http-nio-8080-exec-6] DEBUG c.r.c.aspect.ServiceLoggingAspect - Метод CategoryService.getAllCategories выполнился за 1 мс
2026-04-27 13:58:09.151 [http-nio-8080-exec-7] DEBUG c.r.c.aspect.ServiceLoggingAspect - Выполнение метода: ShopService.getAllShops с аргументами: [Page request [number: 0, size 5, sort: id: ASC]]
2026-04-27 13:58:09.153 [http-nio-8080-exec-7] DEBUG c.r.c.aspect.ServiceLoggingAspect - Метод ShopService.getAllShops выполнился за 2 мс
2026-04-27 13:58:09.290 [http-nio-8080-exec-8] DEBUG c.r.c.aspect.ServiceLoggingAspect - Выполнение метода: CheeseService.getAllCheeses с аргументами: []
2026-04-27 13:58:09.305 [http-nio-8080-exec-8] DEBUG c.r.c.aspect.ServiceLoggingAspect - Метод CheeseService.getAllCheeses выполнился за 14 мс
2026-04-27 13:58:09.313 [http-nio-8080-exec-9] DEBUG c.r.c.aspect.ServiceLoggingAspect - Выполнение метода: ProducerService.getAllProducers с аргументами: []
2026-04-27 13:58:09.313 [http-nio-8080-exec-9] DEBUG c.r.c.aspect.ServiceLoggingAspect - Метод ProducerService.getAllProducers выполнился за 0 мс
2026-04-27 13:58:09.319 [http-nio-8080-exec-10] DEBUG c.r.c.aspect.ServiceLoggingAspect - Выполнение метода: ShopService.getAllShops с аргументами: [Page request [number: 0, size 200, sort: id: ASC]]
2026-04-27 13:58:09.321 [http-nio-8080-exec-10] DEBUG c.r.c.aspect.ServiceLoggingAspect - Метод ShopService.getAllShops выполнился за 2 мс
2026-04-27 13:58:09.328 [http-nio-8080-exec-1] DEBUG c.r.c.aspect.ServiceLoggingAspect - Выполнение метода: CategoryService.getAllCategories с аргументами: []
2026-04-27 13:58:09.329 [http-nio-8080-exec-1] DEBUG c.r.c.aspect.ServiceLoggingAspect - Метод CategoryService.getAllCategories выполнился за 1 мс
2026-04-27 13:58:09.335 [http-nio-8080-exec-2] DEBUG c.r.c.aspect.ServiceLoggingAspect - Выполнение метода: ShopService.getAllShops с аргументами: [Page request [number: 0, size 5, sort: id: ASC]]
2026-04-27 13:58:09.338 [http-nio-8080-exec-2] DEBUG c.r.c.aspect.ServiceLoggingAspect - Метод ShopService.getAllShops выполнился за 2 мс
2026-04-27 13:58:09.487 [http-nio-8080-exec-3] DEBUG c.r.c.aspect.ServiceLoggingAspect - Выполнение метода: CheeseService.getAllCheeses с аргументами: []
2026-04-27 13:58:09.505 [http-nio-8080-exec-3] DEBUG c.r.c.aspect.ServiceLoggingAspect - Метод CheeseService.getAllCheeses выполнился за 18 мс
2026-04-27 13:58:09.519 [http-nio-8080-exec-4] DEBUG c.r.c.aspect.ServiceLoggingAspect - Выполнение метода: ProducerService.getAllProducers с аргументами: []
2026-04-27 13:58:09.520 [http-nio-8080-exec-4] DEBUG c.r.c.aspect.ServiceLoggingAspect - Метод ProducerService.getAllProducers выполнился за 0 мс
2026-04-27 13:58:09.530 [http-nio-8080-exec-5] DEBUG c.r.c.aspect.ServiceLoggingAspect - Выполнение метода: ShopService.getAllShops с аргументами: [Page request [number: 0, size 200, sort: id: ASC]]
2026-04-27 13:58:09.532 [http-nio-8080-exec-5] DEBUG c.r.c.aspect.ServiceLoggingAspect - Метод ShopService.getAllShops выполнился за 2 мс
2026-04-27 13:58:09.546 [http-nio-8080-exec-6] DEBUG c.r.c.aspect.ServiceLoggingAspect - Выполнение метода: CategoryService.getAllCategories с аргументами: []
2026-04-27 13:58:09.552 [http-nio-8080-exec-6] DEBUG c.r.c.aspect.ServiceLoggingAspect - Метод CategoryService.getAllCategories выполнился за 6 мс
2026-04-27 13:58:09.560 [http-nio-8080-exec-7] DEBUG c.r.c.aspect.ServiceLoggingAspect - Выполнение метода: ShopService.getAllShops с аргументами: [Page request [number: 0, size 5, sort: id: ASC]]
2026-04-27 13:58:09.561 [http-nio-8080-exec-7] DEBUG c.r.c.aspect.ServiceLoggingAspect - Метод ShopService.getAllShops выполнился за 1 мс
2026-04-27 13:58:09.674 [http-nio-8080-exec-8] DEBUG c.r.c.aspect.ServiceLoggingAspect - Выполнение метода: CheeseService.getAllCheeses с аргументами: []
2026-04-27 13:58:09.692 [http-nio-8080-exec-8] DEBUG c.r.c.aspect.ServiceLoggingAspect - Метод CheeseService.getAllCheeses выполнился за 18 мс
2026-04-27 13:58:09.705 [http-nio-8080-exec-9] DEBUG c.r.c.aspect.ServiceLoggingAspect - Выполнение метода: ProducerService.getAllProducers с аргументами: []
2026-04-27 13:58:09.706 [http-nio-8080-exec-9] DEBUG c.r.c.aspect.ServiceLoggingAspect - Метод ProducerService.getAllProducers выполнился за 0 мс
2026-04-27 13:58:09.715 [http-nio-8080-exec-10] DEBUG c.r.c.aspect.ServiceLoggingAspect - Выполнение метода: ShopService.getAllShops с аргументами: [Page request [number: 0, size 200, sort: id: ASC]]
2026-04-27 13:58:09.718 [http-nio-8080-exec-10] DEBUG c.r.c.aspect.ServiceLoggingAspect - Метод ShopService.getAllShops выполнился за 2 мс
2026-04-27 13:58:09.728 [http-nio-8080-exec-1] DEBUG c.r.c.aspect.ServiceLoggingAspect - Выполнение метода: CategoryService.getAllCategories с аргументами: []
2026-04-27 13:58:09.730 [http-nio-8080-exec-1] DEBUG c.r.c.aspect.ServiceLoggingAspect - Метод CategoryService.getAllCategories выполнился за 1 мс
2026-04-27 13:58:09.739 [http-nio-8080-exec-2] DEBUG c.r.c.aspect.ServiceLoggingAspect - Выполнение метода: ShopService.getAllShops с аргументами: [Page request [number: 0, size 5, sort: id: ASC]]
2026-04-27 13:58:09.741 [http-nio-8080-exec-2] DEBUG c.r.c.aspect.ServiceLoggingAspect - Метод ShopService.getAllShops выполнился за 2 мс
2026-04-27 13:58:09.840 [http-nio-8080-exec-3] DEBUG c.r.c.aspect.ServiceLoggingAspect - Выполнение метода: CheeseService.getAllCheeses с аргументами: []
2026-04-27 13:58:09.860 [http-nio-8080-exec-3] DEBUG c.r.c.aspect.ServiceLoggingAspect - Метод CheeseService.getAllCheeses выполнился за 20 мс
2026-04-27 13:58:09.873 [http-nio-8080-exec-4] DEBUG c.r.c.aspect.ServiceLoggingAspect - Выполнение метода: ProducerService.getAllProducers с аргументами: []
2026-04-27 13:58:09.874 [http-nio-8080-exec-4] DEBUG c.r.c.aspect.ServiceLoggingAspect - Метод ProducerService.getAllProducers выполнился за 0 мс
2026-04-27 13:58:09.884 [http-nio-8080-exec-5] DEBUG c.r.c.aspect.ServiceLoggingAspect - Выполнение метода: ShopService.getAllShops с аргументами: [Page request [number: 0, size 200, sort: id: ASC]]
2026-04-27 13:58:09.887 [http-nio-8080-exec-5] DEBUG c.r.c.aspect.ServiceLoggingAspect - Метод ShopService.getAllShops выполнился за 2 мс
2026-04-27 13:58:09.898 [http-nio-8080-exec-6] DEBUG c.r.c.aspect.ServiceLoggingAspect - Выполнение метода: CategoryService.getAllCategories с аргументами: []
2026-04-27 13:58:09.900 [http-nio-8080-exec-6] DEBUG c.r.c.aspect.ServiceLoggingAspect - Метод CategoryService.getAllCategories выполнился за 1 мс
2026-04-27 13:58:09.909 [http-nio-8080-exec-7] DEBUG c.r.c.aspect.ServiceLoggingAspect - Выполнение метода: ShopService.getAllShops с аргументами: [Page request [number: 0, size 5, sort: id: ASC]]
2026-04-27 13:58:09.911 [http-nio-8080-exec-7] DEBUG c.r.c.aspect.ServiceLoggingAspect - Метод ShopService.getAllShops выполнился за 2 мс
2026-04-27 13:58:10.023 [http-nio-8080-exec-8] DEBUG c.r.c.aspect.ServiceLoggingAspect - Выполнение метода: CheeseService.getAllCheeses с аргументами: []
2026-04-27 13:58:10.042 [http-nio-8080-exec-8] DEBUG c.r.c.aspect.ServiceLoggingAspect - Метод CheeseService.getAllCheeses выполнился за 18 мс
2026-04-27 13:58:10.056 [http-nio-8080-exec-9] DEBUG c.r.c.aspect.ServiceLoggingAspect - Выполнение метода: ProducerService.getAllProducers с аргументами: []
2026-04-27 13:58:10.056 [http-nio-8080-exec-9] DEBUG c.r.c.aspect.ServiceLoggingAspect - Метод ProducerService.getAllProducers выполнился за 0 мс
2026-04-27 13:58:10.064 [http-nio-8080-exec-10] DEBUG c.r.c.aspect.ServiceLoggingAspect - Выполнение метода: ShopService.getAllShops с аргументами: [Page request [number: 0, size 200, sort: id: ASC]]
2026-04-27 13:58:10.067 [http-nio-8080-exec-10] DEBUG c.r.c.aspect.ServiceLoggingAspect - Метод ShopService.getAllShops выполнился за 2 мс
2026-04-27 13:58:10.073 [http-nio-8080-exec-1] DEBUG c.r.c.aspect.ServiceLoggingAspect - Выполнение метода: CategoryService.getAllCategories с аргументами: []
2026-04-27 13:58:10.075 [http-nio-8080-exec-1] DEBUG c.r.c.aspect.ServiceLoggingAspect - Метод CategoryService.getAllCategories выполнился за 2 мс
2026-04-27 13:58:10.083 [http-nio-8080-exec-2] DEBUG c.r.c.aspect.ServiceLoggingAspect - Выполнение метода: ShopService.getAllShops с аргументами: [Page request [number: 0, size 5, sort: id: ASC]]
2026-04-27 13:58:10.086 [http-nio-8080-exec-2] DEBUG c.r.c.aspect.ServiceLoggingAspect - Метод ShopService.getAllShops выполнился за 2 мс
2026-04-27 13:58:10.208 [http-nio-8080-exec-3] DEBUG c.r.c.aspect.ServiceLoggingAspect - Выполнение метода: CheeseService.getAllCheeses с аргументами: []
2026-04-27 13:58:10.228 [http-nio-8080-exec-3] DEBUG c.r.c.aspect.ServiceLoggingAspect - Метод CheeseService.getAllCheeses выполнился за 19 мс
2026-04-27 13:58:10.241 [http-nio-8080-exec-4] DEBUG c.r.c.aspect.ServiceLoggingAspect - Выполнение метода: ProducerService.getAllProducers с аргументами: []
2026-04-27 13:58:10.241 [http-nio-8080-exec-4] DEBUG c.r.c.aspect.ServiceLoggingAspect - Метод ProducerService.getAllProducers выполнился за 0 мс
2026-04-27 13:58:10.250 [http-nio-8080-exec-5] DEBUG c.r.c.aspect.ServiceLoggingAspect - Выполнение метода: ShopService.getAllShops с аргументами: [Page request [number: 0, size 200, sort: id: ASC]]
2026-04-27 13:58:10.253 [http-nio-8080-exec-5] DEBUG c.r.c.aspect.ServiceLoggingAspect - Метод ShopService.getAllShops выполнился за 2 мс
2026-04-27 13:58:10.267 [http-nio-8080-exec-6] DEBUG c.r.c.aspect.ServiceLoggingAspect - Выполнение метода: CategoryService.getAllCategories с аргументами: []
2026-04-27 13:58:10.269 [http-nio-8080-exec-6] DEBUG c.r.c.aspect.ServiceLoggingAspect - Метод CategoryService.getAllCategories выполнился за 2 мс
2026-04-27 13:58:10.277 [http-nio-8080-exec-7] DEBUG c.r.c.aspect.ServiceLoggingAspect - Выполнение метода: ShopService.getAllShops с аргументами: [Page request [number: 0, size 5, sort: id: ASC]]
2026-04-27 13:58:10.281 [http-nio-8080-exec-7] DEBUG c.r.c.aspect.ServiceLoggingAspect - Метод ShopService.getAllShops выполнился за 3 мс
2026-04-27 13:58:10.371 [http-nio-8080-exec-8] DEBUG c.r.c.aspect.ServiceLoggingAspect - Выполнение метода: CheeseService.getAllCheeses с аргументами: []
2026-04-27 13:58:10.384 [http-nio-8080-exec-8] DEBUG c.r.c.aspect.ServiceLoggingAspect - Метод CheeseService.getAllCheeses выполнился за 13 мс
2026-04-27 13:58:10.392 [http-nio-8080-exec-9] DEBUG c.r.c.aspect.ServiceLoggingAspect - Выполнение метода: ProducerService.getAllProducers с аргументами: []
2026-04-27 13:58:10.392 [http-nio-8080-exec-9] DEBUG c.r.c.aspect.ServiceLoggingAspect - Метод ProducerService.getAllProducers выполнился за 0 мс
2026-04-27 13:58:10.398 [http-nio-8080-exec-10] DEBUG c.r.c.aspect.ServiceLoggingAspect - Выполнение метода: ShopService.getAllShops с аргументами: [Page request [number: 0, size 200, sort: id: ASC]]
2026-04-27 13:58:10.404 [http-nio-8080-exec-10] DEBUG c.r.c.aspect.ServiceLoggingAspect - Метод ShopService.getAllShops выполнился за 6 мс
2026-04-27 13:58:10.414 [http-nio-8080-exec-1] DEBUG c.r.c.aspect.ServiceLoggingAspect - Выполнение метода: CategoryService.getAllCategories с аргументами: []
2026-04-27 13:58:10.469 [http-nio-8080-exec-1] DEBUG c.r.c.aspect.ServiceLoggingAspect - Метод CategoryService.getAllCategories выполнился за 55 мс
2026-04-27 13:58:10.476 [http-nio-8080-exec-2] DEBUG c.r.c.aspect.ServiceLoggingAspect - Выполнение метода: ShopService.getAllShops с аргументами: [Page request [number: 0, size 5, sort: id: ASC]]
2026-04-27 13:58:10.477 [http-nio-8080-exec-2] DEBUG c.r.c.aspect.ServiceLoggingAspect - Метод ShopService.getAllShops выполнился за 1 мс
2026-04-27 13:58:10.706 [http-nio-8080-exec-3] DEBUG c.r.c.aspect.ServiceLoggingAspect - Выполнение метода: CheeseService.getAllCheeses с аргументами: []
2026-04-27 13:58:10.730 [http-nio-8080-exec-3] DEBUG c.r.c.aspect.ServiceLoggingAspect - Метод CheeseService.getAllCheeses выполнился за 24 мс
2026-04-27 13:58:10.744 [http-nio-8080-exec-4] DEBUG c.r.c.aspect.ServiceLoggingAspect - Выполнение метода: ProducerService.getAllProducers с аргументами: []
2026-04-27 13:58:10.744 [http-nio-8080-exec-4] DEBUG c.r.c.aspect.ServiceLoggingAspect - Метод ProducerService.getAllProducers выполнился за 0 мс
2026-04-27 13:58:10.755 [http-nio-8080-exec-5] DEBUG c.r.c.aspect.ServiceLoggingAspect - Выполнение метода: ShopService.getAllShops с аргументами: [Page request [number: 0, size 200, sort: id: ASC]]
2026-04-27 13:58:10.758 [http-nio-8080-exec-5] DEBUG c.r.c.aspect.ServiceLoggingAspect - Метод ShopService.getAllShops выполнился за 2 мс
2026-04-27 13:58:10.769 [http-nio-8080-exec-6] DEBUG c.r.c.aspect.ServiceLoggingAspect - Выполнение метода: CategoryService.getAllCategories с аргументами: []
2026-04-27 13:58:10.771 [http-nio-8080-exec-6] DEBUG c.r.c.aspect.ServiceLoggingAspect - Метод CategoryService.getAllCategories выполнился за 2 мс
2026-04-27 13:58:10.784 [http-nio-8080-exec-7] DEBUG c.r.c.aspect.ServiceLoggingAspect - Выполнение метода: ShopService.getAllShops с аргументами: [Page request [number: 0, size 5, sort: id: ASC]]
2026-04-27 13:58:10.788 [http-nio-8080-exec-7] DEBUG c.r.c.aspect.ServiceLoggingAspect - Метод ShopService.getAllShops выполнился за 3 мс
2026-04-27 13:58:10.875 [http-nio-8080-exec-8] DEBUG c.r.c.aspect.ServiceLoggingAspect - Выполнение метода: CheeseService.getAllCheeses с аргументами: []
2026-04-27 13:58:10.895 [http-nio-8080-exec-8] DEBUG c.r.c.aspect.ServiceLoggingAspect - Метод CheeseService.getAllCheeses выполнился за 20 мс
2026-04-27 13:58:10.916 [http-nio-8080-exec-9] DEBUG c.r.c.aspect.ServiceLoggingAspect - Выполнение метода: ProducerService.getAllProducers с аргументами: []
2026-04-27 13:58:10.916 [http-nio-8080-exec-9] DEBUG c.r.c.aspect.ServiceLoggingAspect - Метод ProducerService.getAllProducers выполнился за 0 мс
2026-04-27 13:58:10.923 [http-nio-8080-exec-10] DEBUG c.r.c.aspect.ServiceLoggingAspect - Выполнение метода: ShopService.getAllShops с аргументами: [Page request [number: 0, size 200, sort: id: ASC]]
2026-04-27 13:58:10.925 [http-nio-8080-exec-10] DEBUG c.r.c.aspect.ServiceLoggingAspect - Метод ShopService.getAllShops выполнился за 1 мс
2026-04-27 13:58:10.931 [http-nio-8080-exec-1] DEBUG c.r.c.aspect.ServiceLoggingAspect - Выполнение метода: CategoryService.getAllCategories с аргументами: []
2026-04-27 13:58:10.932 [http-nio-8080-exec-1] DEBUG c.r.c.aspect.ServiceLoggingAspect - Метод CategoryService.getAllCategories выполнился за 1 мс
2026-04-27 13:58:10.938 [http-nio-8080-exec-2] DEBUG c.r.c.aspect.ServiceLoggingAspect - Выполнение метода: ShopService.getAllShops с аргументами: [Page request [number: 0, size 5, sort: id: ASC]]
2026-04-27 13:58:10.940 [http-nio-8080-exec-2] DEBUG c.r.c.aspect.ServiceLoggingAspect - Метод ShopService.getAllShops выполнился за 2 мс
2026-04-27 13:58:11.025 [http-nio-8080-exec-3] DEBUG c.r.c.aspect.ServiceLoggingAspect - Выполнение метода: CheeseService.getAllCheeses с аргументами: []
2026-04-27 13:58:11.031 [http-nio-8080-exec-3] DEBUG c.r.c.aspect.ServiceLoggingAspect - Метод CheeseService.getAllCheeses выполнился за 5 мс
2026-04-27 13:58:11.036 [http-nio-8080-exec-4] DEBUG c.r.c.aspect.ServiceLoggingAspect - Выполнение метода: ProducerService.getAllProducers с аргументами: []
2026-04-27 13:58:11.036 [http-nio-8080-exec-4] DEBUG c.r.c.aspect.ServiceLoggingAspect - Метод ProducerService.getAllProducers выполнился за 0 мс
2026-04-27 13:58:11.040 [http-nio-8080-exec-5] DEBUG c.r.c.aspect.ServiceLoggingAspect - Выполнение метода: ShopService.getAllShops с аргументами: [Page request [number: 0, size 200, sort: id: ASC]]
2026-04-27 13:58:11.041 [http-nio-8080-exec-5] DEBUG c.r.c.aspect.ServiceLoggingAspect - Метод ShopService.getAllShops выполнился за 0 мс
2026-04-27 13:58:11.044 [http-nio-8080-exec-6] DEBUG c.r.c.aspect.ServiceLoggingAspect - Выполнение метода: CategoryService.getAllCategories с аргументами: []
2026-04-27 13:58:11.045 [http-nio-8080-exec-6] DEBUG c.r.c.aspect.ServiceLoggingAspect - Метод CategoryService.getAllCategories выполнился за 0 мс
2026-04-27 13:58:11.051 [http-nio-8080-exec-7] DEBUG c.r.c.aspect.ServiceLoggingAspect - Выполнение метода: ShopService.getAllShops с аргументами: [Page request [number: 0, size 5, sort: id: ASC]]
2026-04-27 13:58:11.053 [http-nio-8080-exec-7] DEBUG c.r.c.aspect.ServiceLoggingAspect - Метод ShopService.getAllShops выполнился за 1 мс
2026-04-27 13:58:11.188 [http-nio-8080-exec-8] DEBUG c.r.c.aspect.ServiceLoggingAspect - Выполнение метода: CheeseService.getAllCheeses с аргументами: []
2026-04-27 13:58:11.211 [http-nio-8080-exec-8] DEBUG c.r.c.aspect.ServiceLoggingAspect - Метод CheeseService.getAllCheeses выполнился за 22 мс
2026-04-27 13:58:11.229 [http-nio-8080-exec-9] DEBUG c.r.c.aspect.ServiceLoggingAspect - Выполнение метода: ProducerService.getAllProducers с аргументами: []
2026-04-27 13:58:11.229 [http-nio-8080-exec-9] DEBUG c.r.c.aspect.ServiceLoggingAspect - Метод ProducerService.getAllProducers выполнился за 0 мс
2026-04-27 13:58:11.236 [http-nio-8080-exec-10] DEBUG c.r.c.aspect.ServiceLoggingAspect - Выполнение метода: ShopService.getAllShops с аргументами: [Page request [number: 0, size 200, sort: id: ASC]]
2026-04-27 13:58:11.239 [http-nio-8080-exec-10] DEBUG c.r.c.aspect.ServiceLoggingAspect - Метод ShopService.getAllShops выполнился за 2 мс
2026-04-27 13:58:11.245 [http-nio-8080-exec-1] DEBUG c.r.c.aspect.ServiceLoggingAspect - Выполнение метода: CategoryService.getAllCategories с аргументами: []
2026-04-27 13:58:11.246 [http-nio-8080-exec-1] DEBUG c.r.c.aspect.ServiceLoggingAspect - Метод CategoryService.getAllCategories выполнился за 1 мс
2026-04-27 13:58:11.255 [http-nio-8080-exec-2] DEBUG c.r.c.aspect.ServiceLoggingAspect - Выполнение метода: ShopService.getAllShops с аргументами: [Page request [number: 0, size 5, sort: id: ASC]]
2026-04-27 13:58:11.257 [http-nio-8080-exec-2] DEBUG c.r.c.aspect.ServiceLoggingAspect - Метод ShopService.getAllShops выполнился за 2 мс
2026-04-27 13:58:11.356 [http-nio-8080-exec-3] DEBUG c.r.c.aspect.ServiceLoggingAspect - Выполнение метода: CheeseService.getAllCheeses с аргументами: []
2026-04-27 13:58:11.376 [http-nio-8080-exec-3] DEBUG c.r.c.aspect.ServiceLoggingAspect - Метод CheeseService.getAllCheeses выполнился за 19 мс
2026-04-27 13:58:11.390 [http-nio-8080-exec-4] DEBUG c.r.c.aspect.ServiceLoggingAspect - Выполнение метода: ProducerService.getAllProducers с аргументами: []
2026-04-27 13:58:11.390 [http-nio-8080-exec-4] DEBUG c.r.c.aspect.ServiceLoggingAspect - Метод ProducerService.getAllProducers выполнился за 0 мс
2026-04-27 13:58:11.400 [http-nio-8080-exec-5] DEBUG c.r.c.aspect.ServiceLoggingAspect - Выполнение метода: ShopService.getAllShops с аргументами: [Page request [number: 0, size 200, sort: id: ASC]]
2026-04-27 13:58:11.402 [http-nio-8080-exec-5] DEBUG c.r.c.aspect.ServiceLoggingAspect - Метод ShopService.getAllShops выполнился за 2 мс
2026-04-27 13:58:11.420 [http-nio-8080-exec-6] DEBUG c.r.c.aspect.ServiceLoggingAspect - Выполнение метода: CategoryService.getAllCategories с аргументами: []
2026-04-27 13:58:11.421 [http-nio-8080-exec-6] DEBUG c.r.c.aspect.ServiceLoggingAspect - Метод CategoryService.getAllCategories выполнился за 1 мс
2026-04-27 13:58:11.430 [http-nio-8080-exec-7] DEBUG c.r.c.aspect.ServiceLoggingAspect - Выполнение метода: ShopService.getAllShops с аргументами: [Page request [number: 0, size 5, sort: id: ASC]]
2026-04-27 13:58:11.434 [http-nio-8080-exec-7] DEBUG c.r.c.aspect.ServiceLoggingAspect - Метод ShopService.getAllShops выполнился за 4 мс
2026-04-27 13:58:48.574 [http-nio-8080-exec-8] DEBUG c.r.c.aspect.ServiceLoggingAspect - Выполнение метода: CheeseService.getAllCheeses с аргументами: []
2026-04-27 13:58:48.595 [http-nio-8080-exec-8] DEBUG c.r.c.aspect.ServiceLoggingAspect - Метод CheeseService.getAllCheeses выполнился за 21 мс
2026-04-27 13:58:48.606 [http-nio-8080-exec-9] DEBUG c.r.c.aspect.ServiceLoggingAspect - Выполнение метода: ProducerService.getAllProducers с аргументами: []
2026-04-27 13:58:48.607 [http-nio-8080-exec-9] DEBUG c.r.c.aspect.ServiceLoggingAspect - Метод ProducerService.getAllProducers выполнился за 0 мс
2026-04-27 13:58:48.627 [http-nio-8080-exec-10] DEBUG c.r.c.aspect.ServiceLoggingAspect - Выполнение метода: ShopService.getAllShops с аргументами: [Page request [number: 0, size 200, sort: id: ASC]]
2026-04-27 13:58:48.632 [http-nio-8080-exec-10] DEBUG c.r.c.aspect.ServiceLoggingAspect - Метод ShopService.getAllShops выполнился за 4 мс
2026-04-27 13:58:48.638 [http-nio-8080-exec-1] DEBUG c.r.c.aspect.ServiceLoggingAspect - Выполнение метода: CategoryService.getAllCategories с аргументами: []
2026-04-27 13:58:48.639 [http-nio-8080-exec-1] DEBUG c.r.c.aspect.ServiceLoggingAspect - Метод CategoryService.getAllCategories выполнился за 0 мс
2026-04-27 13:58:48.644 [http-nio-8080-exec-2] DEBUG c.r.c.aspect.ServiceLoggingAspect - Выполнение метода: ShopService.getAllShops с аргументами: [Page request [number: 0, size 5, sort: id: ASC]]
2026-04-27 13:58:48.649 [http-nio-8080-exec-2] DEBUG c.r.c.aspect.ServiceLoggingAspect - Метод ShopService.getAllShops выполнился за 4 мс
2026-04-27 13:58:54.560 [http-nio-8080-exec-3] DEBUG c.r.c.aspect.ServiceLoggingAspect - Выполнение метода: CheeseService.getAllCheeses с аргументами: []
2026-04-27 13:58:54.571 [http-nio-8080-exec-3] DEBUG c.r.c.aspect.ServiceLoggingAspect - Метод CheeseService.getAllCheeses выполнился за 10 мс
2026-04-27 13:58:54.579 [http-nio-8080-exec-4] DEBUG c.r.c.aspect.ServiceLoggingAspect - Выполнение метода: ProducerService.getAllProducers с аргументами: []
2026-04-27 13:58:54.580 [http-nio-8080-exec-4] DEBUG c.r.c.aspect.ServiceLoggingAspect - Метод ProducerService.getAllProducers выполнился за 0 мс
2026-04-27 13:58:54.585 [http-nio-8080-exec-5] DEBUG c.r.c.aspect.ServiceLoggingAspect - Выполнение метода: ShopService.getAllShops с аргументами: [Page request [number: 0, size 200, sort: id: ASC]]
2026-04-27 13:58:54.586 [http-nio-8080-exec-5] DEBUG c.r.c.aspect.ServiceLoggingAspect - Метод ShopService.getAllShops выполнился за 1 мс
2026-04-27 13:58:54.593 [http-nio-8080-exec-6] DEBUG c.r.c.aspect.ServiceLoggingAspect - Выполнение метода: CategoryService.getAllCategories с аргументами: []
2026-04-27 13:58:54.594 [http-nio-8080-exec-6] DEBUG c.r.c.aspect.ServiceLoggingAspect - Метод CategoryService.getAllCategories выполнился за 1 мс
2026-04-27 13:58:54.598 [http-nio-8080-exec-7] DEBUG c.r.c.aspect.ServiceLoggingAspect - Выполнение метода: ShopService.getAllShops с аргументами: [Page request [number: 0, size 5, sort: id: ASC]]
2026-04-27 13:58:54.600 [http-nio-8080-exec-7] DEBUG c.r.c.aspect.ServiceLoggingAspect - Метод ShopService.getAllShops выполнился за 1 мс
2026-04-27 13:59:01.287 [http-nio-8080-exec-8] DEBUG c.r.c.aspect.ServiceLoggingAspect - Выполнение метода: CheeseService.getAllCheeses с аргументами: []
2026-04-27 13:59:01.308 [http-nio-8080-exec-8] DEBUG c.r.c.aspect.ServiceLoggingAspect - Метод CheeseService.getAllCheeses выполнился за 20 мс
2026-04-27 13:59:01.318 [http-nio-8080-exec-9] DEBUG c.r.c.aspect.ServiceLoggingAspect - Выполнение метода: ProducerService.getAllProducers с аргументами: []
2026-04-27 13:59:01.318 [http-nio-8080-exec-9] DEBUG c.r.c.aspect.ServiceLoggingAspect - Метод ProducerService.getAllProducers выполнился за 0 мс
2026-04-27 13:59:01.322 [http-nio-8080-exec-10] DEBUG c.r.c.aspect.ServiceLoggingAspect - Выполнение метода: ShopService.getAllShops с аргументами: [Page request [number: 0, size 200, sort: id: ASC]]
2026-04-27 13:59:01.324 [http-nio-8080-exec-10] DEBUG c.r.c.aspect.ServiceLoggingAspect - Метод ShopService.getAllShops выполнился за 1 мс
2026-04-27 13:59:01.328 [http-nio-8080-exec-1] DEBUG c.r.c.aspect.ServiceLoggingAspect - Выполнение метода: CategoryService.getAllCategories с аргументами: []
2026-04-27 13:59:01.329 [http-nio-8080-exec-1] DEBUG c.r.c.aspect.ServiceLoggingAspect - Метод CategoryService.getAllCategories выполнился за 0 мс
2026-04-27 13:59:01.331 [http-nio-8080-exec-2] DEBUG c.r.c.aspect.ServiceLoggingAspect - Выполнение метода: ShopService.getAllShops с аргументами: [Page request [number: 0, size 5, sort: id: ASC]]
2026-04-27 13:59:01.333 [http-nio-8080-exec-2] DEBUG c.r.c.aspect.ServiceLoggingAspect - Метод ShopService.getAllShops выполнился за 1 мс
2026-04-27 13:59:06.316 [http-nio-8080-exec-3] DEBUG c.r.c.aspect.ServiceLoggingAspect - Выполнение метода: CheeseService.getAllCheeses с аргументами: []
2026-04-27 13:59:06.331 [http-nio-8080-exec-3] DEBUG c.r.c.aspect.ServiceLoggingAspect - Метод CheeseService.getAllCheeses выполнился за 14 мс
2026-04-27 13:59:06.339 [http-nio-8080-exec-4] DEBUG c.r.c.aspect.ServiceLoggingAspect - Выполнение метода: ProducerService.getAllProducers с аргументами: []
2026-04-27 13:59:06.340 [http-nio-8080-exec-4] DEBUG c.r.c.aspect.ServiceLoggingAspect - Метод ProducerService.getAllProducers выполнился за 0 мс
2026-04-27 13:59:06.345 [http-nio-8080-exec-5] DEBUG c.r.c.aspect.ServiceLoggingAspect - Выполнение метода: ShopService.getAllShops с аргументами: [Page request [number: 0, size 200, sort: id: ASC]]
2026-04-27 13:59:06.347 [http-nio-8080-exec-5] DEBUG c.r.c.aspect.ServiceLoggingAspect - Метод ShopService.getAllShops выполнился за 1 мс
2026-04-27 13:59:06.352 [http-nio-8080-exec-6] DEBUG c.r.c.aspect.ServiceLoggingAspect - Выполнение метода: CategoryService.getAllCategories с аргументами: []
2026-04-27 13:59:06.353 [http-nio-8080-exec-6] DEBUG c.r.c.aspect.ServiceLoggingAspect - Метод CategoryService.getAllCategories выполнился за 1 мс
2026-04-27 13:59:06.359 [http-nio-8080-exec-7] DEBUG c.r.c.aspect.ServiceLoggingAspect - Выполнение метода: ShopService.getAllShops с аргументами: [Page request [number: 0, size 5, sort: id: ASC]]
2026-04-27 13:59:06.360 [http-nio-8080-exec-7] DEBUG c.r.c.aspect.ServiceLoggingAspect - Метод ShopService.getAllShops выполнился за 1 мс
2026-04-27 13:59:11.890 [http-nio-8080-exec-8] DEBUG c.r.c.aspect.ServiceLoggingAspect - Выполнение метода: CheeseService.getAllCheeses с аргументами: []
2026-04-27 13:59:11.905 [http-nio-8080-exec-8] DEBUG c.r.c.aspect.ServiceLoggingAspect - Метод CheeseService.getAllCheeses выполнился за 15 мс
2026-04-27 13:59:11.913 [http-nio-8080-exec-9] DEBUG c.r.c.aspect.ServiceLoggingAspect - Выполнение метода: ProducerService.getAllProducers с аргументами: []
2026-04-27 13:59:11.913 [http-nio-8080-exec-9] DEBUG c.r.c.aspect.ServiceLoggingAspect - Метод ProducerService.getAllProducers выполнился за 0 мс
2026-04-27 13:59:11.917 [http-nio-8080-exec-10] DEBUG c.r.c.aspect.ServiceLoggingAspect - Выполнение метода: ShopService.getAllShops с аргументами: [Page request [number: 0, size 200, sort: id: ASC]]
2026-04-27 13:59:11.919 [http-nio-8080-exec-10] DEBUG c.r.c.aspect.ServiceLoggingAspect - Метод ShopService.getAllShops выполнился за 1 мс
2026-04-27 13:59:11.925 [http-nio-8080-exec-1] DEBUG c.r.c.aspect.ServiceLoggingAspect - Выполнение метода: CategoryService.getAllCategories с аргументами: []
2026-04-27 13:59:11.926 [http-nio-8080-exec-1] DEBUG c.r.c.aspect.ServiceLoggingAspect - Метод CategoryService.getAllCategories выполнился за 1 мс
2026-04-27 13:59:11.940 [http-nio-8080-exec-2] DEBUG c.r.c.aspect.ServiceLoggingAspect - Выполнение метода: ShopService.getAllShops с аргументами: [Page request [number: 0, size 5, sort: id: ASC]]
2026-04-27 13:59:11.959 [http-nio-8080-exec-2] DEBUG c.r.c.aspect.ServiceLoggingAspect - Метод ShopService.getAllShops выполнился за 19 мс
2026-04-27 13:59:18.251 [http-nio-8080-exec-3] DEBUG c.r.c.aspect.ServiceLoggingAspect - Выполнение метода: CheeseService.getAllCheeses с аргументами: []
2026-04-27 13:59:18.261 [http-nio-8080-exec-3] DEBUG c.r.c.aspect.ServiceLoggingAspect - Метод CheeseService.getAllCheeses выполнился за 10 мс
2026-04-27 13:59:18.268 [http-nio-8080-exec-4] DEBUG c.r.c.aspect.ServiceLoggingAspect - Выполнение метода: ProducerService.getAllProducers с аргументами: []
2026-04-27 13:59:18.269 [http-nio-8080-exec-4] DEBUG c.r.c.aspect.ServiceLoggingAspect - Метод ProducerService.getAllProducers выполнился за 0 мс
2026-04-27 13:59:18.275 [http-nio-8080-exec-5] DEBUG c.r.c.aspect.ServiceLoggingAspect - Выполнение метода: ShopService.getAllShops с аргументами: [Page request [number: 0, size 200, sort: id: ASC]]
2026-04-27 13:59:18.276 [http-nio-8080-exec-5] DEBUG c.r.c.aspect.ServiceLoggingAspect - Метод ShopService.getAllShops выполнился за 1 мс
2026-04-27 13:59:18.282 [http-nio-8080-exec-6] DEBUG c.r.c.aspect.ServiceLoggingAspect - Выполнение метода: CategoryService.getAllCategories с аргументами: []
2026-04-27 13:59:18.284 [http-nio-8080-exec-6] DEBUG c.r.c.aspect.ServiceLoggingAspect - Метод CategoryService.getAllCategories выполнился за 1 мс
2026-04-27 13:59:18.292 [http-nio-8080-exec-7] DEBUG c.r.c.aspect.ServiceLoggingAspect - Выполнение метода: ShopService.getAllShops с аргументами: [Page request [number: 0, size 5, sort: id: ASC]]
2026-04-27 13:59:18.294 [http-nio-8080-exec-7] DEBUG c.r.c.aspect.ServiceLoggingAspect - Метод ShopService.getAllShops выполнился за 1 мс
2026-04-27 13:59:28.872 [http-nio-8080-exec-8] DEBUG c.r.c.aspect.ServiceLoggingAspect - Выполнение метода: CheeseService.getAllCheeses с аргументами: []
2026-04-27 13:59:28.905 [http-nio-8080-exec-8] DEBUG c.r.c.aspect.ServiceLoggingAspect - Метод CheeseService.getAllCheeses выполнился за 33 мс
2026-04-27 13:59:28.921 [http-nio-8080-exec-9] DEBUG c.r.c.aspect.ServiceLoggingAspect - Выполнение метода: ProducerService.getAllProducers с аргументами: []
2026-04-27 13:59:28.921 [http-nio-8080-exec-9] DEBUG c.r.c.aspect.ServiceLoggingAspect - Метод ProducerService.getAllProducers выполнился за 0 мс
2026-04-27 13:59:28.931 [http-nio-8080-exec-10] DEBUG c.r.c.aspect.ServiceLoggingAspect - Выполнение метода: ShopService.getAllShops с аргументами: [Page request [number: 0, size 200, sort: id: ASC]]
2026-04-27 13:59:28.938 [http-nio-8080-exec-10] DEBUG c.r.c.aspect.ServiceLoggingAspect - Метод ShopService.getAllShops выполнился за 7 мс
2026-04-27 13:59:28.947 [http-nio-8080-exec-1] DEBUG c.r.c.aspect.ServiceLoggingAspect - Выполнение метода: CategoryService.getAllCategories с аргументами: []
2026-04-27 13:59:28.948 [http-nio-8080-exec-1] DEBUG c.r.c.aspect.ServiceLoggingAspect - Метод CategoryService.getAllCategories выполнился за 0 мс
2026-04-27 13:59:28.956 [http-nio-8080-exec-2] DEBUG c.r.c.aspect.ServiceLoggingAspect - Выполнение метода: ShopService.getAllShops с аргументами: [Page request [number: 0, size 5, sort: id: ASC]]
2026-04-27 13:59:28.987 [http-nio-8080-exec-2] DEBUG c.r.c.aspect.ServiceLoggingAspect - Метод ShopService.getAllShops выполнился за 31 мс
2026-04-27 14:00:37.880 [http-nio-8080-exec-3] DEBUG c.r.c.aspect.ServiceLoggingAspect - Выполнение метода: CheeseService.getAllCheeses с аргументами: []
2026-04-27 14:00:37.978 [http-nio-8080-exec-3] DEBUG c.r.c.aspect.ServiceLoggingAspect - Метод CheeseService.getAllCheeses выполнился за 98 мс
2026-04-27 14:00:37.987 [http-nio-8080-exec-4] DEBUG c.r.c.aspect.ServiceLoggingAspect - Выполнение метода: ProducerService.getAllProducers с аргументами: []
2026-04-27 14:00:38.000 [http-nio-8080-exec-4] DEBUG c.r.c.aspect.ServiceLoggingAspect - Метод ProducerService.getAllProducers выполнился за 12 мс
2026-04-27 14:00:38.006 [http-nio-8080-exec-5] DEBUG c.r.c.aspect.ServiceLoggingAspect - Выполнение метода: ShopService.getAllShops с аргументами: [Page request [number: 0, size 200, sort: id: ASC]]
2026-04-27 14:00:38.007 [http-nio-8080-exec-5] DEBUG c.r.c.aspect.ServiceLoggingAspect - Метод ShopService.getAllShops выполнился за 1 мс
2026-04-27 14:00:38.012 [http-nio-8080-exec-6] DEBUG c.r.c.aspect.ServiceLoggingAspect - Выполнение метода: CategoryService.getAllCategories с аргументами: []
2026-04-27 14:00:38.013 [http-nio-8080-exec-6] DEBUG c.r.c.aspect.ServiceLoggingAspect - Метод CategoryService.getAllCategories выполнился за 0 мс
2026-04-27 14:00:38.024 [http-nio-8080-exec-7] DEBUG c.r.c.aspect.ServiceLoggingAspect - Выполнение метода: ShopService.getAllShops с аргументами: [Page request [number: 0, size 5, sort: id: ASC]]
2026-04-27 14:00:38.029 [http-nio-8080-exec-7] DEBUG c.r.c.aspect.ServiceLoggingAspect - Метод ShopService.getAllShops выполнился за 4 мс
2026-04-27 14:00:44.867 [http-nio-8080-exec-8] DEBUG c.r.c.aspect.ServiceLoggingAspect - Выполнение метода: CheeseService.getAllCheeses с аргументами: []
2026-04-27 14:00:44.887 [http-nio-8080-exec-8] DEBUG c.r.c.aspect.ServiceLoggingAspect - Метод CheeseService.getAllCheeses выполнился за 20 мс
2026-04-27 14:00:44.901 [http-nio-8080-exec-9] DEBUG c.r.c.aspect.ServiceLoggingAspect - Выполнение метода: ProducerService.getAllProducers с аргументами: []
2026-04-27 14:00:44.902 [http-nio-8080-exec-9] DEBUG c.r.c.aspect.ServiceLoggingAspect - Метод ProducerService.getAllProducers выполнился за 1 мс
2026-04-27 14:00:44.910 [http-nio-8080-exec-10] DEBUG c.r.c.aspect.ServiceLoggingAspect - Выполнение метода: ShopService.getAllShops с аргументами: [Page request [number: 0, size 200, sort: id: ASC]]
2026-04-27 14:00:44.913 [http-nio-8080-exec-10] DEBUG c.r.c.aspect.ServiceLoggingAspect - Метод ShopService.getAllShops выполнился за 2 мс
2026-04-27 14:00:44.921 [http-nio-8080-exec-1] DEBUG c.r.c.aspect.ServiceLoggingAspect - Выполнение метода: CategoryService.getAllCategories с аргументами: []
2026-04-27 14:00:44.921 [http-nio-8080-exec-1] DEBUG c.r.c.aspect.ServiceLoggingAspect - Метод CategoryService.getAllCategories выполнился за 0 мс
2026-04-27 14:00:44.930 [http-nio-8080-exec-2] DEBUG c.r.c.aspect.ServiceLoggingAspect - Выполнение метода: ShopService.getAllShops с аргументами: [Page request [number: 0, size 5, sort: id: ASC]]
2026-04-27 14:00:44.931 [http-nio-8080-exec-2] DEBUG c.r.c.aspect.ServiceLoggingAspect - Метод ShopService.getAllShops выполнился за 1 мс
2026-04-27 14:00:50.849 [http-nio-8080-exec-3] DEBUG c.r.c.aspect.ServiceLoggingAspect - Выполнение метода: CheeseService.getAllCheeses с аргументами: []
2026-04-27 14:00:50.871 [http-nio-8080-exec-3] DEBUG c.r.c.aspect.ServiceLoggingAspect - Метод CheeseService.getAllCheeses выполнился за 22 мс
2026-04-27 14:00:50.885 [http-nio-8080-exec-4] DEBUG c.r.c.aspect.ServiceLoggingAspect - Выполнение метода: ProducerService.getAllProducers с аргументами: []
2026-04-27 14:00:50.885 [http-nio-8080-exec-4] DEBUG c.r.c.aspect.ServiceLoggingAspect - Метод ProducerService.getAllProducers выполнился за 0 мс
2026-04-27 14:00:50.897 [http-nio-8080-exec-5] DEBUG c.r.c.aspect.ServiceLoggingAspect - Выполнение метода: ShopService.getAllShops с аргументами: [Page request [number: 0, size 200, sort: id: ASC]]
2026-04-27 14:00:50.901 [http-nio-8080-exec-5] DEBUG c.r.c.aspect.ServiceLoggingAspect - Метод ShopService.getAllShops выполнился за 3 мс
2026-04-27 14:00:50.912 [http-nio-8080-exec-6] DEBUG c.r.c.aspect.ServiceLoggingAspect - Выполнение метода: CategoryService.getAllCategories с аргументами: []
2026-04-27 14:00:50.914 [http-nio-8080-exec-6] DEBUG c.r.c.aspect.ServiceLoggingAspect - Метод CategoryService.getAllCategories выполнился за 1 мс
2026-04-27 14:00:50.926 [http-nio-8080-exec-7] DEBUG c.r.c.aspect.ServiceLoggingAspect - Выполнение метода: ShopService.getAllShops с аргументами: [Page request [number: 0, size 5, sort: id: ASC]]
2026-04-27 14:00:50.930 [http-nio-8080-exec-7] DEBUG c.r.c.aspect.ServiceLoggingAspect - Метод ShopService.getAllShops выполнился за 4 мс
2026-04-27 14:00:57.872 [http-nio-8080-exec-8] DEBUG c.r.c.aspect.ServiceLoggingAspect - Выполнение метода: CheeseService.getAllCheeses с аргументами: []
2026-04-27 14:00:57.893 [http-nio-8080-exec-8] DEBUG c.r.c.aspect.ServiceLoggingAspect - Метод CheeseService.getAllCheeses выполнился за 21 мс
2026-04-27 14:00:57.916 [http-nio-8080-exec-9] DEBUG c.r.c.aspect.ServiceLoggingAspect - Выполнение метода: ProducerService.getAllProducers с аргументами: []
2026-04-27 14:00:57.916 [http-nio-8080-exec-9] DEBUG c.r.c.aspect.ServiceLoggingAspect - Метод ProducerService.getAllProducers выполнился за 0 мс
2026-04-27 14:00:57.923 [http-nio-8080-exec-10] DEBUG c.r.c.aspect.ServiceLoggingAspect - Выполнение метода: ShopService.getAllShops с аргументами: [Page request [number: 0, size 200, sort: id: ASC]]
2026-04-27 14:00:57.926 [http-nio-8080-exec-10] DEBUG c.r.c.aspect.ServiceLoggingAspect - Метод ShopService.getAllShops выполнился за 2 мс
2026-04-27 14:00:57.934 [http-nio-8080-exec-1] DEBUG c.r.c.aspect.ServiceLoggingAspect - Выполнение метода: CategoryService.getAllCategories с аргументами: []
2026-04-27 14:00:57.934 [http-nio-8080-exec-1] DEBUG c.r.c.aspect.ServiceLoggingAspect - Метод CategoryService.getAllCategories выполнился за 0 мс
2026-04-27 14:00:57.940 [http-nio-8080-exec-2] DEBUG c.r.c.aspect.ServiceLoggingAspect - Выполнение метода: ShopService.getAllShops с аргументами: [Page request [number: 0, size 5, sort: id: ASC]]
2026-04-27 14:00:57.942 [http-nio-8080-exec-2] DEBUG c.r.c.aspect.ServiceLoggingAspect - Метод ShopService.getAllShops выполнился за 1 мс
2026-04-27 14:01:08.849 [http-nio-8080-exec-3] DEBUG c.r.c.aspect.ServiceLoggingAspect - Выполнение метода: CheeseService.getAllCheeses с аргументами: []
2026-04-27 14:01:08.897 [http-nio-8080-exec-3] DEBUG c.r.c.aspect.ServiceLoggingAspect - Метод CheeseService.getAllCheeses выполнился за 48 мс
2026-04-27 14:01:08.912 [http-nio-8080-exec-4] DEBUG c.r.c.aspect.ServiceLoggingAspect - Выполнение метода: ProducerService.getAllProducers с аргументами: []
2026-04-27 14:01:08.912 [http-nio-8080-exec-4] DEBUG c.r.c.aspect.ServiceLoggingAspect - Метод ProducerService.getAllProducers выполнился за 0 мс
2026-04-27 14:01:08.923 [http-nio-8080-exec-5] DEBUG c.r.c.aspect.ServiceLoggingAspect - Выполнение метода: ShopService.getAllShops с аргументами: [Page request [number: 0, size 200, sort: id: ASC]]
2026-04-27 14:01:08.928 [http-nio-8080-exec-5] DEBUG c.r.c.aspect.ServiceLoggingAspect - Метод ShopService.getAllShops выполнился за 4 мс
2026-04-27 14:01:08.940 [http-nio-8080-exec-6] DEBUG c.r.c.aspect.ServiceLoggingAspect - Выполнение метода: CategoryService.getAllCategories с аргументами: []
2026-04-27 14:01:08.943 [http-nio-8080-exec-6] DEBUG c.r.c.aspect.ServiceLoggingAspect - Метод CategoryService.getAllCategories выполнился за 2 мс
2026-04-27 14:01:08.955 [http-nio-8080-exec-7] DEBUG c.r.c.aspect.ServiceLoggingAspect - Выполнение метода: ShopService.getAllShops с аргументами: [Page request [number: 0, size 5, sort: id: ASC]]
2026-04-27 14:01:08.959 [http-nio-8080-exec-7] DEBUG c.r.c.aspect.ServiceLoggingAspect - Метод ShopService.getAllShops выполнился за 4 мс
2026-04-27 14:35:50.360 [http-nio-8080-exec-8] DEBUG c.r.c.aspect.ServiceLoggingAspect - Выполнение метода: CheeseService.getAllCheesesWithGraph с аргументами: []
2026-04-27 14:35:50.447 [http-nio-8080-exec-8] DEBUG c.r.c.aspect.ServiceLoggingAspect - Метод CheeseService.getAllCheesesWithGraph выполнился за 87 мс
2026-04-27 14:35:54.533 [http-nio-8080-exec-9] DEBUG c.r.c.aspect.ServiceLoggingAspect - Выполнение метода: CheeseService.getAllCheeses с аргументами: []
2026-04-27 14:35:54.587 [http-nio-8080-exec-9] DEBUG c.r.c.aspect.ServiceLoggingAspect - Метод CheeseService.getAllCheeses выполнился за 54 мс
2026-04-27 14:35:54.626 [http-nio-8080-exec-10] DEBUG c.r.c.aspect.ServiceLoggingAspect - Выполнение метода: ProducerService.getAllProducers с аргументами: []
2026-04-27 14:35:54.627 [http-nio-8080-exec-10] DEBUG c.r.c.aspect.ServiceLoggingAspect - Метод ProducerService.getAllProducers выполнился за 0 мс
2026-04-27 14:35:54.635 [http-nio-8080-exec-1] DEBUG c.r.c.aspect.ServiceLoggingAspect - Выполнение метода: ShopService.getAllShops с аргументами: [Page request [number: 0, size 200, sort: id: ASC]]
2026-04-27 14:35:54.640 [http-nio-8080-exec-1] DEBUG c.r.c.aspect.ServiceLoggingAspect - Метод ShopService.getAllShops выполнился за 5 мс
2026-04-27 14:35:54.647 [http-nio-8080-exec-2] DEBUG c.r.c.aspect.ServiceLoggingAspect - Выполнение метода: CategoryService.getAllCategories с аргументами: []
2026-04-27 14:35:54.650 [http-nio-8080-exec-2] DEBUG c.r.c.aspect.ServiceLoggingAspect - Метод CategoryService.getAllCategories выполнился за 2 мс
2026-04-27 14:35:54.656 [http-nio-8080-exec-3] DEBUG c.r.c.aspect.ServiceLoggingAspect - Выполнение метода: ShopService.getAllShops с аргументами: [Page request [number: 0, size 5, sort: id: ASC]]
2026-04-27 14:35:54.662 [http-nio-8080-exec-3] DEBUG c.r.c.aspect.ServiceLoggingAspect - Метод ShopService.getAllShops выполнился за 6 мс
2026-04-27 14:35:55.942 [http-nio-8080-exec-4] DEBUG c.r.c.aspect.ServiceLoggingAspect - Выполнение метода: CheeseService.getAllCheesesWithGraph с аргументами: []
2026-04-27 14:35:55.949 [http-nio-8080-exec-4] DEBUG c.r.c.aspect.ServiceLoggingAspect - Метод CheeseService.getAllCheesesWithGraph выполнился за 6 мс
2026-04-27 14:36:02.959 [http-nio-8080-exec-5] DEBUG c.r.c.aspect.ServiceLoggingAspect - Выполнение метода: CheeseService.getAllCheeses с аргументами: []
2026-04-27 14:36:02.994 [http-nio-8080-exec-5] DEBUG c.r.c.aspect.ServiceLoggingAspect - Метод CheeseService.getAllCheeses выполнился за 35 мс
2026-04-27 14:36:03.008 [http-nio-8080-exec-6] DEBUG c.r.c.aspect.ServiceLoggingAspect - Выполнение метода: ProducerService.getAllProducers с аргументами: []
2026-04-27 14:36:03.009 [http-nio-8080-exec-6] DEBUG c.r.c.aspect.ServiceLoggingAspect - Метод ProducerService.getAllProducers выполнился за 0 мс
2026-04-27 14:36:03.022 [http-nio-8080-exec-7] DEBUG c.r.c.aspect.ServiceLoggingAspect - Выполнение метода: ShopService.getAllShops с аргументами: [Page request [number: 0, size 200, sort: id: ASC]]
2026-04-27 14:36:03.024 [http-nio-8080-exec-7] DEBUG c.r.c.aspect.ServiceLoggingAspect - Метод ShopService.getAllShops выполнился за 4 мс
2026-04-27 14:36:03.045 [http-nio-8080-exec-8] DEBUG c.r.c.aspect.ServiceLoggingAspect - Выполнение метода: CategoryService.getAllCategories с аргументами: []
2026-04-27 14:36:03.053 [http-nio-8080-exec-8] DEBUG c.r.c.aspect.ServiceLoggingAspect - Метод CategoryService.getAllCategories выполнился за 7 мс
2026-04-27 14:36:03.076 [http-nio-8080-exec-9] DEBUG c.r.c.aspect.ServiceLoggingAspect - Выполнение метода: ShopService.getAllShops с аргументами: [Page request [number: 0, size 5, sort: id: ASC]]
2026-04-27 14:36:03.079 [http-nio-8080-exec-9] DEBUG c.r.c.aspect.ServiceLoggingAspect - Метод ShopService.getAllShops выполнился за 2 мс
2026-04-27 14:36:04.044 [http-nio-8080-exec-10] DEBUG c.r.c.aspect.ServiceLoggingAspect - Выполнение метода: CheeseService.getAllCheesesWithGraph с аргументами: []
2026-04-27 14:36:04.054 [http-nio-8080-exec-10] DEBUG c.r.c.aspect.ServiceLoggingAspect - Метод CheeseService.getAllCheesesWithGraph выполнился за 10 мс
2026-04-27 14:36:42.824 [http-nio-8080-exec-1] DEBUG c.r.c.aspect.ServiceLoggingAspect - Выполнение метода: CheeseService.getAllCheeses с аргументами: []
2026-04-27 14:36:42.850 [http-nio-8080-exec-1] DEBUG c.r.c.aspect.ServiceLoggingAspect - Метод CheeseService.getAllCheeses выполнился за 25 мс
2026-04-27 14:36:42.863 [http-nio-8080-exec-2] DEBUG c.r.c.aspect.ServiceLoggingAspect - Выполнение метода: ProducerService.getAllProducers с аргументами: []
2026-04-27 14:36:42.863 [http-nio-8080-exec-2] DEBUG c.r.c.aspect.ServiceLoggingAspect - Метод ProducerService.getAllProducers выполнился за 0 мс
2026-04-27 14:36:42.873 [http-nio-8080-exec-3] DEBUG c.r.c.aspect.ServiceLoggingAspect - Выполнение метода: ShopService.getAllShops с аргументами: [Page request [number: 0, size 200, sort: id: ASC]]
2026-04-27 14:36:42.877 [http-nio-8080-exec-3] DEBUG c.r.c.aspect.ServiceLoggingAspect - Метод ShopService.getAllShops выполнился за 3 мс
2026-04-27 14:36:42.883 [http-nio-8080-exec-4] DEBUG c.r.c.aspect.ServiceLoggingAspect - Выполнение метода: CategoryService.getAllCategories с аргументами: []
2026-04-27 14:36:42.886 [http-nio-8080-exec-4] DEBUG c.r.c.aspect.ServiceLoggingAspect - Метод CategoryService.getAllCategories выполнился за 2 мс
2026-04-27 14:36:42.890 [http-nio-8080-exec-5] DEBUG c.r.c.aspect.ServiceLoggingAspect - Выполнение метода: ShopService.getAllShops с аргументами: [Page request [number: 0, size 5, sort: id: ASC]]
2026-04-27 14:36:42.894 [http-nio-8080-exec-5] DEBUG c.r.c.aspect.ServiceLoggingAspect - Метод ShopService.getAllShops выполнился за 3 мс
2026-04-27 14:37:56.450 [http-nio-8080-exec-6] DEBUG c.r.c.aspect.ServiceLoggingAspect - Выполнение метода: ShopService.getAllShops с аргументами: [Page request [number: 1, size 5, sort: id: ASC]]
2026-04-27 14:37:56.457 [http-nio-8080-exec-6] DEBUG c.r.c.aspect.ServiceLoggingAspect - Метод ShopService.getAllShops выполнился за 7 мс
2026-04-27 14:37:57.221 [http-nio-8080-exec-7] DEBUG c.r.c.aspect.ServiceLoggingAspect - Выполнение метода: ShopService.getAllShops с аргументами: [Page request [number: 2, size 5, sort: id: ASC]]
2026-04-27 14:37:57.224 [http-nio-8080-exec-7] DEBUG c.r.c.aspect.ServiceLoggingAspect - Метод ShopService.getAllShops выполнился за 2 мс
2026-04-27 14:37:57.717 [http-nio-8080-exec-8] DEBUG c.r.c.aspect.ServiceLoggingAspect - Выполнение метода: ShopService.getAllShops с аргументами: [Page request [number: 1, size 5, sort: id: ASC]]
2026-04-27 14:37:57.722 [http-nio-8080-exec-8] DEBUG c.r.c.aspect.ServiceLoggingAspect - Метод ShopService.getAllShops выполнился за 4 мс
2026-04-27 14:37:58.090 [http-nio-8080-exec-9] DEBUG c.r.c.aspect.ServiceLoggingAspect - Выполнение метода: ShopService.getAllShops с аргументами: [Page request [number: 0, size 5, sort: id: ASC]]
2026-04-27 14:37:58.095 [http-nio-8080-exec-9] DEBUG c.r.c.aspect.ServiceLoggingAspect - Метод ShopService.getAllShops выполнился за 5 мс
2026-04-27 14:37:59.167 [http-nio-8080-exec-10] DEBUG c.r.c.aspect.ServiceLoggingAspect - Выполнение метода: CheeseService.getAllCheesesWithGraph с аргументами: []
2026-04-27 14:37:59.189 [http-nio-8080-exec-10] DEBUG c.r.c.aspect.ServiceLoggingAspect - Метод CheeseService.getAllCheesesWithGraph выполнился за 22 мс
2026-04-27 14:38:02.178 [http-nio-8080-exec-1] DEBUG c.r.c.aspect.ServiceLoggingAspect - Выполнение метода: CheeseService.getAllCheeses с аргументами: []
2026-04-27 14:38:02.188 [http-nio-8080-exec-1] DEBUG c.r.c.aspect.ServiceLoggingAspect - Метод CheeseService.getAllCheeses выполнился за 9 мс
2026-04-27 14:38:02.198 [http-nio-8080-exec-2] DEBUG c.r.c.aspect.ServiceLoggingAspect - Выполнение метода: ProducerService.getAllProducers с аргументами: []
2026-04-27 14:38:02.198 [http-nio-8080-exec-2] DEBUG c.r.c.aspect.ServiceLoggingAspect - Метод ProducerService.getAllProducers выполнился за 0 мс
2026-04-27 14:38:02.205 [http-nio-8080-exec-3] DEBUG c.r.c.aspect.ServiceLoggingAspect - Выполнение метода: ShopService.getAllShops с аргументами: [Page request [number: 0, size 200, sort: id: ASC]]
2026-04-27 14:38:02.208 [http-nio-8080-exec-3] DEBUG c.r.c.aspect.ServiceLoggingAspect - Метод ShopService.getAllShops выполнился за 2 мс
2026-04-27 14:38:02.212 [http-nio-8080-exec-4] DEBUG c.r.c.aspect.ServiceLoggingAspect - Выполнение метода: CategoryService.getAllCategories с аргументами: []
2026-04-27 14:38:02.214 [http-nio-8080-exec-4] DEBUG c.r.c.aspect.ServiceLoggingAspect - Метод CategoryService.getAllCategories выполнился за 1 мс
2026-04-27 14:38:02.218 [http-nio-8080-exec-5] DEBUG c.r.c.aspect.ServiceLoggingAspect - Выполнение метода: ShopService.getAllShops с аргументами: [Page request [number: 0, size 5, sort: id: ASC]]
2026-04-27 14:38:02.220 [http-nio-8080-exec-5] DEBUG c.r.c.aspect.ServiceLoggingAspect - Метод ShopService.getAllShops выполнился за 1 мс
2026-04-27 14:39:05.653 [http-nio-8080-exec-6] DEBUG c.r.c.aspect.ServiceLoggingAspect - Выполнение метода: CheeseService.getAllCheesesWithGraph с аргументами: []
2026-04-27 14:39:05.662 [http-nio-8080-exec-6] DEBUG c.r.c.aspect.ServiceLoggingAspect - Метод CheeseService.getAllCheesesWithGraph выполнился за 9 мс
2026-04-27 14:39:07.515 [http-nio-8080-exec-7] DEBUG c.r.c.aspect.ServiceLoggingAspect - Выполнение метода: CheeseService.getAllCheeses с аргументами: []
2026-04-27 14:39:07.541 [http-nio-8080-exec-7] DEBUG c.r.c.aspect.ServiceLoggingAspect - Метод CheeseService.getAllCheeses выполнился за 26 мс
2026-04-27 14:39:07.554 [http-nio-8080-exec-8] DEBUG c.r.c.aspect.ServiceLoggingAspect - Выполнение метода: ProducerService.getAllProducers с аргументами: []
2026-04-27 14:39:07.554 [http-nio-8080-exec-8] DEBUG c.r.c.aspect.ServiceLoggingAspect - Метод ProducerService.getAllProducers выполнился за 0 мс
2026-04-27 14:39:07.562 [http-nio-8080-exec-9] DEBUG c.r.c.aspect.ServiceLoggingAspect - Выполнение метода: ShopService.getAllShops с аргументами: [Page request [number: 0, size 200, sort: id: ASC]]
2026-04-27 14:39:07.564 [http-nio-8080-exec-9] DEBUG c.r.c.aspect.ServiceLoggingAspect - Метод ShopService.getAllShops выполнился за 2 мс
2026-04-27 14:39:07.571 [http-nio-8080-exec-10] DEBUG c.r.c.aspect.ServiceLoggingAspect - Выполнение метода: CategoryService.getAllCategories с аргументами: []
2026-04-27 14:39:07.572 [http-nio-8080-exec-10] DEBUG c.r.c.aspect.ServiceLoggingAspect - Метод CategoryService.getAllCategories выполнился за 1 мс
2026-04-27 14:39:07.576 [http-nio-8080-exec-1] DEBUG c.r.c.aspect.ServiceLoggingAspect - Выполнение метода: ShopService.getAllShops с аргументами: [Page request [number: 0, size 5, sort: id: ASC]]
2026-04-27 14:39:07.578 [http-nio-8080-exec-1] DEBUG c.r.c.aspect.ServiceLoggingAspect - Метод ShopService.getAllShops выполнился за 1 мс
2026-04-27 14:41:23.093 [http-nio-8080-exec-2] DEBUG c.r.c.aspect.ServiceLoggingAspect - Выполнение метода: CheeseService.getAllCheesesWithGraph с аргументами: []
2026-04-27 14:41:23.145 [http-nio-8080-exec-2] DEBUG c.r.c.aspect.ServiceLoggingAspect - Метод CheeseService.getAllCheesesWithGraph выполнился за 52 мс
2026-04-27 14:41:23.462 [http-nio-8080-exec-3] DEBUG c.r.c.aspect.ServiceLoggingAspect - Выполнение метода: CheeseService.getAllCheeses с аргументами: []
2026-04-27 14:41:23.489 [http-nio-8080-exec-3] DEBUG c.r.c.aspect.ServiceLoggingAspect - Метод CheeseService.getAllCheeses выполнился за 27 мс
2026-04-27 14:41:23.497 [http-nio-8080-exec-4] DEBUG c.r.c.aspect.ServiceLoggingAspect - Выполнение метода: ProducerService.getAllProducers с аргументами: []
2026-04-27 14:41:23.497 [http-nio-8080-exec-4] DEBUG c.r.c.aspect.ServiceLoggingAspect - Метод ProducerService.getAllProducers выполнился за 0 мс
2026-04-27 14:41:23.505 [http-nio-8080-exec-5] DEBUG c.r.c.aspect.ServiceLoggingAspect - Выполнение метода: ShopService.getAllShops с аргументами: [Page request [number: 0, size 200, sort: id: ASC]]
2026-04-27 14:41:23.508 [http-nio-8080-exec-5] DEBUG c.r.c.aspect.ServiceLoggingAspect - Метод ShopService.getAllShops выполнился за 2 мс
2026-04-27 14:41:23.513 [http-nio-8080-exec-6] DEBUG c.r.c.aspect.ServiceLoggingAspect - Выполнение метода: CategoryService.getAllCategories с аргументами: []
2026-04-27 14:41:23.515 [http-nio-8080-exec-6] DEBUG c.r.c.aspect.ServiceLoggingAspect - Метод CategoryService.getAllCategories выполнился за 1 мс
2026-04-27 14:41:23.520 [http-nio-8080-exec-7] DEBUG c.r.c.aspect.ServiceLoggingAspect - Выполнение метода: ShopService.getAllShops с аргументами: [Page request [number: 0, size 5, sort: id: ASC]]
2026-04-27 14:41:23.523 [http-nio-8080-exec-7] DEBUG c.r.c.aspect.ServiceLoggingAspect - Метод ShopService.getAllShops выполнился за 3 мс
2026-04-27 14:41:50.602 [http-nio-8080-exec-8] DEBUG c.r.c.aspect.ServiceLoggingAspect - Выполнение метода: CheeseService.getAllCheesesWithGraph с аргументами: []
2026-04-27 14:41:50.613 [http-nio-8080-exec-8] DEBUG c.r.c.aspect.ServiceLoggingAspect - Метод CheeseService.getAllCheesesWithGraph выполнился за 10 мс
2026-04-27 14:41:52.737 [http-nio-8080-exec-9] DEBUG c.r.c.aspect.ServiceLoggingAspect - Выполнение метода: CheeseService.getAllCheeses с аргументами: []
2026-04-27 14:41:52.774 [http-nio-8080-exec-9] DEBUG c.r.c.aspect.ServiceLoggingAspect - Метод CheeseService.getAllCheeses выполнился за 37 мс
2026-04-27 14:41:52.781 [http-nio-8080-exec-10] DEBUG c.r.c.aspect.ServiceLoggingAspect - Выполнение метода: ProducerService.getAllProducers с аргументами: []
2026-04-27 14:41:52.781 [http-nio-8080-exec-10] DEBUG c.r.c.aspect.ServiceLoggingAspect - Метод ProducerService.getAllProducers выполнился за 0 мс
2026-04-27 14:41:52.790 [http-nio-8080-exec-1] DEBUG c.r.c.aspect.ServiceLoggingAspect - Выполнение метода: ShopService.getAllShops с аргументами: [Page request [number: 0, size 200, sort: id: ASC]]
2026-04-27 14:41:52.793 [http-nio-8080-exec-1] DEBUG c.r.c.aspect.ServiceLoggingAspect - Метод ShopService.getAllShops выполнился за 3 мс
2026-04-27 14:41:52.804 [http-nio-8080-exec-2] DEBUG c.r.c.aspect.ServiceLoggingAspect - Выполнение метода: CategoryService.getAllCategories с аргументами: []
2026-04-27 14:41:52.806 [http-nio-8080-exec-2] DEBUG c.r.c.aspect.ServiceLoggingAspect - Метод CategoryService.getAllCategories выполнился за 1 мс
2026-04-27 14:41:52.810 [http-nio-8080-exec-3] DEBUG c.r.c.aspect.ServiceLoggingAspect - Выполнение метода: ShopService.getAllShops с аргументами: [Page request [number: 0, size 5, sort: id: ASC]]
2026-04-27 14:41:52.813 [http-nio-8080-exec-3] DEBUG c.r.c.aspect.ServiceLoggingAspect - Метод ShopService.getAllShops выполнился за 2 мс
2026-04-27 14:42:12.835 [http-nio-8080-exec-4] DEBUG c.r.c.aspect.ServiceLoggingAspect - Выполнение метода: CheeseService.getAllCheesesWithGraph с аргументами: []
2026-04-27 14:42:12.852 [http-nio-8080-exec-4] DEBUG c.r.c.aspect.ServiceLoggingAspect - Метод CheeseService.getAllCheesesWithGraph выполнился за 16 мс
2026-04-27 14:42:44.460 [http-nio-8080-exec-5] DEBUG c.r.c.aspect.ServiceLoggingAspect - Выполнение метода: CheeseService.getAllCheeses с аргументами: []
2026-04-27 14:42:44.486 [http-nio-8080-exec-5] DEBUG c.r.c.aspect.ServiceLoggingAspect - Метод CheeseService.getAllCheeses выполнился за 26 мс
2026-04-27 14:42:44.500 [http-nio-8080-exec-6] DEBUG c.r.c.aspect.ServiceLoggingAspect - Выполнение метода: ProducerService.getAllProducers с аргументами: []
2026-04-27 14:42:44.501 [http-nio-8080-exec-6] DEBUG c.r.c.aspect.ServiceLoggingAspect - Метод ProducerService.getAllProducers выполнился за 1 мс
2026-04-27 14:42:44.517 [http-nio-8080-exec-7] DEBUG c.r.c.aspect.ServiceLoggingAspect - Выполнение метода: ShopService.getAllShops с аргументами: [Page request [number: 0, size 200, sort: id: ASC]]
2026-04-27 14:42:44.543 [http-nio-8080-exec-7] DEBUG c.r.c.aspect.ServiceLoggingAspect - Метод ShopService.getAllShops выполнился за 26 мс
2026-04-27 14:42:44.550 [http-nio-8080-exec-8] DEBUG c.r.c.aspect.ServiceLoggingAspect - Выполнение метода: CategoryService.getAllCategories с аргументами: []
2026-04-27 14:42:44.551 [http-nio-8080-exec-8] DEBUG c.r.c.aspect.ServiceLoggingAspect - Метод CategoryService.getAllCategories выполнился за 1 мс
2026-04-27 14:42:44.557 [http-nio-8080-exec-9] DEBUG c.r.c.aspect.ServiceLoggingAspect - Выполнение метода: ShopService.getAllShops с аргументами: [Page request [number: 0, size 5, sort: id: ASC]]
2026-04-27 14:42:44.602 [http-nio-8080-exec-9] DEBUG c.r.c.aspect.ServiceLoggingAspect - Метод ShopService.getAllShops выполнился за 45 мс
2026-04-27 14:43:25.868 [http-nio-8080-exec-10] DEBUG c.r.c.aspect.ServiceLoggingAspect - Выполнение метода: CheeseService.getAllCheeses с аргументами: []
2026-04-27 14:43:25.899 [http-nio-8080-exec-10] DEBUG c.r.c.aspect.ServiceLoggingAspect - Метод CheeseService.getAllCheeses выполнился за 31 мс
2026-04-27 14:43:25.915 [http-nio-8080-exec-1] DEBUG c.r.c.aspect.ServiceLoggingAspect - Выполнение метода: ProducerService.getAllProducers с аргументами: []
2026-04-27 14:43:25.915 [http-nio-8080-exec-1] DEBUG c.r.c.aspect.ServiceLoggingAspect - Метод ProducerService.getAllProducers выполнился за 0 мс
2026-04-27 14:43:25.927 [http-nio-8080-exec-2] DEBUG c.r.c.aspect.ServiceLoggingAspect - Выполнение метода: ShopService.getAllShops с аргументами: [Page request [number: 0, size 200, sort: id: ASC]]
2026-04-27 14:43:25.931 [http-nio-8080-exec-2] DEBUG c.r.c.aspect.ServiceLoggingAspect - Метод ShopService.getAllShops выполнился за 4 мс
2026-04-27 14:43:25.938 [http-nio-8080-exec-3] DEBUG c.r.c.aspect.ServiceLoggingAspect - Выполнение метода: CategoryService.getAllCategories с аргументами: []
2026-04-27 14:43:25.940 [http-nio-8080-exec-3] DEBUG c.r.c.aspect.ServiceLoggingAspect - Метод CategoryService.getAllCategories выполнился за 1 мс
2026-04-27 14:43:25.944 [http-nio-8080-exec-4] DEBUG c.r.c.aspect.ServiceLoggingAspect - Выполнение метода: ShopService.getAllShops с аргументами: [Page request [number: 0, size 5, sort: id: ASC]]
2026-04-27 14:43:25.946 [http-nio-8080-exec-4] DEBUG c.r.c.aspect.ServiceLoggingAspect - Метод ShopService.getAllShops выполнился за 2 мс
2026-04-27 14:43:53.889 [http-nio-8080-exec-5] DEBUG c.r.c.aspect.ServiceLoggingAspect - Выполнение метода: ShopService.getAllShops с аргументами: [Page request [number: 1, size 5, sort: id: ASC]]
2026-04-27 14:43:53.904 [http-nio-8080-exec-5] DEBUG c.r.c.aspect.ServiceLoggingAspect - Метод ShopService.getAllShops выполнился за 14 мс
2026-04-27 14:43:54.036 [http-nio-8080-exec-6] DEBUG c.r.c.aspect.ServiceLoggingAspect - Выполнение метода: ShopService.getAllShops с аргументами: [Page request [number: 2, size 5, sort: id: ASC]]
2026-04-27 14:43:54.038 [http-nio-8080-exec-6] DEBUG c.r.c.aspect.ServiceLoggingAspect - Метод ShopService.getAllShops выполнился за 2 мс
2026-04-27 14:43:54.791 [http-nio-8080-exec-7] DEBUG c.r.c.aspect.ServiceLoggingAspect - Выполнение метода: ShopService.getAllShops с аргументами: [Page request [number: 1, size 5, sort: id: ASC]]
2026-04-27 14:43:54.797 [http-nio-8080-exec-7] DEBUG c.r.c.aspect.ServiceLoggingAspect - Метод ShopService.getAllShops выполнился за 5 мс
2026-04-27 14:43:54.936 [http-nio-8080-exec-8] DEBUG c.r.c.aspect.ServiceLoggingAspect - Выполнение метода: ShopService.getAllShops с аргументами: [Page request [number: 0, size 5, sort: id: ASC]]
2026-04-27 14:43:54.940 [http-nio-8080-exec-8] DEBUG c.r.c.aspect.ServiceLoggingAspect - Метод ShopService.getAllShops выполнился за 3 мс
2026-04-27 14:43:57.825 [http-nio-8080-exec-9] DEBUG c.r.c.aspect.ServiceLoggingAspect - Выполнение метода: ShopService.getAllShops с аргументами: [Page request [number: 1, size 5, sort: id: ASC]]
2026-04-27 14:43:57.829 [http-nio-8080-exec-9] DEBUG c.r.c.aspect.ServiceLoggingAspect - Метод ShopService.getAllShops выполнился за 3 мс
2026-04-27 14:43:58.724 [http-nio-8080-exec-10] DEBUG c.r.c.aspect.ServiceLoggingAspect - Выполнение метода: ShopService.getAllShops с аргументами: [Page request [number: 0, size 5, sort: id: ASC]]
2026-04-27 14:43:58.728 [http-nio-8080-exec-10] DEBUG c.r.c.aspect.ServiceLoggingAspect - Метод ShopService.getAllShops выполнился за 4 мс
2026-04-27 14:44:00.854 [http-nio-8080-exec-1] DEBUG c.r.c.aspect.ServiceLoggingAspect - Выполнение метода: ShopService.getAllShops с аргументами: [Page request [number: 1, size 5, sort: id: ASC]]
2026-04-27 14:44:00.864 [http-nio-8080-exec-1] DEBUG c.r.c.aspect.ServiceLoggingAspect - Метод ShopService.getAllShops выполнился за 10 мс
2026-04-27 14:44:02.329 [http-nio-8080-exec-2] DEBUG c.r.c.aspect.ServiceLoggingAspect - Выполнение метода: ShopService.getAllShops с аргументами: [Page request [number: 0, size 5, sort: id: ASC]]
2026-04-27 14:44:02.335 [http-nio-8080-exec-2] DEBUG c.r.c.aspect.ServiceLoggingAspect - Метод ShopService.getAllShops выполнился за 5 мс
2026-04-27 14:44:13.082 [http-nio-8080-exec-3] DEBUG c.r.c.aspect.ServiceLoggingAspect - Выполнение метода: CheeseService.getAllCheesesWithGraph с аргументами: []
2026-04-27 14:44:13.125 [http-nio-8080-exec-3] DEBUG c.r.c.aspect.ServiceLoggingAspect - Метод CheeseService.getAllCheesesWithGraph выполнился за 43 мс
2026-04-27 14:44:16.266 [http-nio-8080-exec-4] DEBUG c.r.c.aspect.ServiceLoggingAspect - Выполнение метода: CheeseService.getAllCheeses с аргументами: []
2026-04-27 14:44:16.287 [http-nio-8080-exec-4] DEBUG c.r.c.aspect.ServiceLoggingAspect - Метод CheeseService.getAllCheeses выполнился за 20 мс
2026-04-27 14:44:16.295 [http-nio-8080-exec-5] DEBUG c.r.c.aspect.ServiceLoggingAspect - Выполнение метода: ProducerService.getAllProducers с аргументами: []
2026-04-27 14:44:16.295 [http-nio-8080-exec-5] DEBUG c.r.c.aspect.ServiceLoggingAspect - Метод ProducerService.getAllProducers выполнился за 0 мс
2026-04-27 14:44:16.305 [http-nio-8080-exec-6] DEBUG c.r.c.aspect.ServiceLoggingAspect - Выполнение метода: ShopService.getAllShops с аргументами: [Page request [number: 0, size 200, sort: id: ASC]]
2026-04-27 14:44:16.309 [http-nio-8080-exec-6] DEBUG c.r.c.aspect.ServiceLoggingAspect - Метод ShopService.getAllShops выполнился за 3 мс
2026-04-27 14:44:16.316 [http-nio-8080-exec-7] DEBUG c.r.c.aspect.ServiceLoggingAspect - Выполнение метода: CategoryService.getAllCategories с аргументами: []
2026-04-27 14:44:16.317 [http-nio-8080-exec-7] DEBUG c.r.c.aspect.ServiceLoggingAspect - Метод CategoryService.getAllCategories выполнился за 1 мс
2026-04-27 14:44:16.322 [http-nio-8080-exec-8] DEBUG c.r.c.aspect.ServiceLoggingAspect - Выполнение метода: ShopService.getAllShops с аргументами: [Page request [number: 0, size 5, sort: id: ASC]]
2026-04-27 14:44:16.324 [http-nio-8080-exec-8] DEBUG c.r.c.aspect.ServiceLoggingAspect - Метод ShopService.getAllShops выполнился за 1 мс
2026-04-27 14:44:31.373 [http-nio-8080-exec-9] DEBUG c.r.c.aspect.ServiceLoggingAspect - Выполнение метода: ShopService.getAllShops с аргументами: [Page request [number: 1, size 5, sort: id: ASC]]
2026-04-27 14:44:31.392 [http-nio-8080-exec-9] DEBUG c.r.c.aspect.ServiceLoggingAspect - Метод ShopService.getAllShops выполнился за 19 мс
2026-04-27 14:44:36.921 [http-nio-8080-exec-10] DEBUG c.r.c.aspect.ServiceLoggingAspect - Выполнение метода: ShopService.getAllShops с аргументами: [Page request [number: 2, size 5, sort: id: ASC]]
2026-04-27 14:44:36.924 [http-nio-8080-exec-10] DEBUG c.r.c.aspect.ServiceLoggingAspect - Метод ShopService.getAllShops выполнился за 3 мс
2026-04-27 14:44:44.402 [http-nio-8080-exec-1] DEBUG c.r.c.aspect.ServiceLoggingAspect - Выполнение метода: ShopService.getAllShops с аргументами: [Page request [number: 1, size 5, sort: id: ASC]]
2026-04-27 14:44:44.409 [http-nio-8080-exec-1] DEBUG c.r.c.aspect.ServiceLoggingAspect - Метод ShopService.getAllShops выполнился за 6 мс
2026-04-27 14:44:44.522 [http-nio-8080-exec-2] DEBUG c.r.c.aspect.ServiceLoggingAspect - Выполнение метода: ShopService.getAllShops с аргументами: [Page request [number: 0, size 5, sort: id: ASC]]
2026-04-27 14:44:44.525 [http-nio-8080-exec-2] DEBUG c.r.c.aspect.ServiceLoggingAspect - Метод ShopService.getAllShops выполнился за 3 мс
2026-04-27 14:45:27.886 [SpringApplicationShutdownHook] INFO  o.s.boot.tomcat.GracefulShutdown - Commencing graceful shutdown. Waiting for active requests to complete
2026-04-27 14:45:27.945 [tomcat-shutdown] INFO  o.s.boot.tomcat.GracefulShutdown - Graceful shutdown complete
2026-04-27 14:45:27.985 [SpringApplicationShutdownHook] INFO  o.s.o.j.LocalContainerEntityManagerFactoryBean - Closing JPA EntityManagerFactory for persistence unit 'default'
2026-04-27 14:45:28.011 [SpringApplicationShutdownHook] INFO  com.zaxxer.hikari.HikariDataSource - HikariPool-1 - Shutdown initiated...
2026-04-27 14:45:28.020 [SpringApplicationShutdownHook] INFO  com.zaxxer.hikari.HikariDataSource - HikariPool-1 - Shutdown completed.
2026-04-27 14:45:31.378 [main] INFO  c.ryabaya.cheese.CheeseApplication - Starting CheeseApplication using Java 21.0.10 with PID 4785 (/Users/kristinarabaa/Desktop/fix/target/classes started by kristinarabaa in /Users/kristinarabaa/Desktop/fix)
2026-04-27 14:45:31.378 [main] DEBUG c.ryabaya.cheese.CheeseApplication - Running with Spring Boot v4.0.2, Spring v7.0.3
2026-04-27 14:45:31.379 [main] INFO  c.ryabaya.cheese.CheeseApplication - No active profile set, falling back to 1 default profile: "default"
2026-04-27 14:45:31.719 [main] INFO  o.s.d.r.c.RepositoryConfigurationDelegate - Bootstrapping Spring Data JPA repositories in DEFAULT mode.
2026-04-27 14:45:31.739 [main] INFO  o.s.d.r.c.RepositoryConfigurationDelegate - Finished Spring Data repository scanning in 16 ms. Found 5 JPA repository interfaces.
2026-04-27 14:45:31.993 [main] INFO  o.s.boot.tomcat.TomcatWebServer - Tomcat initialized with port 8080 (http)
2026-04-27 14:45:31.997 [main] INFO  o.a.coyote.http11.Http11NioProtocol - Initializing ProtocolHandler ["http-nio-8080"]
2026-04-27 14:45:31.998 [main] INFO  o.a.catalina.core.StandardService - Starting service [Tomcat]
2026-04-27 14:45:31.998 [main] INFO  o.a.catalina.core.StandardEngine - Starting Servlet engine: [Apache Tomcat/11.0.15]
2026-04-27 14:45:32.016 [main] INFO  o.s.b.w.c.s.WebApplicationContextInitializer - Root WebApplicationContext: initialization completed in 622 ms
2026-04-27 14:45:32.325 [main] INFO  o.s.o.j.p.SpringPersistenceUnitInfo - No LoadTimeWeaver setup: ignoring JPA class transformer
2026-04-27 14:45:32.341 [main] INFO  com.zaxxer.hikari.HikariDataSource - HikariPool-1 - Starting...
2026-04-27 14:45:32.400 [main] INFO  com.zaxxer.hikari.pool.HikariPool - HikariPool-1 - Added connection org.postgresql.jdbc.PgConnection@bc4a9b0
2026-04-27 14:45:32.401 [main] INFO  com.zaxxer.hikari.HikariDataSource - HikariPool-1 - Start completed.
2026-04-27 14:45:32.908 [main] INFO  o.s.o.j.LocalContainerEntityManagerFactoryBean - Initialized JPA EntityManagerFactory for persistence unit 'default'
2026-04-27 14:45:32.957 [main] INFO  o.s.d.j.r.q.QueryEnhancerFactories - Hibernate is in classpath; If applicable, HQL parser will be used.
2026-04-27 14:45:33.390 [main] WARN  o.s.b.j.a.JpaBaseConfiguration$JpaWebConfiguration - spring.jpa.open-in-view is enabled by default. Therefore, database queries may be performed during view rendering. Explicitly configure spring.jpa.open-in-view to disable this warning
2026-04-27 14:45:33.617 [main] INFO  o.a.coyote.http11.Http11NioProtocol - Starting ProtocolHandler ["http-nio-8080"]
2026-04-27 14:45:33.625 [main] INFO  o.s.boot.tomcat.TomcatWebServer - Tomcat started on port 8080 (http) with context path '/'
2026-04-27 14:45:33.628 [main] INFO  c.ryabaya.cheese.CheeseApplication - Started CheeseApplication in 2.474 seconds (process running for 2.801)
2026-04-27 14:45:33.628 [main] WARN  o.s.c.events.SpringDocAppInitializer - SpringDoc /v3/api-docs endpoint is enabled by default. To disable it in production, set the property 'springdoc.api-docs.enabled=false'
2026-04-27 14:45:33.628 [main] WARN  o.s.c.events.SpringDocAppInitializer - SpringDoc /swagger-ui.html endpoint is enabled by default. To disable it in production, set the property 'springdoc.swagger-ui.enabled=false'
2026-04-27 14:45:38.204 [http-nio-8080-exec-1] INFO  o.a.c.c.C.[Tomcat].[localhost].[/] - Initializing Spring DispatcherServlet 'dispatcherServlet'
2026-04-27 14:45:38.204 [http-nio-8080-exec-1] INFO  o.s.web.servlet.DispatcherServlet - Initializing Servlet 'dispatcherServlet'
2026-04-27 14:45:38.208 [http-nio-8080-exec-1] INFO  o.s.web.servlet.DispatcherServlet - Completed initialization in 2 ms
2026-04-27 14:45:38.310 [http-nio-8080-exec-1] DEBUG c.r.c.aspect.ServiceLoggingAspect - Выполнение метода: CheeseService.updateCheeseWithRelations с аргументами: [5, CheeseFullUpdateRequestDto(name=Белая вежа, fats=50.0, description=Рассольный сыр, выдержанный в дубовых бочках, price=27.0, producerId=5, shopId=3, categoryIds=[1, 4, 13])]
2026-04-27 14:45:38.395 [http-nio-8080-exec-1] ERROR c.r.c.aspect.ServiceLoggingAspect - Ошибка при выполнении метода CheeseService.updateCheeseWithRelations: org.hibernate.ObjectDeletedException: deleted instance passed to merge for entity [com.ryabaya.cheese.entity.Cheese with null id]
org.springframework.dao.InvalidDataAccessApiUsageException: org.hibernate.ObjectDeletedException: deleted instance passed to merge for entity [com.ryabaya.cheese.entity.Cheese with null id]
	at org.springframework.orm.jpa.EntityManagerFactoryUtils.convertJpaAccessExceptionIfPossible(EntityManagerFactoryUtils.java:365)
	at org.springframework.orm.jpa.hibernate.HibernateExceptionTranslator.translateExceptionIfPossible(HibernateExceptionTranslator.java:112)
	at org.springframework.orm.jpa.vendor.HibernateJpaDialect.translateExceptionIfPossible(HibernateJpaDialect.java:199)
	at org.springframework.orm.jpa.AbstractEntityManagerFactoryBean.translateExceptionIfPossible(AbstractEntityManagerFactoryBean.java:556)
	at org.springframework.dao.support.ChainedPersistenceExceptionTranslator.translateExceptionIfPossible(ChainedPersistenceExceptionTranslator.java:61)
	at org.springframework.dao.support.DataAccessUtils.translateIfNecessary(DataAccessUtils.java:346)
	at org.springframework.dao.support.PersistenceExceptionTranslationInterceptor.invoke(PersistenceExceptionTranslationInterceptor.java:157)
	at org.springframework.aop.framework.ReflectiveMethodInvocation.proceed(ReflectiveMethodInvocation.java:179)
	at org.springframework.data.jpa.repository.support.CrudMethodMetadataPostProcessor$CrudMethodMetadataPopulatingMethodInterceptor.invoke(CrudMethodMetadataPostProcessor.java:166)
	at org.springframework.aop.framework.ReflectiveMethodInvocation.proceed(ReflectiveMethodInvocation.java:179)
	at org.springframework.aop.framework.JdkDynamicAopProxy.invoke(JdkDynamicAopProxy.java:222)
	at jdk.proxy2/jdk.proxy2.$Proxy155.save(Unknown Source)
	at com.ryabaya.cheese.service.CheeseService.updateCheeseWithRelations(CheeseService.java:141)
	at java.base/jdk.internal.reflect.DirectMethodHandleAccessor.invoke(DirectMethodHandleAccessor.java:103)
	at java.base/java.lang.reflect.Method.invoke(Method.java:580)
	at org.springframework.aop.support.AopUtils.invokeJoinpointUsingReflection(AopUtils.java:359)
	at org.springframework.aop.framework.ReflectiveMethodInvocation.invokeJoinpoint(ReflectiveMethodInvocation.java:190)
	at org.springframework.aop.framework.ReflectiveMethodInvocation.proceed(ReflectiveMethodInvocation.java:158)
	at org.springframework.aop.aspectj.MethodInvocationProceedingJoinPoint.proceed(MethodInvocationProceedingJoinPoint.java:82)
	at com.ryabaya.cheese.aspect.ServiceLoggingAspect.logExecutionTime(ServiceLoggingAspect.java:49)
	at java.base/jdk.internal.reflect.DirectMethodHandleAccessor.invoke(DirectMethodHandleAccessor.java:103)
	at java.base/java.lang.reflect.Method.invoke(Method.java:580)
	at org.springframework.aop.aspectj.AbstractAspectJAdvice.invokeAdviceMethodWithGivenArgs(AbstractAspectJAdvice.java:648)
	at org.springframework.aop.aspectj.AbstractAspectJAdvice.invokeAdviceMethod(AbstractAspectJAdvice.java:630)
	at org.springframework.aop.aspectj.AspectJAroundAdvice.invoke(AspectJAroundAdvice.java:70)
	at org.springframework.aop.framework.ReflectiveMethodInvocation.proceed(ReflectiveMethodInvocation.java:179)
	at org.springframework.transaction.interceptor.TransactionInterceptor$1.proceedWithInvocation(TransactionInterceptor.java:133)
	at org.springframework.transaction.interceptor.TransactionAspectSupport.invokeWithinTransaction(TransactionAspectSupport.java:371)
	at org.springframework.transaction.interceptor.TransactionInterceptor.invoke(TransactionInterceptor.java:130)
	at org.springframework.aop.framework.ReflectiveMethodInvocation.proceed(ReflectiveMethodInvocation.java:179)
	at org.springframework.aop.interceptor.ExposeInvocationInterceptor.invoke(ExposeInvocationInterceptor.java:96)
	at org.springframework.aop.framework.ReflectiveMethodInvocation.proceed(ReflectiveMethodInvocation.java:179)
	at org.springframework.aop.framework.CglibAopProxy$DynamicAdvisedInterceptor.intercept(CglibAopProxy.java:719)
	at com.ryabaya.cheese.service.CheeseService$$SpringCGLIB$$0.updateCheeseWithRelations(<generated>)
	at com.ryabaya.cheese.controller.CheeseController.updateCheeseFull(CheeseController.java:147)
	at java.base/jdk.internal.reflect.DirectMethodHandleAccessor.invoke(DirectMethodHandleAccessor.java:103)
	at java.base/java.lang.reflect.Method.invoke(Method.java:580)
	at org.springframework.web.method.support.InvocableHandlerMethod.doInvoke(InvocableHandlerMethod.java:258)
	at org.springframework.web.method.support.InvocableHandlerMethod.invokeForRequest(InvocableHandlerMethod.java:190)
	at org.springframework.web.servlet.mvc.method.annotation.ServletInvocableHandlerMethod.invokeAndHandle(ServletInvocableHandlerMethod.java:117)
	at org.springframework.web.servlet.mvc.method.annotation.RequestMappingHandlerAdapter.invokeHandlerMethod(RequestMappingHandlerAdapter.java:934)
	at org.springframework.web.servlet.mvc.method.annotation.RequestMappingHandlerAdapter.handleInternal(RequestMappingHandlerAdapter.java:853)
	at org.springframework.web.servlet.mvc.method.AbstractHandlerMethodAdapter.handle(AbstractHandlerMethodAdapter.java:86)
	at org.springframework.web.servlet.DispatcherServlet.doDispatch(DispatcherServlet.java:963)
	at org.springframework.web.servlet.DispatcherServlet.doService(DispatcherServlet.java:866)
	at org.springframework.web.servlet.FrameworkServlet.processRequest(FrameworkServlet.java:1003)
	at org.springframework.web.servlet.FrameworkServlet.doPut(FrameworkServlet.java:914)
	at jakarta.servlet.http.HttpServlet.service(HttpServlet.java:650)
	at org.springframework.web.servlet.FrameworkServlet.service(FrameworkServlet.java:874)
	at jakarta.servlet.http.HttpServlet.service(HttpServlet.java:710)
	at org.apache.catalina.core.ApplicationFilterChain.doFilter(ApplicationFilterChain.java:128)
	at org.apache.tomcat.websocket.server.WsFilter.doFilter(WsFilter.java:53)
	at org.apache.catalina.core.ApplicationFilterChain.doFilter(ApplicationFilterChain.java:107)
	at org.springframework.web.filter.RequestContextFilter.doFilterInternal(RequestContextFilter.java:100)
	at org.springframework.web.filter.OncePerRequestFilter.doFilter(OncePerRequestFilter.java:116)
	at org.apache.catalina.core.ApplicationFilterChain.doFilter(ApplicationFilterChain.java:107)
	at org.springframework.web.filter.FormContentFilter.doFilterInternal(FormContentFilter.java:93)
	at org.springframework.web.filter.OncePerRequestFilter.doFilter(OncePerRequestFilter.java:116)
	at org.apache.catalina.core.ApplicationFilterChain.doFilter(ApplicationFilterChain.java:107)
	at org.springframework.web.filter.CharacterEncodingFilter.doFilterInternal(CharacterEncodingFilter.java:199)
	at org.springframework.web.filter.OncePerRequestFilter.doFilter(OncePerRequestFilter.java:116)
	at org.apache.catalina.core.ApplicationFilterChain.doFilter(ApplicationFilterChain.java:107)
	at org.apache.catalina.core.StandardWrapperValve.invoke(StandardWrapperValve.java:165)
	at org.apache.catalina.core.StandardContextValve.invoke(StandardContextValve.java:77)
	at org.apache.catalina.authenticator.AuthenticatorBase.invoke(AuthenticatorBase.java:482)
	at org.apache.catalina.core.StandardHostValve.invoke(StandardHostValve.java:113)
	at org.apache.catalina.valves.ErrorReportValve.invoke(ErrorReportValve.java:83)
	at org.apache.catalina.core.StandardEngineValve.invoke(StandardEngineValve.java:72)
	at org.apache.catalina.connector.CoyoteAdapter.service(CoyoteAdapter.java:341)
	at org.apache.coyote.http11.Http11Processor.service(Http11Processor.java:397)
	at org.apache.coyote.AbstractProcessorLight.process(AbstractProcessorLight.java:63)
	at org.apache.coyote.AbstractProtocol$ConnectionHandler.process(AbstractProtocol.java:903)
	at org.apache.tomcat.util.net.NioEndpoint$SocketProcessor.doRun(NioEndpoint.java:1778)
	at org.apache.tomcat.util.net.SocketProcessorBase.run(SocketProcessorBase.java:52)
	at org.apache.tomcat.util.threads.ThreadPoolExecutor.runWorker(ThreadPoolExecutor.java:946)
	at org.apache.tomcat.util.threads.ThreadPoolExecutor$Worker.run(ThreadPoolExecutor.java:480)
	at org.apache.tomcat.util.threads.TaskThread$WrappingRunnable.run(TaskThread.java:57)
	at java.base/java.lang.Thread.run(Thread.java:1583)
Caused by: java.lang.IllegalArgumentException: org.hibernate.ObjectDeletedException: deleted instance passed to merge for entity [com.ryabaya.cheese.entity.Cheese with null id]
	at org.hibernate.internal.SessionImpl.fireMerge(SessionImpl.java:802)
	at org.hibernate.internal.SessionImpl.merge(SessionImpl.java:782)
	at java.base/jdk.internal.reflect.DirectMethodHandleAccessor.invoke(DirectMethodHandleAccessor.java:103)
	at java.base/java.lang.reflect.Method.invoke(Method.java:580)
	at org.springframework.orm.jpa.ExtendedEntityManagerCreator$ExtendedEntityManagerInvocationHandler.invoke(ExtendedEntityManagerCreator.java:362)
	at jdk.proxy2/jdk.proxy2.$Proxy147.merge(Unknown Source)
	at java.base/jdk.internal.reflect.DirectMethodHandleAccessor.invoke(DirectMethodHandleAccessor.java:103)
	at java.base/java.lang.reflect.Method.invoke(Method.java:580)
	at org.springframework.orm.jpa.SharedEntityManagerCreator$SharedEntityManagerInvocationHandler.invoke(SharedEntityManagerCreator.java:317)
	at jdk.proxy2/jdk.proxy2.$Proxy147.merge(Unknown Source)
	at org.springframework.data.jpa.repository.support.SimpleJpaRepository.save(SimpleJpaRepository.java:667)
	at java.base/jdk.internal.reflect.DirectMethodHandleAccessor.invoke(DirectMethodHandleAccessor.java:103)
	at java.base/java.lang.reflect.Method.invoke(Method.java:580)
	at org.springframework.aop.support.AopUtils.invokeJoinpointUsingReflection(AopUtils.java:359)
	at org.springframework.data.repository.core.support.RepositoryMethodInvoker$RepositoryFragmentMethodInvoker.lambda$new$0(RepositoryMethodInvoker.java:278)
	at org.springframework.data.repository.core.support.RepositoryMethodInvoker.doInvoke(RepositoryMethodInvoker.java:169)
	at org.springframework.data.repository.core.support.RepositoryMethodInvoker.invoke(RepositoryMethodInvoker.java:158)
	at org.springframework.data.repository.core.support.RepositoryComposition$RepositoryFragments.invoke(RepositoryComposition.java:545)
	at org.springframework.data.repository.core.support.RepositoryComposition.invoke(RepositoryComposition.java:290)
	at org.springframework.data.repository.core.support.RepositoryFactorySupport$ImplementationMethodExecutionInterceptor.invoke(RepositoryFactorySupport.java:690)
	at org.springframework.aop.framework.ReflectiveMethodInvocation.proceed(ReflectiveMethodInvocation.java:179)
	at org.springframework.data.repository.core.support.QueryExecutorMethodInterceptor.doInvoke(QueryExecutorMethodInterceptor.java:171)
	at org.springframework.data.repository.core.support.QueryExecutorMethodInterceptor.invoke(QueryExecutorMethodInterceptor.java:146)
	at org.springframework.aop.framework.ReflectiveMethodInvocation.proceed(ReflectiveMethodInvocation.java:179)
	at org.springframework.data.projection.DefaultMethodInvokingMethodInterceptor.invoke(DefaultMethodInvokingMethodInterceptor.java:69)
	at org.springframework.aop.framework.ReflectiveMethodInvocation.proceed(ReflectiveMethodInvocation.java:179)
	at org.springframework.transaction.interceptor.TransactionInterceptor$1.proceedWithInvocation(TransactionInterceptor.java:133)
	at org.springframework.transaction.interceptor.TransactionAspectSupport.invokeWithinTransaction(TransactionAspectSupport.java:371)
	at org.springframework.transaction.interceptor.TransactionInterceptor.invoke(TransactionInterceptor.java:130)
	at org.springframework.aop.framework.ReflectiveMethodInvocation.proceed(ReflectiveMethodInvocation.java:179)
	at org.springframework.dao.support.PersistenceExceptionTranslationInterceptor.invoke(PersistenceExceptionTranslationInterceptor.java:135)
	... 71 common frames omitted
Caused by: org.hibernate.ObjectDeletedException: deleted instance passed to merge for entity [com.ryabaya.cheese.entity.Cheese with null id]
	at org.hibernate.event.internal.DefaultMergeEventListener.merge(DefaultMergeEventListener.java:214)
	at org.hibernate.event.internal.DefaultMergeEventListener.doMerge(DefaultMergeEventListener.java:136)
	at org.hibernate.event.internal.DefaultMergeEventListener.onMerge(DefaultMergeEventListener.java:120)
	at org.hibernate.event.internal.DefaultMergeEventListener.onMerge(DefaultMergeEventListener.java:77)
	at org.hibernate.event.service.internal.EventListenerGroupImpl.fireEventOnEachListener(EventListenerGroupImpl.java:138)
	at org.hibernate.internal.SessionImpl.fireMerge(SessionImpl.java:797)
	... 101 common frames omitted
2026-04-27 14:45:54.069 [http-nio-8080-exec-2] DEBUG c.r.c.aspect.ServiceLoggingAspect - Выполнение метода: CheeseService.updateCheeseWithRelations с аргументами: [5, CheeseFullUpdateRequestDto(name=Белая вежа, fats=50.0, description=Рассольный сыр, выдержанный в дубовых бочках, price=27.0, producerId=5, shopId=3, categoryIds=[1, 4, 13])]
2026-04-27 14:45:54.096 [http-nio-8080-exec-2] ERROR c.r.c.aspect.ServiceLoggingAspect - Ошибка при выполнении метода CheeseService.updateCheeseWithRelations: org.hibernate.ObjectDeletedException: deleted instance passed to merge for entity [com.ryabaya.cheese.entity.Cheese with null id]
org.springframework.dao.InvalidDataAccessApiUsageException: org.hibernate.ObjectDeletedException: deleted instance passed to merge for entity [com.ryabaya.cheese.entity.Cheese with null id]
	at org.springframework.orm.jpa.EntityManagerFactoryUtils.convertJpaAccessExceptionIfPossible(EntityManagerFactoryUtils.java:365)
	at org.springframework.orm.jpa.hibernate.HibernateExceptionTranslator.translateExceptionIfPossible(HibernateExceptionTranslator.java:112)
	at org.springframework.orm.jpa.vendor.HibernateJpaDialect.translateExceptionIfPossible(HibernateJpaDialect.java:199)
	at org.springframework.orm.jpa.AbstractEntityManagerFactoryBean.translateExceptionIfPossible(AbstractEntityManagerFactoryBean.java:556)
	at org.springframework.dao.support.ChainedPersistenceExceptionTranslator.translateExceptionIfPossible(ChainedPersistenceExceptionTranslator.java:61)
	at org.springframework.dao.support.DataAccessUtils.translateIfNecessary(DataAccessUtils.java:346)
	at org.springframework.dao.support.PersistenceExceptionTranslationInterceptor.invoke(PersistenceExceptionTranslationInterceptor.java:157)
	at org.springframework.aop.framework.ReflectiveMethodInvocation.proceed(ReflectiveMethodInvocation.java:179)
	at org.springframework.data.jpa.repository.support.CrudMethodMetadataPostProcessor$CrudMethodMetadataPopulatingMethodInterceptor.invoke(CrudMethodMetadataPostProcessor.java:166)
	at org.springframework.aop.framework.ReflectiveMethodInvocation.proceed(ReflectiveMethodInvocation.java:179)
	at org.springframework.aop.framework.JdkDynamicAopProxy.invoke(JdkDynamicAopProxy.java:222)
	at jdk.proxy2/jdk.proxy2.$Proxy155.save(Unknown Source)
	at com.ryabaya.cheese.service.CheeseService.updateCheeseWithRelations(CheeseService.java:141)
	at java.base/jdk.internal.reflect.DirectMethodHandleAccessor.invoke(DirectMethodHandleAccessor.java:103)
	at java.base/java.lang.reflect.Method.invoke(Method.java:580)
	at org.springframework.aop.support.AopUtils.invokeJoinpointUsingReflection(AopUtils.java:359)
	at org.springframework.aop.framework.ReflectiveMethodInvocation.invokeJoinpoint(ReflectiveMethodInvocation.java:190)
	at org.springframework.aop.framework.ReflectiveMethodInvocation.proceed(ReflectiveMethodInvocation.java:158)
	at org.springframework.aop.aspectj.MethodInvocationProceedingJoinPoint.proceed(MethodInvocationProceedingJoinPoint.java:82)
	at com.ryabaya.cheese.aspect.ServiceLoggingAspect.logExecutionTime(ServiceLoggingAspect.java:49)
	at java.base/jdk.internal.reflect.DirectMethodHandleAccessor.invoke(DirectMethodHandleAccessor.java:103)
	at java.base/java.lang.reflect.Method.invoke(Method.java:580)
	at org.springframework.aop.aspectj.AbstractAspectJAdvice.invokeAdviceMethodWithGivenArgs(AbstractAspectJAdvice.java:648)
	at org.springframework.aop.aspectj.AbstractAspectJAdvice.invokeAdviceMethod(AbstractAspectJAdvice.java:630)
	at org.springframework.aop.aspectj.AspectJAroundAdvice.invoke(AspectJAroundAdvice.java:70)
	at org.springframework.aop.framework.ReflectiveMethodInvocation.proceed(ReflectiveMethodInvocation.java:179)
	at org.springframework.transaction.interceptor.TransactionInterceptor$1.proceedWithInvocation(TransactionInterceptor.java:133)
	at org.springframework.transaction.interceptor.TransactionAspectSupport.invokeWithinTransaction(TransactionAspectSupport.java:371)
	at org.springframework.transaction.interceptor.TransactionInterceptor.invoke(TransactionInterceptor.java:130)
	at org.springframework.aop.framework.ReflectiveMethodInvocation.proceed(ReflectiveMethodInvocation.java:179)
	at org.springframework.aop.interceptor.ExposeInvocationInterceptor.invoke(ExposeInvocationInterceptor.java:96)
	at org.springframework.aop.framework.ReflectiveMethodInvocation.proceed(ReflectiveMethodInvocation.java:179)
	at org.springframework.aop.framework.CglibAopProxy$DynamicAdvisedInterceptor.intercept(CglibAopProxy.java:719)
	at com.ryabaya.cheese.service.CheeseService$$SpringCGLIB$$0.updateCheeseWithRelations(<generated>)
	at com.ryabaya.cheese.controller.CheeseController.updateCheeseFull(CheeseController.java:147)
	at java.base/jdk.internal.reflect.DirectMethodHandleAccessor.invoke(DirectMethodHandleAccessor.java:103)
	at java.base/java.lang.reflect.Method.invoke(Method.java:580)
	at org.springframework.web.method.support.InvocableHandlerMethod.doInvoke(InvocableHandlerMethod.java:258)
	at org.springframework.web.method.support.InvocableHandlerMethod.invokeForRequest(InvocableHandlerMethod.java:190)
	at org.springframework.web.servlet.mvc.method.annotation.ServletInvocableHandlerMethod.invokeAndHandle(ServletInvocableHandlerMethod.java:117)
	at org.springframework.web.servlet.mvc.method.annotation.RequestMappingHandlerAdapter.invokeHandlerMethod(RequestMappingHandlerAdapter.java:934)
	at org.springframework.web.servlet.mvc.method.annotation.RequestMappingHandlerAdapter.handleInternal(RequestMappingHandlerAdapter.java:853)
	at org.springframework.web.servlet.mvc.method.AbstractHandlerMethodAdapter.handle(AbstractHandlerMethodAdapter.java:86)
	at org.springframework.web.servlet.DispatcherServlet.doDispatch(DispatcherServlet.java:963)
	at org.springframework.web.servlet.DispatcherServlet.doService(DispatcherServlet.java:866)
	at org.springframework.web.servlet.FrameworkServlet.processRequest(FrameworkServlet.java:1003)
	at org.springframework.web.servlet.FrameworkServlet.doPut(FrameworkServlet.java:914)
	at jakarta.servlet.http.HttpServlet.service(HttpServlet.java:650)
	at org.springframework.web.servlet.FrameworkServlet.service(FrameworkServlet.java:874)
	at jakarta.servlet.http.HttpServlet.service(HttpServlet.java:710)
	at org.apache.catalina.core.ApplicationFilterChain.doFilter(ApplicationFilterChain.java:128)
	at org.apache.tomcat.websocket.server.WsFilter.doFilter(WsFilter.java:53)
	at org.apache.catalina.core.ApplicationFilterChain.doFilter(ApplicationFilterChain.java:107)
	at org.springframework.web.filter.RequestContextFilter.doFilterInternal(RequestContextFilter.java:100)
	at org.springframework.web.filter.OncePerRequestFilter.doFilter(OncePerRequestFilter.java:116)
	at org.apache.catalina.core.ApplicationFilterChain.doFilter(ApplicationFilterChain.java:107)
	at org.springframework.web.filter.FormContentFilter.doFilterInternal(FormContentFilter.java:93)
	at org.springframework.web.filter.OncePerRequestFilter.doFilter(OncePerRequestFilter.java:116)
	at org.apache.catalina.core.ApplicationFilterChain.doFilter(ApplicationFilterChain.java:107)
	at org.springframework.web.filter.CharacterEncodingFilter.doFilterInternal(CharacterEncodingFilter.java:199)
	at org.springframework.web.filter.OncePerRequestFilter.doFilter(OncePerRequestFilter.java:116)
	at org.apache.catalina.core.ApplicationFilterChain.doFilter(ApplicationFilterChain.java:107)
	at org.apache.catalina.core.StandardWrapperValve.invoke(StandardWrapperValve.java:165)
	at org.apache.catalina.core.StandardContextValve.invoke(StandardContextValve.java:77)
	at org.apache.catalina.authenticator.AuthenticatorBase.invoke(AuthenticatorBase.java:482)
	at org.apache.catalina.core.StandardHostValve.invoke(StandardHostValve.java:113)
	at org.apache.catalina.valves.ErrorReportValve.invoke(ErrorReportValve.java:83)
	at org.apache.catalina.core.StandardEngineValve.invoke(StandardEngineValve.java:72)
	at org.apache.catalina.connector.CoyoteAdapter.service(CoyoteAdapter.java:341)
	at org.apache.coyote.http11.Http11Processor.service(Http11Processor.java:397)
	at org.apache.coyote.AbstractProcessorLight.process(AbstractProcessorLight.java:63)
	at org.apache.coyote.AbstractProtocol$ConnectionHandler.process(AbstractProtocol.java:903)
	at org.apache.tomcat.util.net.NioEndpoint$SocketProcessor.doRun(NioEndpoint.java:1778)
	at org.apache.tomcat.util.net.SocketProcessorBase.run(SocketProcessorBase.java:52)
	at org.apache.tomcat.util.threads.ThreadPoolExecutor.runWorker(ThreadPoolExecutor.java:946)
	at org.apache.tomcat.util.threads.ThreadPoolExecutor$Worker.run(ThreadPoolExecutor.java:480)
	at org.apache.tomcat.util.threads.TaskThread$WrappingRunnable.run(TaskThread.java:57)
	at java.base/java.lang.Thread.run(Thread.java:1583)
Caused by: java.lang.IllegalArgumentException: org.hibernate.ObjectDeletedException: deleted instance passed to merge for entity [com.ryabaya.cheese.entity.Cheese with null id]
	at org.hibernate.internal.SessionImpl.fireMerge(SessionImpl.java:802)
	at org.hibernate.internal.SessionImpl.merge(SessionImpl.java:782)
	at java.base/jdk.internal.reflect.DirectMethodHandleAccessor.invoke(DirectMethodHandleAccessor.java:103)
	at java.base/java.lang.reflect.Method.invoke(Method.java:580)
	at org.springframework.orm.jpa.ExtendedEntityManagerCreator$ExtendedEntityManagerInvocationHandler.invoke(ExtendedEntityManagerCreator.java:362)
	at jdk.proxy2/jdk.proxy2.$Proxy147.merge(Unknown Source)
	at java.base/jdk.internal.reflect.DirectMethodHandleAccessor.invoke(DirectMethodHandleAccessor.java:103)
	at java.base/java.lang.reflect.Method.invoke(Method.java:580)
	at org.springframework.orm.jpa.SharedEntityManagerCreator$SharedEntityManagerInvocationHandler.invoke(SharedEntityManagerCreator.java:317)
	at jdk.proxy2/jdk.proxy2.$Proxy147.merge(Unknown Source)
	at org.springframework.data.jpa.repository.support.SimpleJpaRepository.save(SimpleJpaRepository.java:667)
	at java.base/jdk.internal.reflect.DirectMethodHandleAccessor.invoke(DirectMethodHandleAccessor.java:103)
	at java.base/java.lang.reflect.Method.invoke(Method.java:580)
	at org.springframework.aop.support.AopUtils.invokeJoinpointUsingReflection(AopUtils.java:359)
	at org.springframework.data.repository.core.support.RepositoryMethodInvoker$RepositoryFragmentMethodInvoker.lambda$new$0(RepositoryMethodInvoker.java:278)
	at org.springframework.data.repository.core.support.RepositoryMethodInvoker.doInvoke(RepositoryMethodInvoker.java:169)
	at org.springframework.data.repository.core.support.RepositoryMethodInvoker.invoke(RepositoryMethodInvoker.java:158)
	at org.springframework.data.repository.core.support.RepositoryComposition$RepositoryFragments.invoke(RepositoryComposition.java:545)
	at org.springframework.data.repository.core.support.RepositoryComposition.invoke(RepositoryComposition.java:290)
	at org.springframework.data.repository.core.support.RepositoryFactorySupport$ImplementationMethodExecutionInterceptor.invoke(RepositoryFactorySupport.java:690)
	at org.springframework.aop.framework.ReflectiveMethodInvocation.proceed(ReflectiveMethodInvocation.java:179)
	at org.springframework.data.repository.core.support.QueryExecutorMethodInterceptor.doInvoke(QueryExecutorMethodInterceptor.java:171)
	at org.springframework.data.repository.core.support.QueryExecutorMethodInterceptor.invoke(QueryExecutorMethodInterceptor.java:146)
	at org.springframework.aop.framework.ReflectiveMethodInvocation.proceed(ReflectiveMethodInvocation.java:179)
	at org.springframework.data.projection.DefaultMethodInvokingMethodInterceptor.invoke(DefaultMethodInvokingMethodInterceptor.java:69)
	at org.springframework.aop.framework.ReflectiveMethodInvocation.proceed(ReflectiveMethodInvocation.java:179)
	at org.springframework.transaction.interceptor.TransactionInterceptor$1.proceedWithInvocation(TransactionInterceptor.java:133)
	at org.springframework.transaction.interceptor.TransactionAspectSupport.invokeWithinTransaction(TransactionAspectSupport.java:371)
	at org.springframework.transaction.interceptor.TransactionInterceptor.invoke(TransactionInterceptor.java:130)
	at org.springframework.aop.framework.ReflectiveMethodInvocation.proceed(ReflectiveMethodInvocation.java:179)
	at org.springframework.dao.support.PersistenceExceptionTranslationInterceptor.invoke(PersistenceExceptionTranslationInterceptor.java:135)
	... 71 common frames omitted
Caused by: org.hibernate.ObjectDeletedException: deleted instance passed to merge for entity [com.ryabaya.cheese.entity.Cheese with null id]
	at org.hibernate.event.internal.DefaultMergeEventListener.merge(DefaultMergeEventListener.java:214)
	at org.hibernate.event.internal.DefaultMergeEventListener.doMerge(DefaultMergeEventListener.java:136)
	at org.hibernate.event.internal.DefaultMergeEventListener.onMerge(DefaultMergeEventListener.java:120)
	at org.hibernate.event.internal.DefaultMergeEventListener.onMerge(DefaultMergeEventListener.java:77)
	at org.hibernate.event.service.internal.EventListenerGroupImpl.fireEventOnEachListener(EventListenerGroupImpl.java:138)
	at org.hibernate.internal.SessionImpl.fireMerge(SessionImpl.java:797)
	... 101 common frames omitted
2026-04-27 14:47:50.886 [http-nio-8080-exec-3] DEBUG c.r.c.aspect.ServiceLoggingAspect - Выполнение метода: CheeseService.getAllCheeses с аргументами: []
2026-04-27 14:47:50.956 [http-nio-8080-exec-3] DEBUG c.r.c.aspect.ServiceLoggingAspect - Метод CheeseService.getAllCheeses выполнился за 70 мс
2026-04-27 14:47:50.994 [http-nio-8080-exec-4] DEBUG c.r.c.aspect.ServiceLoggingAspect - Выполнение метода: ProducerService.getAllProducers с аргументами: []
2026-04-27 14:47:50.997 [http-nio-8080-exec-4] DEBUG c.r.c.aspect.ServiceLoggingAspect - Метод ProducerService.getAllProducers выполнился за 2 мс
2026-04-27 14:47:51.011 [http-nio-8080-exec-5] DEBUG c.r.c.aspect.ServiceLoggingAspect - Выполнение метода: ShopService.getAllShops с аргументами: [Page request [number: 0, size 200, sort: id: ASC]]
2026-04-27 14:47:51.022 [http-nio-8080-exec-5] DEBUG c.r.c.aspect.ServiceLoggingAspect - Метод ShopService.getAllShops выполнился за 10 мс
2026-04-27 14:47:51.036 [http-nio-8080-exec-6] DEBUG c.r.c.aspect.ServiceLoggingAspect - Выполнение метода: CategoryService.getAllCategories с аргументами: []
2026-04-27 14:47:51.038 [http-nio-8080-exec-6] DEBUG c.r.c.aspect.ServiceLoggingAspect - Метод CategoryService.getAllCategories выполнился за 2 мс
2026-04-27 14:47:51.043 [http-nio-8080-exec-7] DEBUG c.r.c.aspect.ServiceLoggingAspect - Выполнение метода: ShopService.getAllShops с аргументами: [Page request [number: 0, size 5, sort: id: ASC]]
2026-04-27 14:47:51.055 [http-nio-8080-exec-7] DEBUG c.r.c.aspect.ServiceLoggingAspect - Метод ShopService.getAllShops выполнился за 11 мс
2026-04-27 14:50:08.608 [http-nio-8080-exec-8] DEBUG c.r.c.aspect.ServiceLoggingAspect - Выполнение метода: CheeseService.createCheese с аргументами: [3, 5, CheeseRequestDto(name=Белая вежа, fats=50.0, description=Рассольный сыр, выдержанный в дубовых бочках, price=27.0)]
2026-04-27 14:50:08.671 [http-nio-8080-exec-8] DEBUG c.r.c.aspect.ServiceLoggingAspect - Метод CheeseService.createCheese выполнился за 63 мс
2026-04-27 14:50:08.695 [http-nio-8080-exec-9] DEBUG c.r.c.aspect.ServiceLoggingAspect - Выполнение метода: CategoryService.createCategory с аргументами: [17, CategoryRequestDto(name=Твердый, description=Твердые сыры)]
2026-04-27 14:50:08.698 [http-nio-8080-exec-9] DEBUG c.r.c.aspect.ServiceLoggingAspect - Метод CategoryService.createCategory выполнился за 2 мс
2026-04-27 14:50:08.708 [http-nio-8080-exec-10] DEBUG c.r.c.aspect.ServiceLoggingAspect - Выполнение метода: CategoryService.createCategory с аргументами: [17, CategoryRequestDto(name=Нежный, description=)]
2026-04-27 14:50:08.710 [http-nio-8080-exec-10] DEBUG c.r.c.aspect.ServiceLoggingAspect - Метод CategoryService.createCategory выполнился за 1 мс
2026-04-27 14:50:08.717 [http-nio-8080-exec-1] DEBUG c.r.c.aspect.ServiceLoggingAspect - Выполнение метода: ReviewService.getReviewsByCheeseId с аргументами: [5]
2026-04-27 14:50:08.749 [http-nio-8080-exec-1] DEBUG c.r.c.aspect.ServiceLoggingAspect - Метод ReviewService.getReviewsByCheeseId выполнился за 31 мс
2026-04-27 14:50:08.756 [http-nio-8080-exec-2] DEBUG c.r.c.aspect.ServiceLoggingAspect - Выполнение метода: CheeseService.deleteCheese с аргументами: [5]
2026-04-27 14:50:08.766 [http-nio-8080-exec-2] DEBUG c.r.c.aspect.ServiceLoggingAspect - Метод CheeseService.deleteCheese выполнился за 9 мс
2026-04-27 14:50:08.780 [http-nio-8080-exec-3] DEBUG c.r.c.aspect.ServiceLoggingAspect - Выполнение метода: CheeseService.getAllCheeses с аргументами: []
2026-04-27 14:50:08.792 [http-nio-8080-exec-3] DEBUG c.r.c.aspect.ServiceLoggingAspect - Метод CheeseService.getAllCheeses выполнился за 11 мс
2026-04-27 14:50:08.821 [http-nio-8080-exec-4] DEBUG c.r.c.aspect.ServiceLoggingAspect - Выполнение метода: ProducerService.getAllProducers с аргументами: []
2026-04-27 14:50:08.822 [http-nio-8080-exec-4] DEBUG c.r.c.aspect.ServiceLoggingAspect - Метод ProducerService.getAllProducers выполнился за 1 мс
2026-04-27 14:50:08.832 [http-nio-8080-exec-5] DEBUG c.r.c.aspect.ServiceLoggingAspect - Выполнение метода: ShopService.getAllShops с аргументами: [Page request [number: 0, size 200, sort: id: ASC]]
2026-04-27 14:50:08.838 [http-nio-8080-exec-5] DEBUG c.r.c.aspect.ServiceLoggingAspect - Метод ShopService.getAllShops выполнился за 5 мс
2026-04-27 14:50:08.843 [http-nio-8080-exec-6] DEBUG c.r.c.aspect.ServiceLoggingAspect - Выполнение метода: CategoryService.getAllCategories с аргументами: []
2026-04-27 14:50:08.845 [http-nio-8080-exec-6] DEBUG c.r.c.aspect.ServiceLoggingAspect - Метод CategoryService.getAllCategories выполнился за 1 мс
2026-04-27 14:50:08.851 [http-nio-8080-exec-7] DEBUG c.r.c.aspect.ServiceLoggingAspect - Выполнение метода: ShopService.getAllShops с аргументами: [Page request [number: 0, size 5, sort: id: ASC]]
2026-04-27 14:50:08.854 [http-nio-8080-exec-7] DEBUG c.r.c.aspect.ServiceLoggingAspect - Метод ShopService.getAllShops выполнился за 3 мс
2026-04-27 14:51:00.997 [http-nio-8080-exec-8] DEBUG c.r.c.aspect.ServiceLoggingAspect - Выполнение метода: CheeseService.getAllCheesesWithGraph с аргументами: []
2026-04-27 14:51:01.080 [http-nio-8080-exec-8] DEBUG c.r.c.aspect.ServiceLoggingAspect - Метод CheeseService.getAllCheesesWithGraph выполнился за 83 мс
2026-04-27 14:51:03.560 [http-nio-8080-exec-9] DEBUG c.r.c.aspect.ServiceLoggingAspect - Выполнение метода: CheeseService.getAllCheeses с аргументами: []
2026-04-27 14:51:03.633 [http-nio-8080-exec-9] DEBUG c.r.c.aspect.ServiceLoggingAspect - Метод CheeseService.getAllCheeses выполнился за 73 мс
2026-04-27 14:51:03.643 [http-nio-8080-exec-10] DEBUG c.r.c.aspect.ServiceLoggingAspect - Выполнение метода: ProducerService.getAllProducers с аргументами: []
2026-04-27 14:51:03.643 [http-nio-8080-exec-10] DEBUG c.r.c.aspect.ServiceLoggingAspect - Метод ProducerService.getAllProducers выполнился за 0 мс
2026-04-27 14:51:03.653 [http-nio-8080-exec-1] DEBUG c.r.c.aspect.ServiceLoggingAspect - Выполнение метода: ShopService.getAllShops с аргументами: [Page request [number: 0, size 200, sort: id: ASC]]
2026-04-27 14:51:03.656 [http-nio-8080-exec-1] DEBUG c.r.c.aspect.ServiceLoggingAspect - Метод ShopService.getAllShops выполнился за 2 мс
2026-04-27 14:51:03.661 [http-nio-8080-exec-2] DEBUG c.r.c.aspect.ServiceLoggingAspect - Выполнение метода: CategoryService.getAllCategories с аргументами: []
2026-04-27 14:51:03.663 [http-nio-8080-exec-2] DEBUG c.r.c.aspect.ServiceLoggingAspect - Метод CategoryService.getAllCategories выполнился за 2 мс
2026-04-27 14:51:03.669 [http-nio-8080-exec-3] DEBUG c.r.c.aspect.ServiceLoggingAspect - Выполнение метода: ShopService.getAllShops с аргументами: [Page request [number: 0, size 5, sort: id: ASC]]
2026-04-27 14:51:03.673 [http-nio-8080-exec-3] DEBUG c.r.c.aspect.ServiceLoggingAspect - Метод ShopService.getAllShops выполнился за 3 мс
2026-04-27 14:51:21.455 [http-nio-8080-exec-4] DEBUG c.r.c.aspect.ServiceLoggingAspect - Выполнение метода: CheeseService.createCheese с аргументами: [10, 5, CheeseRequestDto(name=Белая вежа, fats=50.0, description=Рассольный сыр, выдержанный в дубовых бочках, price=27.0)]
2026-04-27 14:51:21.469 [http-nio-8080-exec-4] DEBUG c.r.c.aspect.ServiceLoggingAspect - Метод CheeseService.createCheese выполнился за 13 мс
2026-04-27 14:51:21.484 [http-nio-8080-exec-5] DEBUG c.r.c.aspect.ServiceLoggingAspect - Выполнение метода: CategoryService.createCategory с аргументами: [18, CategoryRequestDto(name=Твердый, description=Твердые сыры)]
2026-04-27 14:51:21.487 [http-nio-8080-exec-5] DEBUG c.r.c.aspect.ServiceLoggingAspect - Метод CategoryService.createCategory выполнился за 2 мс
2026-04-27 14:51:21.496 [http-nio-8080-exec-6] DEBUG c.r.c.aspect.ServiceLoggingAspect - Выполнение метода: CategoryService.createCategory с аргументами: [18, CategoryRequestDto(name=С плесенью, description=)]
2026-04-27 14:51:21.498 [http-nio-8080-exec-6] DEBUG c.r.c.aspect.ServiceLoggingAspect - Метод CategoryService.createCategory выполнился за 2 мс
2026-04-27 14:51:21.507 [http-nio-8080-exec-7] DEBUG c.r.c.aspect.ServiceLoggingAspect - Выполнение метода: ReviewService.getReviewsByCheeseId с аргументами: [17]
2026-04-27 14:51:21.515 [http-nio-8080-exec-7] DEBUG c.r.c.aspect.ServiceLoggingAspect - Метод ReviewService.getReviewsByCheeseId выполнился за 8 мс
2026-04-27 14:51:21.524 [http-nio-8080-exec-8] DEBUG c.r.c.aspect.ServiceLoggingAspect - Выполнение метода: CheeseService.deleteCheese с аргументами: [17]
2026-04-27 14:51:21.530 [http-nio-8080-exec-8] DEBUG c.r.c.aspect.ServiceLoggingAspect - Метод CheeseService.deleteCheese выполнился за 5 мс
2026-04-27 14:51:21.550 [http-nio-8080-exec-9] DEBUG c.r.c.aspect.ServiceLoggingAspect - Выполнение метода: CheeseService.getAllCheeses с аргументами: []
2026-04-27 14:51:21.564 [http-nio-8080-exec-9] DEBUG c.r.c.aspect.ServiceLoggingAspect - Метод CheeseService.getAllCheeses выполнился за 14 мс
2026-04-27 14:51:21.570 [http-nio-8080-exec-10] DEBUG c.r.c.aspect.ServiceLoggingAspect - Выполнение метода: ProducerService.getAllProducers с аргументами: []
2026-04-27 14:51:21.570 [http-nio-8080-exec-10] DEBUG c.r.c.aspect.ServiceLoggingAspect - Метод ProducerService.getAllProducers выполнился за 0 мс
2026-04-27 14:51:21.576 [http-nio-8080-exec-1] DEBUG c.r.c.aspect.ServiceLoggingAspect - Выполнение метода: ShopService.getAllShops с аргументами: [Page request [number: 0, size 200, sort: id: ASC]]
2026-04-27 14:51:21.579 [http-nio-8080-exec-1] DEBUG c.r.c.aspect.ServiceLoggingAspect - Метод ShopService.getAllShops выполнился за 3 мс
2026-04-27 14:51:21.584 [http-nio-8080-exec-2] DEBUG c.r.c.aspect.ServiceLoggingAspect - Выполнение метода: CategoryService.getAllCategories с аргументами: []
2026-04-27 14:51:21.585 [http-nio-8080-exec-2] DEBUG c.r.c.aspect.ServiceLoggingAspect - Метод CategoryService.getAllCategories выполнился за 1 мс
2026-04-27 14:51:21.589 [http-nio-8080-exec-3] DEBUG c.r.c.aspect.ServiceLoggingAspect - Выполнение метода: ShopService.getAllShops с аргументами: [Page request [number: 0, size 5, sort: id: ASC]]
2026-04-27 14:51:21.592 [http-nio-8080-exec-3] DEBUG c.r.c.aspect.ServiceLoggingAspect - Метод ShopService.getAllShops выполнился за 2 мс
2026-04-27 14:52:16.191 [http-nio-8080-exec-4] DEBUG c.r.c.aspect.ServiceLoggingAspect - Выполнение метода: CheeseService.getAllCheesesWithGraph с аргументами: []
2026-04-27 14:52:16.229 [http-nio-8080-exec-4] DEBUG c.r.c.aspect.ServiceLoggingAspect - Метод CheeseService.getAllCheesesWithGraph выполнился за 38 мс
2026-04-27 14:52:26.728 [http-nio-8080-exec-5] DEBUG c.r.c.aspect.ServiceLoggingAspect - Выполнение метода: CheeseService.getAllCheesesWithGraph с аргументами: []
2026-04-27 14:52:26.737 [http-nio-8080-exec-5] DEBUG c.r.c.aspect.ServiceLoggingAspect - Метод CheeseService.getAllCheesesWithGraph выполнился за 8 мс
2026-04-27 14:52:42.654 [http-nio-8080-exec-6] DEBUG c.r.c.aspect.ServiceLoggingAspect - Выполнение метода: CheeseService.getAllCheesesWithGraph с аргументами: []
2026-04-27 14:52:42.668 [http-nio-8080-exec-6] DEBUG c.r.c.aspect.ServiceLoggingAspect - Метод CheeseService.getAllCheesesWithGraph выполнился за 14 мс
2026-04-27 14:52:42.679 [http-nio-8080-exec-7] DEBUG c.r.c.aspect.ServiceLoggingAspect - Выполнение метода: ProducerService.getAllProducers с аргументами: []
2026-04-27 14:52:42.679 [http-nio-8080-exec-7] DEBUG c.r.c.aspect.ServiceLoggingAspect - Метод ProducerService.getAllProducers выполнился за 0 мс
2026-04-27 14:52:42.687 [http-nio-8080-exec-8] DEBUG c.r.c.aspect.ServiceLoggingAspect - Выполнение метода: ShopService.getAllShops с аргументами: [Page request [number: 0, size 200, sort: id: ASC]]
2026-04-27 14:52:42.697 [http-nio-8080-exec-8] DEBUG c.r.c.aspect.ServiceLoggingAspect - Метод ShopService.getAllShops выполнился за 9 мс
2026-04-27 14:52:42.703 [http-nio-8080-exec-9] DEBUG c.r.c.aspect.ServiceLoggingAspect - Выполнение метода: CategoryService.getAllCategories с аргументами: []
2026-04-27 14:52:42.705 [http-nio-8080-exec-9] DEBUG c.r.c.aspect.ServiceLoggingAspect - Метод CategoryService.getAllCategories выполнился за 2 мс
2026-04-27 14:52:42.711 [http-nio-8080-exec-10] DEBUG c.r.c.aspect.ServiceLoggingAspect - Выполнение метода: ShopService.getAllShops с аргументами: [Page request [number: 0, size 5, sort: id: ASC]]
2026-04-27 14:52:42.716 [http-nio-8080-exec-10] DEBUG c.r.c.aspect.ServiceLoggingAspect - Метод ShopService.getAllShops выполнился за 5 мс
2026-04-27 14:52:56.266 [http-nio-8080-exec-1] DEBUG c.r.c.aspect.ServiceLoggingAspect - Выполнение метода: ShopService.getAllShops с аргументами: [Page request [number: 1, size 5, sort: id: ASC]]
2026-04-27 14:52:56.285 [http-nio-8080-exec-1] DEBUG c.r.c.aspect.ServiceLoggingAspect - Метод ShopService.getAllShops выполнился за 19 мс
2026-04-27 14:52:56.406 [http-nio-8080-exec-2] DEBUG c.r.c.aspect.ServiceLoggingAspect - Выполнение метода: ShopService.getAllShops с аргументами: [Page request [number: 2, size 5, sort: id: ASC]]
2026-04-27 14:52:56.411 [http-nio-8080-exec-2] DEBUG c.r.c.aspect.ServiceLoggingAspect - Метод ShopService.getAllShops выполнился за 4 мс
2026-04-27 14:52:57.524 [http-nio-8080-exec-3] DEBUG c.r.c.aspect.ServiceLoggingAspect - Выполнение метода: ShopService.getAllShops с аргументами: [Page request [number: 1, size 5, sort: id: ASC]]
2026-04-27 14:52:57.529 [http-nio-8080-exec-3] DEBUG c.r.c.aspect.ServiceLoggingAspect - Метод ShopService.getAllShops выполнился за 5 мс
2026-04-27 14:52:57.683 [http-nio-8080-exec-4] DEBUG c.r.c.aspect.ServiceLoggingAspect - Выполнение метода: ShopService.getAllShops с аргументами: [Page request [number: 0, size 5, sort: id: ASC]]
2026-04-27 14:52:57.687 [http-nio-8080-exec-4] DEBUG c.r.c.aspect.ServiceLoggingAspect - Метод ShopService.getAllShops выполнился за 3 мс
2026-04-27 14:52:58.796 [http-nio-8080-exec-5] DEBUG c.r.c.aspect.ServiceLoggingAspect - Выполнение метода: ShopService.getAllShops с аргументами: [Page request [number: 1, size 5, sort: id: ASC]]
2026-04-27 14:52:58.805 [http-nio-8080-exec-5] DEBUG c.r.c.aspect.ServiceLoggingAspect - Метод ShopService.getAllShops выполнился за 9 мс
2026-04-27 14:52:58.957 [http-nio-8080-exec-6] DEBUG c.r.c.aspect.ServiceLoggingAspect - Выполнение метода: ShopService.getAllShops с аргументами: [Page request [number: 2, size 5, sort: id: ASC]]
2026-04-27 14:52:58.963 [http-nio-8080-exec-6] DEBUG c.r.c.aspect.ServiceLoggingAspect - Метод ShopService.getAllShops выполнился за 5 мс
2026-04-27 14:52:59.907 [http-nio-8080-exec-7] DEBUG c.r.c.aspect.ServiceLoggingAspect - Выполнение метода: ShopService.getAllShops с аргументами: [Page request [number: 1, size 5, sort: id: ASC]]
2026-04-27 14:52:59.914 [http-nio-8080-exec-7] DEBUG c.r.c.aspect.ServiceLoggingAspect - Метод ShopService.getAllShops выполнился за 6 мс
2026-04-27 14:53:00.073 [http-nio-8080-exec-8] DEBUG c.r.c.aspect.ServiceLoggingAspect - Выполнение метода: ShopService.getAllShops с аргументами: [Page request [number: 0, size 5, sort: id: ASC]]
2026-04-27 14:53:00.080 [http-nio-8080-exec-8] DEBUG c.r.c.aspect.ServiceLoggingAspect - Метод ShopService.getAllShops выполнился за 6 мс
2026-04-27 14:53:19.407 [http-nio-8080-exec-9] DEBUG c.r.c.aspect.ServiceLoggingAspect - Выполнение метода: CheeseService.createCheese с аргументами: [1, 5, CheeseRequestDto(name=Белая вежа, fats=50.0, description=Рассольный сыр, выдержанный в дубовых бочках, price=27.0)]
2026-04-27 14:53:19.423 [http-nio-8080-exec-9] DEBUG c.r.c.aspect.ServiceLoggingAspect - Метод CheeseService.createCheese выполнился за 16 мс
2026-04-27 14:53:19.452 [http-nio-8080-exec-10] DEBUG c.r.c.aspect.ServiceLoggingAspect - Выполнение метода: CategoryService.createCategory с аргументами: [19, CategoryRequestDto(name=Твердый, description=Твердые сыры)]
2026-04-27 14:53:19.456 [http-nio-8080-exec-10] DEBUG c.r.c.aspect.ServiceLoggingAspect - Метод CategoryService.createCategory выполнился за 3 мс
2026-04-27 14:53:19.468 [http-nio-8080-exec-1] DEBUG c.r.c.aspect.ServiceLoggingAspect - Выполнение метода: CategoryService.createCategory с аргументами: [19, CategoryRequestDto(name=С плесенью, description=)]
2026-04-27 14:53:19.475 [http-nio-8080-exec-1] DEBUG c.r.c.aspect.ServiceLoggingAspect - Метод CategoryService.createCategory выполнился за 6 мс
2026-04-27 14:53:19.489 [http-nio-8080-exec-2] DEBUG c.r.c.aspect.ServiceLoggingAspect - Выполнение метода: ReviewService.getReviewsByCheeseId с аргументами: [18]
2026-04-27 14:53:19.492 [http-nio-8080-exec-2] DEBUG c.r.c.aspect.ServiceLoggingAspect - Метод ReviewService.getReviewsByCheeseId выполнился за 3 мс
2026-04-27 14:53:19.501 [http-nio-8080-exec-3] DEBUG c.r.c.aspect.ServiceLoggingAspect - Выполнение метода: CheeseService.deleteCheese с аргументами: [18]
2026-04-27 14:53:19.505 [http-nio-8080-exec-3] DEBUG c.r.c.aspect.ServiceLoggingAspect - Метод CheeseService.deleteCheese выполнился за 4 мс
2026-04-27 14:53:19.519 [http-nio-8080-exec-4] DEBUG c.r.c.aspect.ServiceLoggingAspect - Выполнение метода: CheeseService.getAllCheesesWithGraph с аргументами: []
2026-04-27 14:53:19.527 [http-nio-8080-exec-4] DEBUG c.r.c.aspect.ServiceLoggingAspect - Метод CheeseService.getAllCheesesWithGraph выполнился за 7 мс
2026-04-27 14:53:19.542 [http-nio-8080-exec-5] DEBUG c.r.c.aspect.ServiceLoggingAspect - Выполнение метода: ProducerService.getAllProducers с аргументами: []
2026-04-27 14:53:19.542 [http-nio-8080-exec-5] DEBUG c.r.c.aspect.ServiceLoggingAspect - Метод ProducerService.getAllProducers выполнился за 0 мс
2026-04-27 14:53:19.548 [http-nio-8080-exec-6] DEBUG c.r.c.aspect.ServiceLoggingAspect - Выполнение метода: ShopService.getAllShops с аргументами: [Page request [number: 0, size 200, sort: id: ASC]]
2026-04-27 14:53:19.550 [http-nio-8080-exec-6] DEBUG c.r.c.aspect.ServiceLoggingAspect - Метод ShopService.getAllShops выполнился за 2 мс
2026-04-27 14:53:19.556 [http-nio-8080-exec-7] DEBUG c.r.c.aspect.ServiceLoggingAspect - Выполнение метода: CategoryService.getAllCategories с аргументами: []
2026-04-27 14:53:19.557 [http-nio-8080-exec-7] DEBUG c.r.c.aspect.ServiceLoggingAspect - Метод CategoryService.getAllCategories выполнился за 1 мс
2026-04-27 14:53:19.561 [http-nio-8080-exec-8] DEBUG c.r.c.aspect.ServiceLoggingAspect - Выполнение метода: ShopService.getAllShops с аргументами: [Page request [number: 0, size 5, sort: id: ASC]]
2026-04-27 14:53:19.564 [http-nio-8080-exec-8] DEBUG c.r.c.aspect.ServiceLoggingAspect - Метод ShopService.getAllShops выполнился за 2 мс
2026-04-27 14:53:23.426 [http-nio-8080-exec-9] DEBUG c.r.c.aspect.ServiceLoggingAspect - Выполнение метода: CheeseService.getAllCheesesWithGraph с аргументами: []
2026-04-27 14:53:23.435 [http-nio-8080-exec-9] DEBUG c.r.c.aspect.ServiceLoggingAspect - Метод CheeseService.getAllCheesesWithGraph выполнился за 9 мс
2026-04-27 14:53:25.328 [http-nio-8080-exec-10] DEBUG c.r.c.aspect.ServiceLoggingAspect - Выполнение метода: CheeseService.getAllCheesesWithGraph с аргументами: []
2026-04-27 14:53:25.338 [http-nio-8080-exec-10] DEBUG c.r.c.aspect.ServiceLoggingAspect - Метод CheeseService.getAllCheesesWithGraph выполнился за 10 мс
2026-04-27 14:53:25.348 [http-nio-8080-exec-1] DEBUG c.r.c.aspect.ServiceLoggingAspect - Выполнение метода: ProducerService.getAllProducers с аргументами: []
2026-04-27 14:53:25.348 [http-nio-8080-exec-1] DEBUG c.r.c.aspect.ServiceLoggingAspect - Метод ProducerService.getAllProducers выполнился за 0 мс
2026-04-27 14:53:25.354 [http-nio-8080-exec-2] DEBUG c.r.c.aspect.ServiceLoggingAspect - Выполнение метода: ShopService.getAllShops с аргументами: [Page request [number: 0, size 200, sort: id: ASC]]
2026-04-27 14:53:25.355 [http-nio-8080-exec-2] DEBUG c.r.c.aspect.ServiceLoggingAspect - Метод ShopService.getAllShops выполнился за 1 мс
2026-04-27 14:53:25.360 [http-nio-8080-exec-3] DEBUG c.r.c.aspect.ServiceLoggingAspect - Выполнение метода: CategoryService.getAllCategories с аргументами: []
2026-04-27 14:53:25.361 [http-nio-8080-exec-3] DEBUG c.r.c.aspect.ServiceLoggingAspect - Метод CategoryService.getAllCategories выполнился за 1 мс
2026-04-27 14:53:25.366 [http-nio-8080-exec-4] DEBUG c.r.c.aspect.ServiceLoggingAspect - Выполнение метода: ShopService.getAllShops с аргументами: [Page request [number: 0, size 5, sort: id: ASC]]
2026-04-27 14:53:25.368 [http-nio-8080-exec-4] DEBUG c.r.c.aspect.ServiceLoggingAspect - Метод ShopService.getAllShops выполнился за 2 мс
2026-04-27 14:53:37.076 [http-nio-8080-exec-5] DEBUG c.r.c.aspect.ServiceLoggingAspect - Выполнение метода: CheeseService.createCheese с аргументами: [3, 5, CheeseRequestDto(name=Белая вежа, fats=50.0, description=Рассольный сыр, выдержанный в дубовых бочках, price=27.0)]
2026-04-27 14:53:37.082 [http-nio-8080-exec-5] DEBUG c.r.c.aspect.ServiceLoggingAspect - Метод CheeseService.createCheese выполнился за 6 мс
2026-04-27 14:53:37.097 [http-nio-8080-exec-6] DEBUG c.r.c.aspect.ServiceLoggingAspect - Выполнение метода: CategoryService.createCategory с аргументами: [20, CategoryRequestDto(name=Мягкий, description=)]
2026-04-27 14:53:37.101 [http-nio-8080-exec-6] DEBUG c.r.c.aspect.ServiceLoggingAspect - Метод CategoryService.createCategory выполнился за 4 мс
2026-04-27 14:53:37.111 [http-nio-8080-exec-7] DEBUG c.r.c.aspect.ServiceLoggingAspect - Выполнение метода: CategoryService.createCategory с аргументами: [20, CategoryRequestDto(name=Нежный, description=)]
2026-04-27 14:53:37.114 [http-nio-8080-exec-7] DEBUG c.r.c.aspect.ServiceLoggingAspect - Метод CategoryService.createCategory выполнился за 2 мс
2026-04-27 14:53:37.122 [http-nio-8080-exec-8] DEBUG c.r.c.aspect.ServiceLoggingAspect - Выполнение метода: ReviewService.getReviewsByCheeseId с аргументами: [19]
2026-04-27 14:53:37.123 [http-nio-8080-exec-8] DEBUG c.r.c.aspect.ServiceLoggingAspect - Метод ReviewService.getReviewsByCheeseId выполнился за 1 мс
2026-04-27 14:53:37.129 [http-nio-8080-exec-9] DEBUG c.r.c.aspect.ServiceLoggingAspect - Выполнение метода: CheeseService.deleteCheese с аргументами: [19]
2026-04-27 14:53:37.132 [http-nio-8080-exec-9] DEBUG c.r.c.aspect.ServiceLoggingAspect - Метод CheeseService.deleteCheese выполнился за 2 мс
2026-04-27 14:53:37.139 [http-nio-8080-exec-10] DEBUG c.r.c.aspect.ServiceLoggingAspect - Выполнение метода: CheeseService.getAllCheesesWithGraph с аргументами: []
2026-04-27 14:53:37.144 [http-nio-8080-exec-10] DEBUG c.r.c.aspect.ServiceLoggingAspect - Метод CheeseService.getAllCheesesWithGraph выполнился за 4 мс
2026-04-27 14:53:37.153 [http-nio-8080-exec-1] DEBUG c.r.c.aspect.ServiceLoggingAspect - Выполнение метода: ProducerService.getAllProducers с аргументами: []
2026-04-27 14:53:37.155 [http-nio-8080-exec-1] DEBUG c.r.c.aspect.ServiceLoggingAspect - Метод ProducerService.getAllProducers выполнился за 1 мс
2026-04-27 14:53:37.163 [http-nio-8080-exec-2] DEBUG c.r.c.aspect.ServiceLoggingAspect - Выполнение метода: ShopService.getAllShops с аргументами: [Page request [number: 0, size 200, sort: id: ASC]]
2026-04-27 14:53:37.165 [http-nio-8080-exec-2] DEBUG c.r.c.aspect.ServiceLoggingAspect - Метод ShopService.getAllShops выполнился за 2 мс
2026-04-27 14:53:37.172 [http-nio-8080-exec-3] DEBUG c.r.c.aspect.ServiceLoggingAspect - Выполнение метода: CategoryService.getAllCategories с аргументами: []
2026-04-27 14:53:37.173 [http-nio-8080-exec-3] DEBUG c.r.c.aspect.ServiceLoggingAspect - Метод CategoryService.getAllCategories выполнился за 1 мс
2026-04-27 14:53:37.179 [http-nio-8080-exec-4] DEBUG c.r.c.aspect.ServiceLoggingAspect - Выполнение метода: ShopService.getAllShops с аргументами: [Page request [number: 0, size 5, sort: id: ASC]]
2026-04-27 14:53:37.182 [http-nio-8080-exec-4] DEBUG c.r.c.aspect.ServiceLoggingAspect - Метод ShopService.getAllShops выполнился за 3 мс
2026-04-27 14:53:39.649 [http-nio-8080-exec-5] DEBUG c.r.c.aspect.ServiceLoggingAspect - Выполнение метода: CheeseService.getAllCheesesWithGraph с аргументами: []
2026-04-27 14:53:39.655 [http-nio-8080-exec-5] DEBUG c.r.c.aspect.ServiceLoggingAspect - Метод CheeseService.getAllCheesesWithGraph выполнился за 6 мс
2026-04-27 14:54:11.552 [http-nio-8080-exec-6] DEBUG c.r.c.aspect.ServiceLoggingAspect - Выполнение метода: CheeseService.getAllCheesesWithGraph с аргументами: []
2026-04-27 14:54:11.573 [http-nio-8080-exec-6] DEBUG c.r.c.aspect.ServiceLoggingAspect - Метод CheeseService.getAllCheesesWithGraph выполнился за 21 мс
2026-04-27 14:54:11.591 [http-nio-8080-exec-7] DEBUG c.r.c.aspect.ServiceLoggingAspect - Выполнение метода: ProducerService.getAllProducers с аргументами: []
2026-04-27 14:54:11.591 [http-nio-8080-exec-7] DEBUG c.r.c.aspect.ServiceLoggingAspect - Метод ProducerService.getAllProducers выполнился за 0 мс
2026-04-27 14:54:11.605 [http-nio-8080-exec-8] DEBUG c.r.c.aspect.ServiceLoggingAspect - Выполнение метода: ShopService.getAllShops с аргументами: [Page request [number: 0, size 200, sort: id: ASC]]
2026-04-27 14:54:11.608 [http-nio-8080-exec-8] DEBUG c.r.c.aspect.ServiceLoggingAspect - Метод ShopService.getAllShops выполнился за 2 мс
2026-04-27 14:54:11.613 [http-nio-8080-exec-9] DEBUG c.r.c.aspect.ServiceLoggingAspect - Выполнение метода: CategoryService.getAllCategories с аргументами: []
2026-04-27 14:54:11.615 [http-nio-8080-exec-9] DEBUG c.r.c.aspect.ServiceLoggingAspect - Метод CategoryService.getAllCategories выполнился за 1 мс
2026-04-27 14:54:11.620 [http-nio-8080-exec-10] DEBUG c.r.c.aspect.ServiceLoggingAspect - Выполнение метода: ShopService.getAllShops с аргументами: [Page request [number: 0, size 5, sort: id: ASC]]
2026-04-27 14:54:11.623 [http-nio-8080-exec-10] DEBUG c.r.c.aspect.ServiceLoggingAspect - Метод ShopService.getAllShops выполнился за 2 мс
2026-04-27 14:54:25.676 [http-nio-8080-exec-1] DEBUG c.r.c.aspect.ServiceLoggingAspect - Выполнение метода: CheeseService.getAllCheesesWithGraph с аргументами: []
2026-04-27 14:54:25.698 [http-nio-8080-exec-1] DEBUG c.r.c.aspect.ServiceLoggingAspect - Метод CheeseService.getAllCheesesWithGraph выполнился за 21 мс
2026-04-27 14:54:25.713 [http-nio-8080-exec-2] DEBUG c.r.c.aspect.ServiceLoggingAspect - Выполнение метода: ProducerService.getAllProducers с аргументами: []
2026-04-27 14:54:25.713 [http-nio-8080-exec-2] DEBUG c.r.c.aspect.ServiceLoggingAspect - Метод ProducerService.getAllProducers выполнился за 0 мс
2026-04-27 14:54:25.722 [http-nio-8080-exec-3] DEBUG c.r.c.aspect.ServiceLoggingAspect - Выполнение метода: ShopService.getAllShops с аргументами: [Page request [number: 0, size 200, sort: id: ASC]]
2026-04-27 14:54:25.724 [http-nio-8080-exec-3] DEBUG c.r.c.aspect.ServiceLoggingAspect - Метод ShopService.getAllShops выполнился за 2 мс
2026-04-27 14:54:25.731 [http-nio-8080-exec-4] DEBUG c.r.c.aspect.ServiceLoggingAspect - Выполнение метода: CategoryService.getAllCategories с аргументами: []
2026-04-27 14:54:25.732 [http-nio-8080-exec-4] DEBUG c.r.c.aspect.ServiceLoggingAspect - Метод CategoryService.getAllCategories выполнился за 1 мс
2026-04-27 14:54:25.739 [http-nio-8080-exec-5] DEBUG c.r.c.aspect.ServiceLoggingAspect - Выполнение метода: ShopService.getAllShops с аргументами: [Page request [number: 0, size 5, sort: id: ASC]]
2026-04-27 14:54:25.743 [http-nio-8080-exec-5] DEBUG c.r.c.aspect.ServiceLoggingAspect - Метод ShopService.getAllShops выполнился за 3 мс
2026-04-27 14:55:08.882 [http-nio-8080-exec-6] DEBUG c.r.c.aspect.ServiceLoggingAspect - Выполнение метода: CheeseService.getAllCheesesWithGraph с аргументами: []
2026-04-27 14:55:08.908 [http-nio-8080-exec-6] DEBUG c.r.c.aspect.ServiceLoggingAspect - Метод CheeseService.getAllCheesesWithGraph выполнился за 26 мс
2026-04-27 14:55:08.930 [http-nio-8080-exec-7] DEBUG c.r.c.aspect.ServiceLoggingAspect - Выполнение метода: ProducerService.getAllProducers с аргументами: []
2026-04-27 14:55:08.930 [http-nio-8080-exec-7] DEBUG c.r.c.aspect.ServiceLoggingAspect - Метод ProducerService.getAllProducers выполнился за 0 мс
2026-04-27 14:55:08.941 [http-nio-8080-exec-8] DEBUG c.r.c.aspect.ServiceLoggingAspect - Выполнение метода: ShopService.getAllShops с аргументами: [Page request [number: 0, size 200, sort: id: ASC]]
2026-04-27 14:55:08.947 [http-nio-8080-exec-8] DEBUG c.r.c.aspect.ServiceLoggingAspect - Метод ShopService.getAllShops выполнился за 6 мс
2026-04-27 14:55:08.963 [http-nio-8080-exec-9] DEBUG c.r.c.aspect.ServiceLoggingAspect - Выполнение метода: CategoryService.getAllCategories с аргументами: []
2026-04-27 14:55:08.965 [http-nio-8080-exec-9] DEBUG c.r.c.aspect.ServiceLoggingAspect - Метод CategoryService.getAllCategories выполнился за 2 мс
2026-04-27 14:55:08.972 [http-nio-8080-exec-10] DEBUG c.r.c.aspect.ServiceLoggingAspect - Выполнение метода: ShopService.getAllShops с аргументами: [Page request [number: 0, size 5, sort: id: ASC]]
2026-04-27 14:55:08.976 [http-nio-8080-exec-10] DEBUG c.r.c.aspect.ServiceLoggingAspect - Метод ShopService.getAllShops выполнился за 4 мс
2026-04-27 14:55:24.905 [http-nio-8080-exec-1] DEBUG c.r.c.aspect.ServiceLoggingAspect - Выполнение метода: CheeseService.getAllCheesesWithGraph с аргументами: []
2026-04-27 14:55:24.922 [http-nio-8080-exec-1] DEBUG c.r.c.aspect.ServiceLoggingAspect - Метод CheeseService.getAllCheesesWithGraph выполнился за 17 мс
2026-04-27 14:55:24.936 [http-nio-8080-exec-2] DEBUG c.r.c.aspect.ServiceLoggingAspect - Выполнение метода: ProducerService.getAllProducers с аргументами: []
2026-04-27 14:55:24.936 [http-nio-8080-exec-2] DEBUG c.r.c.aspect.ServiceLoggingAspect - Метод ProducerService.getAllProducers выполнился за 0 мс
2026-04-27 14:55:24.943 [http-nio-8080-exec-3] DEBUG c.r.c.aspect.ServiceLoggingAspect - Выполнение метода: ShopService.getAllShops с аргументами: [Page request [number: 0, size 200, sort: id: ASC]]
2026-04-27 14:55:24.945 [http-nio-8080-exec-3] DEBUG c.r.c.aspect.ServiceLoggingAspect - Метод ShopService.getAllShops выполнился за 2 мс
2026-04-27 14:55:24.952 [http-nio-8080-exec-4] DEBUG c.r.c.aspect.ServiceLoggingAspect - Выполнение метода: CategoryService.getAllCategories с аргументами: []
2026-04-27 14:55:24.954 [http-nio-8080-exec-4] DEBUG c.r.c.aspect.ServiceLoggingAspect - Метод CategoryService.getAllCategories выполнился за 1 мс
2026-04-27 14:55:24.959 [http-nio-8080-exec-5] DEBUG c.r.c.aspect.ServiceLoggingAspect - Выполнение метода: ShopService.getAllShops с аргументами: [Page request [number: 0, size 5, sort: id: ASC]]
2026-04-27 14:55:24.961 [http-nio-8080-exec-5] DEBUG c.r.c.aspect.ServiceLoggingAspect - Метод ShopService.getAllShops выполнился за 1 мс
2026-04-27 14:55:32.900 [http-nio-8080-exec-6] DEBUG c.r.c.aspect.ServiceLoggingAspect - Выполнение метода: ShopService.getAllShops с аргументами: [Page request [number: 1, size 5, sort: id: ASC]]
2026-04-27 14:55:32.917 [http-nio-8080-exec-6] DEBUG c.r.c.aspect.ServiceLoggingAspect - Метод ShopService.getAllShops выполнился за 17 мс
2026-04-27 14:55:33.220 [http-nio-8080-exec-7] DEBUG c.r.c.aspect.ServiceLoggingAspect - Выполнение метода: ShopService.getAllShops с аргументами: [Page request [number: 0, size 5, sort: id: ASC]]
2026-04-27 14:55:33.223 [http-nio-8080-exec-7] DEBUG c.r.c.aspect.ServiceLoggingAspect - Метод ShopService.getAllShops выполнился за 3 мс
2026-04-27 14:55:38.866 [http-nio-8080-exec-8] DEBUG c.r.c.aspect.ServiceLoggingAspect - Выполнение метода: CheeseService.getAllCheesesWithGraph с аргументами: []
2026-04-27 14:55:38.889 [http-nio-8080-exec-8] DEBUG c.r.c.aspect.ServiceLoggingAspect - Метод CheeseService.getAllCheesesWithGraph выполнился за 23 мс
2026-04-27 14:55:38.907 [http-nio-8080-exec-9] DEBUG c.r.c.aspect.ServiceLoggingAspect - Выполнение метода: ProducerService.getAllProducers с аргументами: []
2026-04-27 14:55:38.907 [http-nio-8080-exec-9] DEBUG c.r.c.aspect.ServiceLoggingAspect - Метод ProducerService.getAllProducers выполнился за 0 мс
2026-04-27 14:55:38.915 [http-nio-8080-exec-10] DEBUG c.r.c.aspect.ServiceLoggingAspect - Выполнение метода: ShopService.getAllShops с аргументами: [Page request [number: 0, size 200, sort: id: ASC]]
2026-04-27 14:55:38.919 [http-nio-8080-exec-10] DEBUG c.r.c.aspect.ServiceLoggingAspect - Метод ShopService.getAllShops выполнился за 3 мс
2026-04-27 14:55:38.926 [http-nio-8080-exec-1] DEBUG c.r.c.aspect.ServiceLoggingAspect - Выполнение метода: CategoryService.getAllCategories с аргументами: []
2026-04-27 14:55:38.928 [http-nio-8080-exec-1] DEBUG c.r.c.aspect.ServiceLoggingAspect - Метод CategoryService.getAllCategories выполнился за 1 мс
2026-04-27 14:55:38.934 [http-nio-8080-exec-2] DEBUG c.r.c.aspect.ServiceLoggingAspect - Выполнение метода: ShopService.getAllShops с аргументами: [Page request [number: 0, size 5, sort: id: ASC]]
2026-04-27 14:55:38.937 [http-nio-8080-exec-2] DEBUG c.r.c.aspect.ServiceLoggingAspect - Метод ShopService.getAllShops выполнился за 3 мс
2026-04-27 14:55:52.714 [http-nio-8080-exec-3] DEBUG c.r.c.aspect.ServiceLoggingAspect - Выполнение метода: CheeseService.getAllCheesesWithGraph с аргументами: []
2026-04-27 14:55:52.736 [http-nio-8080-exec-3] DEBUG c.r.c.aspect.ServiceLoggingAspect - Метод CheeseService.getAllCheesesWithGraph выполнился за 22 мс
2026-04-27 14:56:05.916 [http-nio-8080-exec-4] DEBUG c.r.c.aspect.ServiceLoggingAspect - Выполнение метода: CheeseService.getAllCheesesWithGraph с аргументами: []
2026-04-27 14:56:05.947 [http-nio-8080-exec-4] DEBUG c.r.c.aspect.ServiceLoggingAspect - Метод CheeseService.getAllCheesesWithGraph выполнился за 30 мс
2026-04-27 14:56:05.963 [http-nio-8080-exec-5] DEBUG c.r.c.aspect.ServiceLoggingAspect - Выполнение метода: ProducerService.getAllProducers с аргументами: []
2026-04-27 14:56:05.963 [http-nio-8080-exec-5] DEBUG c.r.c.aspect.ServiceLoggingAspect - Метод ProducerService.getAllProducers выполнился за 0 мс
2026-04-27 14:56:05.970 [http-nio-8080-exec-6] DEBUG c.r.c.aspect.ServiceLoggingAspect - Выполнение метода: ShopService.getAllShops с аргументами: [Page request [number: 0, size 200, sort: id: ASC]]
2026-04-27 14:56:05.973 [http-nio-8080-exec-6] DEBUG c.r.c.aspect.ServiceLoggingAspect - Метод ShopService.getAllShops выполнился за 3 мс
2026-04-27 14:56:05.982 [http-nio-8080-exec-7] DEBUG c.r.c.aspect.ServiceLoggingAspect - Выполнение метода: CategoryService.getAllCategories с аргументами: []
2026-04-27 14:56:05.984 [http-nio-8080-exec-7] DEBUG c.r.c.aspect.ServiceLoggingAspect - Метод CategoryService.getAllCategories выполнился за 2 мс
2026-04-27 14:56:05.992 [http-nio-8080-exec-8] DEBUG c.r.c.aspect.ServiceLoggingAspect - Выполнение метода: ShopService.getAllShops с аргументами: [Page request [number: 0, size 5, sort: id: ASC]]
2026-04-27 14:56:05.994 [http-nio-8080-exec-8] DEBUG c.r.c.aspect.ServiceLoggingAspect - Метод ShopService.getAllShops выполнился за 2 мс
2026-04-27 14:56:20.906 [http-nio-8080-exec-9] DEBUG c.r.c.aspect.ServiceLoggingAspect - Выполнение метода: CheeseService.getAllCheesesWithGraph с аргументами: []
2026-04-27 14:56:20.926 [http-nio-8080-exec-9] DEBUG c.r.c.aspect.ServiceLoggingAspect - Метод CheeseService.getAllCheesesWithGraph выполнился за 20 мс
2026-04-27 14:56:20.961 [http-nio-8080-exec-10] DEBUG c.r.c.aspect.ServiceLoggingAspect - Выполнение метода: ProducerService.getAllProducers с аргументами: []
2026-04-27 14:56:20.961 [http-nio-8080-exec-10] DEBUG c.r.c.aspect.ServiceLoggingAspect - Метод ProducerService.getAllProducers выполнился за 0 мс
2026-04-27 14:56:20.967 [http-nio-8080-exec-1] DEBUG c.r.c.aspect.ServiceLoggingAspect - Выполнение метода: ShopService.getAllShops с аргументами: [Page request [number: 0, size 200, sort: id: ASC]]
2026-04-27 14:56:20.969 [http-nio-8080-exec-1] DEBUG c.r.c.aspect.ServiceLoggingAspect - Метод ShopService.getAllShops выполнился за 2 мс
2026-04-27 14:56:20.975 [http-nio-8080-exec-2] DEBUG c.r.c.aspect.ServiceLoggingAspect - Выполнение метода: CategoryService.getAllCategories с аргументами: []
2026-04-27 14:56:20.976 [http-nio-8080-exec-2] DEBUG c.r.c.aspect.ServiceLoggingAspect - Метод CategoryService.getAllCategories выполнился за 1 мс
2026-04-27 14:56:20.981 [http-nio-8080-exec-3] DEBUG c.r.c.aspect.ServiceLoggingAspect - Выполнение метода: ShopService.getAllShops с аргументами: [Page request [number: 0, size 5, sort: id: ASC]]
2026-04-27 14:56:20.984 [http-nio-8080-exec-3] DEBUG c.r.c.aspect.ServiceLoggingAspect - Метод ShopService.getAllShops выполнился за 2 мс
2026-04-27 14:56:36.880 [http-nio-8080-exec-4] DEBUG c.r.c.aspect.ServiceLoggingAspect - Выполнение метода: CheeseService.getAllCheesesWithGraph с аргументами: []
2026-04-27 14:56:36.921 [http-nio-8080-exec-4] DEBUG c.r.c.aspect.ServiceLoggingAspect - Метод CheeseService.getAllCheesesWithGraph выполнился за 40 мс
2026-04-27 14:56:36.948 [http-nio-8080-exec-5] DEBUG c.r.c.aspect.ServiceLoggingAspect - Выполнение метода: ProducerService.getAllProducers с аргументами: []
2026-04-27 14:56:36.949 [http-nio-8080-exec-5] DEBUG c.r.c.aspect.ServiceLoggingAspect - Метод ProducerService.getAllProducers выполнился за 0 мс
2026-04-27 14:56:36.959 [http-nio-8080-exec-6] DEBUG c.r.c.aspect.ServiceLoggingAspect - Выполнение метода: ShopService.getAllShops с аргументами: [Page request [number: 0, size 200, sort: id: ASC]]
2026-04-27 14:56:36.962 [http-nio-8080-exec-6] DEBUG c.r.c.aspect.ServiceLoggingAspect - Метод ShopService.getAllShops выполнился за 3 мс
2026-04-27 14:56:36.977 [http-nio-8080-exec-7] DEBUG c.r.c.aspect.ServiceLoggingAspect - Выполнение метода: CategoryService.getAllCategories с аргументами: []
2026-04-27 14:56:36.979 [http-nio-8080-exec-7] DEBUG c.r.c.aspect.ServiceLoggingAspect - Метод CategoryService.getAllCategories выполнился за 1 мс
2026-04-27 14:56:36.984 [http-nio-8080-exec-8] DEBUG c.r.c.aspect.ServiceLoggingAspect - Выполнение метода: ShopService.getAllShops с аргументами: [Page request [number: 0, size 5, sort: id: ASC]]
2026-04-27 14:56:36.986 [http-nio-8080-exec-8] DEBUG c.r.c.aspect.ServiceLoggingAspect - Метод ShopService.getAllShops выполнился за 1 мс
2026-04-27 14:56:51.848 [http-nio-8080-exec-9] DEBUG c.r.c.aspect.ServiceLoggingAspect - Выполнение метода: CheeseService.getAllCheesesWithGraph с аргументами: []
2026-04-27 14:56:51.857 [http-nio-8080-exec-9] DEBUG c.r.c.aspect.ServiceLoggingAspect - Метод CheeseService.getAllCheesesWithGraph выполнился за 8 мс
2026-04-27 14:56:51.872 [http-nio-8080-exec-10] DEBUG c.r.c.aspect.ServiceLoggingAspect - Выполнение метода: ProducerService.getAllProducers с аргументами: []
2026-04-27 14:56:51.872 [http-nio-8080-exec-10] DEBUG c.r.c.aspect.ServiceLoggingAspect - Метод ProducerService.getAllProducers выполнился за 0 мс
2026-04-27 14:56:51.882 [http-nio-8080-exec-1] DEBUG c.r.c.aspect.ServiceLoggingAspect - Выполнение метода: ShopService.getAllShops с аргументами: [Page request [number: 0, size 200, sort: id: ASC]]
2026-04-27 14:56:51.886 [http-nio-8080-exec-1] DEBUG c.r.c.aspect.ServiceLoggingAspect - Метод ShopService.getAllShops выполнился за 3 мс
2026-04-27 14:56:51.897 [http-nio-8080-exec-2] DEBUG c.r.c.aspect.ServiceLoggingAspect - Выполнение метода: CategoryService.getAllCategories с аргументами: []
2026-04-27 14:56:51.901 [http-nio-8080-exec-2] DEBUG c.r.c.aspect.ServiceLoggingAspect - Метод CategoryService.getAllCategories выполнился за 3 мс
2026-04-27 14:56:51.911 [http-nio-8080-exec-3] DEBUG c.r.c.aspect.ServiceLoggingAspect - Выполнение метода: ShopService.getAllShops с аргументами: [Page request [number: 0, size 5, sort: id: ASC]]
2026-04-27 14:56:51.914 [http-nio-8080-exec-3] DEBUG c.r.c.aspect.ServiceLoggingAspect - Метод ShopService.getAllShops выполнился за 3 мс
2026-04-27 14:57:06.856 [http-nio-8080-exec-4] DEBUG c.r.c.aspect.ServiceLoggingAspect - Выполнение метода: CheeseService.getAllCheesesWithGraph с аргументами: []
2026-04-27 14:57:06.871 [http-nio-8080-exec-4] DEBUG c.r.c.aspect.ServiceLoggingAspect - Метод CheeseService.getAllCheesesWithGraph выполнился за 14 мс
2026-04-27 14:57:06.882 [http-nio-8080-exec-5] DEBUG c.r.c.aspect.ServiceLoggingAspect - Выполнение метода: ProducerService.getAllProducers с аргументами: []
2026-04-27 14:57:06.882 [http-nio-8080-exec-5] DEBUG c.r.c.aspect.ServiceLoggingAspect - Метод ProducerService.getAllProducers выполнился за 0 мс
2026-04-27 14:57:06.890 [http-nio-8080-exec-6] DEBUG c.r.c.aspect.ServiceLoggingAspect - Выполнение метода: ShopService.getAllShops с аргументами: [Page request [number: 0, size 200, sort: id: ASC]]
2026-04-27 14:57:06.892 [http-nio-8080-exec-6] DEBUG c.r.c.aspect.ServiceLoggingAspect - Метод ShopService.getAllShops выполнился за 2 мс
2026-04-27 14:57:06.899 [http-nio-8080-exec-7] DEBUG c.r.c.aspect.ServiceLoggingAspect - Выполнение метода: CategoryService.getAllCategories с аргументами: []
2026-04-27 14:57:06.900 [http-nio-8080-exec-7] DEBUG c.r.c.aspect.ServiceLoggingAspect - Метод CategoryService.getAllCategories выполнился за 1 мс
2026-04-27 14:57:06.908 [http-nio-8080-exec-8] DEBUG c.r.c.aspect.ServiceLoggingAspect - Выполнение метода: ShopService.getAllShops с аргументами: [Page request [number: 0, size 5, sort: id: ASC]]
2026-04-27 14:57:06.910 [http-nio-8080-exec-8] DEBUG c.r.c.aspect.ServiceLoggingAspect - Метод ShopService.getAllShops выполнился за 1 мс
2026-04-27 14:57:21.847 [http-nio-8080-exec-9] DEBUG c.r.c.aspect.ServiceLoggingAspect - Выполнение метода: CheeseService.getAllCheesesWithGraph с аргументами: []
2026-04-27 14:57:21.856 [http-nio-8080-exec-9] DEBUG c.r.c.aspect.ServiceLoggingAspect - Метод CheeseService.getAllCheesesWithGraph выполнился за 9 мс
2026-04-27 14:57:21.873 [http-nio-8080-exec-10] DEBUG c.r.c.aspect.ServiceLoggingAspect - Выполнение метода: ProducerService.getAllProducers с аргументами: []
2026-04-27 14:57:21.873 [http-nio-8080-exec-10] DEBUG c.r.c.aspect.ServiceLoggingAspect - Метод ProducerService.getAllProducers выполнился за 0 мс
2026-04-27 14:57:21.885 [http-nio-8080-exec-1] DEBUG c.r.c.aspect.ServiceLoggingAspect - Выполнение метода: ShopService.getAllShops с аргументами: [Page request [number: 0, size 200, sort: id: ASC]]
2026-04-27 14:57:21.889 [http-nio-8080-exec-1] DEBUG c.r.c.aspect.ServiceLoggingAspect - Метод ShopService.getAllShops выполнился за 4 мс
2026-04-27 14:57:21.899 [http-nio-8080-exec-2] DEBUG c.r.c.aspect.ServiceLoggingAspect - Выполнение метода: CategoryService.getAllCategories с аргументами: []
2026-04-27 14:57:21.901 [http-nio-8080-exec-2] DEBUG c.r.c.aspect.ServiceLoggingAspect - Метод CategoryService.getAllCategories выполнился за 2 мс
2026-04-27 14:57:21.910 [http-nio-8080-exec-3] DEBUG c.r.c.aspect.ServiceLoggingAspect - Выполнение метода: ShopService.getAllShops с аргументами: [Page request [number: 0, size 5, sort: id: ASC]]
2026-04-27 14:57:21.913 [http-nio-8080-exec-3] DEBUG c.r.c.aspect.ServiceLoggingAspect - Метод ShopService.getAllShops выполнился за 2 мс
2026-04-27 14:57:36.850 [http-nio-8080-exec-4] DEBUG c.r.c.aspect.ServiceLoggingAspect - Выполнение метода: CheeseService.getAllCheesesWithGraph с аргументами: []
2026-04-27 14:57:36.857 [http-nio-8080-exec-4] DEBUG c.r.c.aspect.ServiceLoggingAspect - Метод CheeseService.getAllCheesesWithGraph выполнился за 7 мс
2026-04-27 14:57:36.872 [http-nio-8080-exec-5] DEBUG c.r.c.aspect.ServiceLoggingAspect - Выполнение метода: ProducerService.getAllProducers с аргументами: []
2026-04-27 14:57:36.872 [http-nio-8080-exec-5] DEBUG c.r.c.aspect.ServiceLoggingAspect - Метод ProducerService.getAllProducers выполнился за 0 мс
2026-04-27 14:57:36.883 [http-nio-8080-exec-6] DEBUG c.r.c.aspect.ServiceLoggingAspect - Выполнение метода: ShopService.getAllShops с аргументами: [Page request [number: 0, size 200, sort: id: ASC]]
2026-04-27 14:57:36.887 [http-nio-8080-exec-6] DEBUG c.r.c.aspect.ServiceLoggingAspect - Метод ShopService.getAllShops выполнился за 4 мс
2026-04-27 14:57:36.898 [http-nio-8080-exec-7] DEBUG c.r.c.aspect.ServiceLoggingAspect - Выполнение метода: CategoryService.getAllCategories с аргументами: []
2026-04-27 14:57:36.901 [http-nio-8080-exec-7] DEBUG c.r.c.aspect.ServiceLoggingAspect - Метод CategoryService.getAllCategories выполнился за 3 мс
2026-04-27 14:57:36.914 [http-nio-8080-exec-8] DEBUG c.r.c.aspect.ServiceLoggingAspect - Выполнение метода: ShopService.getAllShops с аргументами: [Page request [number: 0, size 5, sort: id: ASC]]
2026-04-27 14:57:36.919 [http-nio-8080-exec-8] DEBUG c.r.c.aspect.ServiceLoggingAspect - Метод ShopService.getAllShops выполнился за 5 мс
2026-04-27 14:57:59.316 [http-nio-8080-exec-9] DEBUG c.r.c.aspect.ServiceLoggingAspect - Выполнение метода: CheeseService.getAllCheesesWithGraph с аргументами: []
2026-04-27 14:57:59.800 [http-nio-8080-exec-9] DEBUG c.r.c.aspect.ServiceLoggingAspect - Метод CheeseService.getAllCheesesWithGraph выполнился за 483 мс
2026-04-27 14:58:00.052 [http-nio-8080-exec-10] DEBUG c.r.c.aspect.ServiceLoggingAspect - Выполнение метода: ProducerService.getAllProducers с аргументами: []
2026-04-27 14:58:00.052 [http-nio-8080-exec-10] DEBUG c.r.c.aspect.ServiceLoggingAspect - Метод ProducerService.getAllProducers выполнился за 0 мс
2026-04-27 14:58:00.057 [http-nio-8080-exec-1] DEBUG c.r.c.aspect.ServiceLoggingAspect - Выполнение метода: ShopService.getAllShops с аргументами: [Page request [number: 0, size 200, sort: id: ASC]]
2026-04-27 14:58:00.066 [http-nio-8080-exec-1] DEBUG c.r.c.aspect.ServiceLoggingAspect - Метод ShopService.getAllShops выполнился за 9 мс
2026-04-27 14:58:00.073 [http-nio-8080-exec-2] DEBUG c.r.c.aspect.ServiceLoggingAspect - Выполнение метода: CategoryService.getAllCategories с аргументами: []
2026-04-27 14:58:00.074 [http-nio-8080-exec-2] DEBUG c.r.c.aspect.ServiceLoggingAspect - Метод CategoryService.getAllCategories выполнился за 1 мс
2026-04-27 14:58:00.078 [http-nio-8080-exec-3] DEBUG c.r.c.aspect.ServiceLoggingAspect - Выполнение метода: ShopService.getAllShops с аргументами: [Page request [number: 0, size 5, sort: id: ASC]]
2026-04-27 14:58:00.083 [http-nio-8080-exec-3] DEBUG c.r.c.aspect.ServiceLoggingAspect - Метод ShopService.getAllShops выполнился за 4 мс
2026-04-27 14:58:03.011 [http-nio-8080-exec-4] DEBUG c.r.c.aspect.ServiceLoggingAspect - Выполнение метода: CheeseService.getAllCheesesWithGraph с аргументами: []
2026-04-27 14:58:03.022 [http-nio-8080-exec-4] DEBUG c.r.c.aspect.ServiceLoggingAspect - Метод CheeseService.getAllCheesesWithGraph выполнился за 11 мс
2026-04-27 14:58:15.381 [http-nio-8080-exec-5] DEBUG c.r.c.aspect.ServiceLoggingAspect - Выполнение метода: CheeseService.getAllCheesesWithGraph с аргументами: []
2026-04-27 14:58:15.391 [http-nio-8080-exec-5] DEBUG c.r.c.aspect.ServiceLoggingAspect - Метод CheeseService.getAllCheesesWithGraph выполнился за 9 мс
2026-04-27 14:58:15.401 [http-nio-8080-exec-6] DEBUG c.r.c.aspect.ServiceLoggingAspect - Выполнение метода: ProducerService.getAllProducers с аргументами: []
2026-04-27 14:58:15.402 [http-nio-8080-exec-6] DEBUG c.r.c.aspect.ServiceLoggingAspect - Метод ProducerService.getAllProducers выполнился за 1 мс
2026-04-27 14:58:15.410 [http-nio-8080-exec-7] DEBUG c.r.c.aspect.ServiceLoggingAspect - Выполнение метода: ShopService.getAllShops с аргументами: [Page request [number: 0, size 200, sort: id: ASC]]
2026-04-27 14:58:15.412 [http-nio-8080-exec-7] DEBUG c.r.c.aspect.ServiceLoggingAspect - Метод ShopService.getAllShops выполнился за 2 мс
2026-04-27 14:58:15.417 [http-nio-8080-exec-8] DEBUG c.r.c.aspect.ServiceLoggingAspect - Выполнение метода: CategoryService.getAllCategories с аргументами: []
2026-04-27 14:58:15.418 [http-nio-8080-exec-8] DEBUG c.r.c.aspect.ServiceLoggingAspect - Метод CategoryService.getAllCategories выполнился за 1 мс
2026-04-27 14:58:15.425 [http-nio-8080-exec-9] DEBUG c.r.c.aspect.ServiceLoggingAspect - Выполнение метода: ShopService.getAllShops с аргументами: [Page request [number: 0, size 5, sort: id: ASC]]
2026-04-27 14:58:15.427 [http-nio-8080-exec-9] DEBUG c.r.c.aspect.ServiceLoggingAspect - Метод ShopService.getAllShops выполнился за 2 мс
2026-04-27 14:58:30.452 [http-nio-8080-exec-10] DEBUG c.r.c.aspect.ServiceLoggingAspect - Выполнение метода: CheeseService.getAllCheesesWithGraph с аргументами: []
2026-04-27 14:58:30.517 [http-nio-8080-exec-10] DEBUG c.r.c.aspect.ServiceLoggingAspect - Метод CheeseService.getAllCheesesWithGraph выполнился за 65 мс
2026-04-27 14:58:30.539 [http-nio-8080-exec-1] DEBUG c.r.c.aspect.ServiceLoggingAspect - Выполнение метода: ProducerService.getAllProducers с аргументами: []
2026-04-27 14:58:30.539 [http-nio-8080-exec-1] DEBUG c.r.c.aspect.ServiceLoggingAspect - Метод ProducerService.getAllProducers выполнился за 0 мс
2026-04-27 14:58:30.553 [http-nio-8080-exec-2] DEBUG c.r.c.aspect.ServiceLoggingAspect - Выполнение метода: ShopService.getAllShops с аргументами: [Page request [number: 0, size 200, sort: id: ASC]]
2026-04-27 14:58:30.559 [http-nio-8080-exec-2] DEBUG c.r.c.aspect.ServiceLoggingAspect - Метод ShopService.getAllShops выполнился за 6 мс
2026-04-27 14:58:30.570 [http-nio-8080-exec-3] DEBUG c.r.c.aspect.ServiceLoggingAspect - Выполнение метода: CategoryService.getAllCategories с аргументами: []
2026-04-27 14:58:30.572 [http-nio-8080-exec-3] DEBUG c.r.c.aspect.ServiceLoggingAspect - Метод CategoryService.getAllCategories выполнился за 1 мс
2026-04-27 14:58:30.588 [http-nio-8080-exec-4] DEBUG c.r.c.aspect.ServiceLoggingAspect - Выполнение метода: ShopService.getAllShops с аргументами: [Page request [number: 0, size 5, sort: id: ASC]]
2026-04-27 14:58:30.611 [http-nio-8080-exec-4] DEBUG c.r.c.aspect.ServiceLoggingAspect - Метод ShopService.getAllShops выполнился за 22 мс
2026-04-27 14:58:34.171 [http-nio-8080-exec-5] DEBUG c.r.c.aspect.ServiceLoggingAspect - Выполнение метода: CheeseService.getAllCheesesWithGraph с аргументами: []
2026-04-27 14:58:34.175 [http-nio-8080-exec-5] DEBUG c.r.c.aspect.ServiceLoggingAspect - Метод CheeseService.getAllCheesesWithGraph выполнился за 3 мс
2026-04-27 14:58:34.192 [http-nio-8080-exec-6] DEBUG c.r.c.aspect.ServiceLoggingAspect - Выполнение метода: ProducerService.getAllProducers с аргументами: []
2026-04-27 14:58:34.193 [http-nio-8080-exec-6] DEBUG c.r.c.aspect.ServiceLoggingAspect - Метод ProducerService.getAllProducers выполнился за 0 мс
2026-04-27 14:58:34.197 [http-nio-8080-exec-7] DEBUG c.r.c.aspect.ServiceLoggingAspect - Выполнение метода: ShopService.getAllShops с аргументами: [Page request [number: 0, size 200, sort: id: ASC]]
2026-04-27 14:58:34.199 [http-nio-8080-exec-7] DEBUG c.r.c.aspect.ServiceLoggingAspect - Метод ShopService.getAllShops выполнился за 1 мс
2026-04-27 14:58:34.203 [http-nio-8080-exec-8] DEBUG c.r.c.aspect.ServiceLoggingAspect - Выполнение метода: CategoryService.getAllCategories с аргументами: []
2026-04-27 14:58:34.205 [http-nio-8080-exec-8] DEBUG c.r.c.aspect.ServiceLoggingAspect - Метод CategoryService.getAllCategories выполнился за 1 мс
2026-04-27 14:58:34.209 [http-nio-8080-exec-9] DEBUG c.r.c.aspect.ServiceLoggingAspect - Выполнение метода: ShopService.getAllShops с аргументами: [Page request [number: 0, size 5, sort: id: ASC]]
2026-04-27 14:58:34.212 [http-nio-8080-exec-9] DEBUG c.r.c.aspect.ServiceLoggingAspect - Метод ShopService.getAllShops выполнился за 2 мс
2026-04-27 14:58:35.601 [http-nio-8080-exec-10] DEBUG c.r.c.aspect.ServiceLoggingAspect - Выполнение метода: CheeseService.getAllCheesesWithGraph с аргументами: []
2026-04-27 14:58:35.616 [http-nio-8080-exec-10] DEBUG c.r.c.aspect.ServiceLoggingAspect - Метод CheeseService.getAllCheesesWithGraph выполнился за 15 мс
2026-04-27 14:58:42.799 [http-nio-8080-exec-1] DEBUG c.r.c.aspect.ServiceLoggingAspect - Выполнение метода: CheeseService.getAllCheesesWithGraph с аргументами: []
2026-04-27 14:58:42.806 [http-nio-8080-exec-1] DEBUG c.r.c.aspect.ServiceLoggingAspect - Метод CheeseService.getAllCheesesWithGraph выполнился за 6 мс
2026-04-27 14:58:42.812 [http-nio-8080-exec-2] DEBUG c.r.c.aspect.ServiceLoggingAspect - Выполнение метода: ProducerService.getAllProducers с аргументами: []
2026-04-27 14:58:42.813 [http-nio-8080-exec-2] DEBUG c.r.c.aspect.ServiceLoggingAspect - Метод ProducerService.getAllProducers выполнился за 0 мс
2026-04-27 14:58:42.817 [http-nio-8080-exec-3] DEBUG c.r.c.aspect.ServiceLoggingAspect - Выполнение метода: ShopService.getAllShops с аргументами: [Page request [number: 0, size 200, sort: id: ASC]]
2026-04-27 14:58:42.819 [http-nio-8080-exec-3] DEBUG c.r.c.aspect.ServiceLoggingAspect - Метод ShopService.getAllShops выполнился за 1 мс
2026-04-27 14:58:42.826 [http-nio-8080-exec-4] DEBUG c.r.c.aspect.ServiceLoggingAspect - Выполнение метода: CategoryService.getAllCategories с аргументами: []
2026-04-27 14:58:42.827 [http-nio-8080-exec-4] DEBUG c.r.c.aspect.ServiceLoggingAspect - Метод CategoryService.getAllCategories выполнился за 0 мс
2026-04-27 14:58:42.831 [http-nio-8080-exec-5] DEBUG c.r.c.aspect.ServiceLoggingAspect - Выполнение метода: ShopService.getAllShops с аргументами: [Page request [number: 0, size 5, sort: id: ASC]]
2026-04-27 14:58:42.832 [http-nio-8080-exec-5] DEBUG c.r.c.aspect.ServiceLoggingAspect - Метод ShopService.getAllShops выполнился за 1 мс
2026-04-27 14:58:57.763 [http-nio-8080-exec-6] DEBUG c.r.c.aspect.ServiceLoggingAspect - Выполнение метода: CheeseService.getAllCheesesWithGraph с аргументами: []
2026-04-27 14:58:57.773 [http-nio-8080-exec-6] DEBUG c.r.c.aspect.ServiceLoggingAspect - Метод CheeseService.getAllCheesesWithGraph выполнился за 9 мс
2026-04-27 14:58:57.788 [http-nio-8080-exec-7] DEBUG c.r.c.aspect.ServiceLoggingAspect - Выполнение метода: ProducerService.getAllProducers с аргументами: []
2026-04-27 14:58:57.788 [http-nio-8080-exec-7] DEBUG c.r.c.aspect.ServiceLoggingAspect - Метод ProducerService.getAllProducers выполнился за 0 мс
2026-04-27 14:58:57.795 [http-nio-8080-exec-8] DEBUG c.r.c.aspect.ServiceLoggingAspect - Выполнение метода: ShopService.getAllShops с аргументами: [Page request [number: 0, size 200, sort: id: ASC]]
2026-04-27 14:58:57.798 [http-nio-8080-exec-8] DEBUG c.r.c.aspect.ServiceLoggingAspect - Метод ShopService.getAllShops выполнился за 3 мс
2026-04-27 14:58:57.804 [http-nio-8080-exec-9] DEBUG c.r.c.aspect.ServiceLoggingAspect - Выполнение метода: CategoryService.getAllCategories с аргументами: []
2026-04-27 14:58:57.806 [http-nio-8080-exec-9] DEBUG c.r.c.aspect.ServiceLoggingAspect - Метод CategoryService.getAllCategories выполнился за 1 мс
2026-04-27 14:58:57.810 [http-nio-8080-exec-10] DEBUG c.r.c.aspect.ServiceLoggingAspect - Выполнение метода: ShopService.getAllShops с аргументами: [Page request [number: 0, size 5, sort: id: ASC]]
2026-04-27 14:58:57.812 [http-nio-8080-exec-10] DEBUG c.r.c.aspect.ServiceLoggingAspect - Метод ShopService.getAllShops выполнился за 1 мс
2026-04-27 14:59:00.739 [http-nio-8080-exec-1] DEBUG c.r.c.aspect.ServiceLoggingAspect - Выполнение метода: CheeseService.getAllCheesesWithGraph с аргументами: []
2026-04-27 14:59:00.755 [http-nio-8080-exec-1] DEBUG c.r.c.aspect.ServiceLoggingAspect - Метод CheeseService.getAllCheesesWithGraph выполнился за 16 мс
2026-04-27 14:59:03.976 [http-nio-8080-exec-2] DEBUG c.r.c.aspect.ServiceLoggingAspect - Выполнение метода: CheeseService.getAllCheesesWithGraph с аргументами: []
2026-04-27 14:59:03.987 [http-nio-8080-exec-2] DEBUG c.r.c.aspect.ServiceLoggingAspect - Метод CheeseService.getAllCheesesWithGraph выполнился за 11 мс
2026-04-27 14:59:04.010 [http-nio-8080-exec-3] DEBUG c.r.c.aspect.ServiceLoggingAspect - Выполнение метода: ProducerService.getAllProducers с аргументами: []
2026-04-27 14:59:04.010 [http-nio-8080-exec-3] DEBUG c.r.c.aspect.ServiceLoggingAspect - Метод ProducerService.getAllProducers выполнился за 0 мс
2026-04-27 14:59:04.023 [http-nio-8080-exec-4] DEBUG c.r.c.aspect.ServiceLoggingAspect - Выполнение метода: ShopService.getAllShops с аргументами: [Page request [number: 0, size 200, sort: id: ASC]]
2026-04-27 14:59:04.037 [http-nio-8080-exec-4] DEBUG c.r.c.aspect.ServiceLoggingAspect - Метод ShopService.getAllShops выполнился за 13 мс
2026-04-27 14:59:04.047 [http-nio-8080-exec-5] DEBUG c.r.c.aspect.ServiceLoggingAspect - Выполнение метода: CategoryService.getAllCategories с аргументами: []
2026-04-27 14:59:04.049 [http-nio-8080-exec-5] DEBUG c.r.c.aspect.ServiceLoggingAspect - Метод CategoryService.getAllCategories выполнился за 2 мс
2026-04-27 14:59:04.057 [http-nio-8080-exec-6] DEBUG c.r.c.aspect.ServiceLoggingAspect - Выполнение метода: ShopService.getAllShops с аргументами: [Page request [number: 0, size 5, sort: id: ASC]]
2026-04-27 14:59:04.064 [http-nio-8080-exec-6] DEBUG c.r.c.aspect.ServiceLoggingAspect - Метод ShopService.getAllShops выполнился за 7 мс
2026-04-27 14:59:05.627 [http-nio-8080-exec-7] DEBUG c.r.c.aspect.ServiceLoggingAspect - Выполнение метода: CheeseService.getCheeseById с аргументами: [20]
2026-04-27 14:59:05.643 [http-nio-8080-exec-7] DEBUG c.r.c.aspect.ServiceLoggingAspect - Метод CheeseService.getCheeseById выполнился за 16 мс
2026-04-27 14:59:13.146 [http-nio-8080-exec-8] DEBUG c.r.c.aspect.ServiceLoggingAspect - Выполнение метода: CheeseService.getCheeseById с аргументами: [3]
2026-04-27 14:59:13.154 [http-nio-8080-exec-8] DEBUG c.r.c.aspect.ServiceLoggingAspect - Метод CheeseService.getCheeseById выполнился за 8 мс
2026-04-27 14:59:16.376 [http-nio-8080-exec-9] DEBUG c.r.c.aspect.ServiceLoggingAspect - Выполнение метода: CheeseService.getCheeseById с аргументами: [20]
2026-04-27 14:59:16.384 [http-nio-8080-exec-9] DEBUG c.r.c.aspect.ServiceLoggingAspect - Метод CheeseService.getCheeseById выполнился за 7 мс
2026-04-27 14:59:18.981 [http-nio-8080-exec-10] DEBUG c.r.c.aspect.ServiceLoggingAspect - Выполнение метода: CheeseService.getAllCheesesWithGraph с аргументами: []
2026-04-27 14:59:18.992 [http-nio-8080-exec-10] DEBUG c.r.c.aspect.ServiceLoggingAspect - Метод CheeseService.getAllCheesesWithGraph выполнился за 10 мс
2026-04-27 14:59:18.997 [http-nio-8080-exec-1] DEBUG c.r.c.aspect.ServiceLoggingAspect - Выполнение метода: ProducerService.getAllProducers с аргументами: []
2026-04-27 14:59:18.998 [http-nio-8080-exec-1] DEBUG c.r.c.aspect.ServiceLoggingAspect - Метод ProducerService.getAllProducers выполнился за 0 мс
2026-04-27 14:59:19.002 [http-nio-8080-exec-2] DEBUG c.r.c.aspect.ServiceLoggingAspect - Выполнение метода: ShopService.getAllShops с аргументами: [Page request [number: 0, size 200, sort: id: ASC]]
2026-04-27 14:59:19.006 [http-nio-8080-exec-2] DEBUG c.r.c.aspect.ServiceLoggingAspect - Метод ShopService.getAllShops выполнился за 3 мс
2026-04-27 14:59:19.010 [http-nio-8080-exec-3] DEBUG c.r.c.aspect.ServiceLoggingAspect - Выполнение метода: CategoryService.getAllCategories с аргументами: []
2026-04-27 14:59:19.012 [http-nio-8080-exec-3] DEBUG c.r.c.aspect.ServiceLoggingAspect - Метод CategoryService.getAllCategories выполнился за 1 мс
2026-04-27 14:59:19.015 [http-nio-8080-exec-4] DEBUG c.r.c.aspect.ServiceLoggingAspect - Выполнение метода: ShopService.getAllShops с аргументами: [Page request [number: 0, size 5, sort: id: ASC]]
2026-04-27 14:59:19.017 [http-nio-8080-exec-4] DEBUG c.r.c.aspect.ServiceLoggingAspect - Метод ShopService.getAllShops выполнился за 1 мс
2026-04-27 14:59:19.066 [http-nio-8080-exec-5] DEBUG c.r.c.aspect.ServiceLoggingAspect - Выполнение метода: CheeseService.getCheeseById с аргументами: [8]
2026-04-27 14:59:19.069 [http-nio-8080-exec-5] DEBUG c.r.c.aspect.ServiceLoggingAspect - Метод CheeseService.getCheeseById выполнился за 2 мс
2026-04-27 14:59:34.040 [http-nio-8080-exec-6] DEBUG c.r.c.aspect.ServiceLoggingAspect - Выполнение метода: CheeseService.getAllCheesesWithGraph с аргументами: []
2026-04-27 14:59:34.050 [http-nio-8080-exec-6] DEBUG c.r.c.aspect.ServiceLoggingAspect - Метод CheeseService.getAllCheesesWithGraph выполнился за 9 мс
2026-04-27 14:59:34.058 [http-nio-8080-exec-7] DEBUG c.r.c.aspect.ServiceLoggingAspect - Выполнение метода: ProducerService.getAllProducers с аргументами: []
2026-04-27 14:59:34.058 [http-nio-8080-exec-7] DEBUG c.r.c.aspect.ServiceLoggingAspect - Метод ProducerService.getAllProducers выполнился за 0 мс
2026-04-27 14:59:34.064 [http-nio-8080-exec-8] DEBUG c.r.c.aspect.ServiceLoggingAspect - Выполнение метода: ShopService.getAllShops с аргументами: [Page request [number: 0, size 200, sort: id: ASC]]
2026-04-27 14:59:34.066 [http-nio-8080-exec-8] DEBUG c.r.c.aspect.ServiceLoggingAspect - Метод ShopService.getAllShops выполнился за 2 мс
2026-04-27 14:59:34.072 [http-nio-8080-exec-9] DEBUG c.r.c.aspect.ServiceLoggingAspect - Выполнение метода: CategoryService.getAllCategories с аргументами: []
2026-04-27 14:59:34.073 [http-nio-8080-exec-9] DEBUG c.r.c.aspect.ServiceLoggingAspect - Метод CategoryService.getAllCategories выполнился за 1 мс
2026-04-27 14:59:34.079 [http-nio-8080-exec-10] DEBUG c.r.c.aspect.ServiceLoggingAspect - Выполнение метода: ShopService.getAllShops с аргументами: [Page request [number: 0, size 5, sort: id: ASC]]
2026-04-27 14:59:34.083 [http-nio-8080-exec-10] DEBUG c.r.c.aspect.ServiceLoggingAspect - Метод ShopService.getAllShops выполнился за 3 мс
2026-04-27 14:59:49.974 [http-nio-8080-exec-1] DEBUG c.r.c.aspect.ServiceLoggingAspect - Выполнение метода: CheeseService.getAllCheesesWithGraph с аргументами: []
2026-04-27 14:59:50.000 [http-nio-8080-exec-1] DEBUG c.r.c.aspect.ServiceLoggingAspect - Метод CheeseService.getAllCheesesWithGraph выполнился за 25 мс
2026-04-27 14:59:50.033 [http-nio-8080-exec-2] DEBUG c.r.c.aspect.ServiceLoggingAspect - Выполнение метода: ProducerService.getAllProducers с аргументами: []
2026-04-27 14:59:50.033 [http-nio-8080-exec-2] DEBUG c.r.c.aspect.ServiceLoggingAspect - Метод ProducerService.getAllProducers выполнился за 0 мс
2026-04-27 14:59:50.038 [http-nio-8080-exec-3] DEBUG c.r.c.aspect.ServiceLoggingAspect - Выполнение метода: ShopService.getAllShops с аргументами: [Page request [number: 0, size 200, sort: id: ASC]]
2026-04-27 14:59:50.046 [http-nio-8080-exec-3] DEBUG c.r.c.aspect.ServiceLoggingAspect - Метод ShopService.getAllShops выполнился за 8 мс
2026-04-27 14:59:50.052 [http-nio-8080-exec-4] DEBUG c.r.c.aspect.ServiceLoggingAspect - Выполнение метода: CategoryService.getAllCategories с аргументами: []
2026-04-27 14:59:50.053 [http-nio-8080-exec-4] DEBUG c.r.c.aspect.ServiceLoggingAspect - Метод CategoryService.getAllCategories выполнился за 1 мс
2026-04-27 14:59:50.057 [http-nio-8080-exec-5] DEBUG c.r.c.aspect.ServiceLoggingAspect - Выполнение метода: ShopService.getAllShops с аргументами: [Page request [number: 0, size 5, sort: id: ASC]]
2026-04-27 14:59:50.060 [http-nio-8080-exec-5] DEBUG c.r.c.aspect.ServiceLoggingAspect - Метод ShopService.getAllShops выполнился за 3 мс
2026-04-27 15:00:04.857 [http-nio-8080-exec-6] DEBUG c.r.c.aspect.ServiceLoggingAspect - Выполнение метода: CheeseService.getAllCheesesWithGraph с аргументами: []
2026-04-27 15:00:04.865 [http-nio-8080-exec-6] DEBUG c.r.c.aspect.ServiceLoggingAspect - Метод CheeseService.getAllCheesesWithGraph выполнился за 7 мс
2026-04-27 15:00:04.878 [http-nio-8080-exec-7] DEBUG c.r.c.aspect.ServiceLoggingAspect - Выполнение метода: ProducerService.getAllProducers с аргументами: []
2026-04-27 15:00:04.879 [http-nio-8080-exec-7] DEBUG c.r.c.aspect.ServiceLoggingAspect - Метод ProducerService.getAllProducers выполнился за 0 мс
2026-04-27 15:00:04.889 [http-nio-8080-exec-8] DEBUG c.r.c.aspect.ServiceLoggingAspect - Выполнение метода: ShopService.getAllShops с аргументами: [Page request [number: 0, size 200, sort: id: ASC]]
2026-04-27 15:00:04.891 [http-nio-8080-exec-8] DEBUG c.r.c.aspect.ServiceLoggingAspect - Метод ShopService.getAllShops выполнился за 2 мс
2026-04-27 15:00:04.899 [http-nio-8080-exec-9] DEBUG c.r.c.aspect.ServiceLoggingAspect - Выполнение метода: CategoryService.getAllCategories с аргументами: []
2026-04-27 15:00:04.901 [http-nio-8080-exec-9] DEBUG c.r.c.aspect.ServiceLoggingAspect - Метод CategoryService.getAllCategories выполнился за 1 мс
2026-04-27 15:00:04.908 [http-nio-8080-exec-10] DEBUG c.r.c.aspect.ServiceLoggingAspect - Выполнение метода: ShopService.getAllShops с аргументами: [Page request [number: 0, size 5, sort: id: ASC]]
2026-04-27 15:00:04.910 [http-nio-8080-exec-10] DEBUG c.r.c.aspect.ServiceLoggingAspect - Метод ShopService.getAllShops выполнился за 2 мс
2026-04-27 15:00:19.848 [http-nio-8080-exec-1] DEBUG c.r.c.aspect.ServiceLoggingAspect - Выполнение метода: CheeseService.getAllCheesesWithGraph с аргументами: []
2026-04-27 15:00:19.856 [http-nio-8080-exec-1] DEBUG c.r.c.aspect.ServiceLoggingAspect - Метод CheeseService.getAllCheesesWithGraph выполнился за 8 мс
2026-04-27 15:00:19.877 [http-nio-8080-exec-2] DEBUG c.r.c.aspect.ServiceLoggingAspect - Выполнение метода: ProducerService.getAllProducers с аргументами: []
2026-04-27 15:00:19.877 [http-nio-8080-exec-2] DEBUG c.r.c.aspect.ServiceLoggingAspect - Метод ProducerService.getAllProducers выполнился за 0 мс
2026-04-27 15:00:19.887 [http-nio-8080-exec-3] DEBUG c.r.c.aspect.ServiceLoggingAspect - Выполнение метода: ShopService.getAllShops с аргументами: [Page request [number: 0, size 200, sort: id: ASC]]
2026-04-27 15:00:19.891 [http-nio-8080-exec-3] DEBUG c.r.c.aspect.ServiceLoggingAspect - Метод ShopService.getAllShops выполнился за 4 мс
2026-04-27 15:00:19.902 [http-nio-8080-exec-4] DEBUG c.r.c.aspect.ServiceLoggingAspect - Выполнение метода: CategoryService.getAllCategories с аргументами: []
2026-04-27 15:00:19.903 [http-nio-8080-exec-4] DEBUG c.r.c.aspect.ServiceLoggingAspect - Метод CategoryService.getAllCategories выполнился за 1 мс
2026-04-27 15:00:19.920 [http-nio-8080-exec-5] DEBUG c.r.c.aspect.ServiceLoggingAspect - Выполнение метода: ShopService.getAllShops с аргументами: [Page request [number: 0, size 5, sort: id: ASC]]
2026-04-27 15:00:19.923 [http-nio-8080-exec-5] DEBUG c.r.c.aspect.ServiceLoggingAspect - Метод ShopService.getAllShops выполнился за 3 мс
2026-04-27 15:00:34.876 [http-nio-8080-exec-6] DEBUG c.r.c.aspect.ServiceLoggingAspect - Выполнение метода: CheeseService.getAllCheesesWithGraph с аргументами: []
2026-04-27 15:00:34.896 [http-nio-8080-exec-6] DEBUG c.r.c.aspect.ServiceLoggingAspect - Метод CheeseService.getAllCheesesWithGraph выполнился за 20 мс
2026-04-27 15:00:34.909 [http-nio-8080-exec-7] DEBUG c.r.c.aspect.ServiceLoggingAspect - Выполнение метода: ProducerService.getAllProducers с аргументами: []
2026-04-27 15:00:34.909 [http-nio-8080-exec-7] DEBUG c.r.c.aspect.ServiceLoggingAspect - Метод ProducerService.getAllProducers выполнился за 0 мс
2026-04-27 15:00:34.922 [http-nio-8080-exec-8] DEBUG c.r.c.aspect.ServiceLoggingAspect - Выполнение метода: ShopService.getAllShops с аргументами: [Page request [number: 0, size 200, sort: id: ASC]]
2026-04-27 15:00:34.924 [http-nio-8080-exec-8] DEBUG c.r.c.aspect.ServiceLoggingAspect - Метод ShopService.getAllShops выполнился за 1 мс
2026-04-27 15:00:34.930 [http-nio-8080-exec-9] DEBUG c.r.c.aspect.ServiceLoggingAspect - Выполнение метода: CategoryService.getAllCategories с аргументами: []
2026-04-27 15:00:34.931 [http-nio-8080-exec-9] DEBUG c.r.c.aspect.ServiceLoggingAspect - Метод CategoryService.getAllCategories выполнился за 1 мс
2026-04-27 15:00:34.936 [http-nio-8080-exec-10] DEBUG c.r.c.aspect.ServiceLoggingAspect - Выполнение метода: ShopService.getAllShops с аргументами: [Page request [number: 0, size 5, sort: id: ASC]]
2026-04-27 15:00:34.938 [http-nio-8080-exec-10] DEBUG c.r.c.aspect.ServiceLoggingAspect - Метод ShopService.getAllShops выполнился за 1 мс
2026-04-27 15:00:39.858 [http-nio-8080-exec-1] DEBUG c.r.c.aspect.ServiceLoggingAspect - Выполнение метода: CheeseService.getAllCheesesWithGraph с аргументами: []
2026-04-27 15:00:39.863 [http-nio-8080-exec-1] DEBUG c.r.c.aspect.ServiceLoggingAspect - Метод CheeseService.getAllCheesesWithGraph выполнился за 5 мс
2026-04-27 15:00:39.875 [http-nio-8080-exec-2] DEBUG c.r.c.aspect.ServiceLoggingAspect - Выполнение метода: ProducerService.getAllProducers с аргументами: []
2026-04-27 15:00:39.876 [http-nio-8080-exec-2] DEBUG c.r.c.aspect.ServiceLoggingAspect - Метод ProducerService.getAllProducers выполнился за 0 мс
2026-04-27 15:00:39.884 [http-nio-8080-exec-3] DEBUG c.r.c.aspect.ServiceLoggingAspect - Выполнение метода: ShopService.getAllShops с аргументами: [Page request [number: 0, size 200, sort: id: ASC]]
2026-04-27 15:00:39.891 [http-nio-8080-exec-3] DEBUG c.r.c.aspect.ServiceLoggingAspect - Метод ShopService.getAllShops выполнился за 6 мс
2026-04-27 15:00:39.899 [http-nio-8080-exec-4] DEBUG c.r.c.aspect.ServiceLoggingAspect - Выполнение метода: CategoryService.getAllCategories с аргументами: []
2026-04-27 15:00:39.901 [http-nio-8080-exec-4] DEBUG c.r.c.aspect.ServiceLoggingAspect - Метод CategoryService.getAllCategories выполнился за 2 мс
2026-04-27 15:00:39.911 [http-nio-8080-exec-5] DEBUG c.r.c.aspect.ServiceLoggingAspect - Выполнение метода: ShopService.getAllShops с аргументами: [Page request [number: 0, size 5, sort: id: ASC]]
2026-04-27 15:00:39.914 [http-nio-8080-exec-5] DEBUG c.r.c.aspect.ServiceLoggingAspect - Метод ShopService.getAllShops выполнился за 3 мс
2026-04-27 15:00:55.865 [http-nio-8080-exec-6] DEBUG c.r.c.aspect.ServiceLoggingAspect - Выполнение метода: CheeseService.getAllCheesesWithGraph с аргументами: []
2026-04-27 15:00:55.881 [http-nio-8080-exec-6] DEBUG c.r.c.aspect.ServiceLoggingAspect - Метод CheeseService.getAllCheesesWithGraph выполнился за 16 мс
2026-04-27 15:00:55.896 [http-nio-8080-exec-7] DEBUG c.r.c.aspect.ServiceLoggingAspect - Выполнение метода: ProducerService.getAllProducers с аргументами: []
2026-04-27 15:00:55.896 [http-nio-8080-exec-7] DEBUG c.r.c.aspect.ServiceLoggingAspect - Метод ProducerService.getAllProducers выполнился за 0 мс
2026-04-27 15:00:55.903 [http-nio-8080-exec-8] DEBUG c.r.c.aspect.ServiceLoggingAspect - Выполнение метода: ShopService.getAllShops с аргументами: [Page request [number: 0, size 200, sort: id: ASC]]
2026-04-27 15:00:55.910 [http-nio-8080-exec-8] DEBUG c.r.c.aspect.ServiceLoggingAspect - Метод ShopService.getAllShops выполнился за 6 мс
2026-04-27 15:00:55.920 [http-nio-8080-exec-9] DEBUG c.r.c.aspect.ServiceLoggingAspect - Выполнение метода: CategoryService.getAllCategories с аргументами: []
2026-04-27 15:00:55.921 [http-nio-8080-exec-9] DEBUG c.r.c.aspect.ServiceLoggingAspect - Метод CategoryService.getAllCategories выполнился за 0 мс
2026-04-27 15:00:55.931 [http-nio-8080-exec-10] DEBUG c.r.c.aspect.ServiceLoggingAspect - Выполнение метода: ShopService.getAllShops с аргументами: [Page request [number: 0, size 5, sort: id: ASC]]
2026-04-27 15:00:55.933 [http-nio-8080-exec-10] DEBUG c.r.c.aspect.ServiceLoggingAspect - Метод ShopService.getAllShops выполнился за 2 мс
2026-04-27 15:01:09.878 [http-nio-8080-exec-1] DEBUG c.r.c.aspect.ServiceLoggingAspect - Выполнение метода: CheeseService.getAllCheesesWithGraph с аргументами: []
2026-04-27 15:01:09.895 [http-nio-8080-exec-1] DEBUG c.r.c.aspect.ServiceLoggingAspect - Метод CheeseService.getAllCheesesWithGraph выполнился за 16 мс
2026-04-27 15:01:09.909 [http-nio-8080-exec-2] DEBUG c.r.c.aspect.ServiceLoggingAspect - Выполнение метода: ProducerService.getAllProducers с аргументами: []
2026-04-27 15:01:09.909 [http-nio-8080-exec-2] DEBUG c.r.c.aspect.ServiceLoggingAspect - Метод ProducerService.getAllProducers выполнился за 0 мс
2026-04-27 15:01:09.918 [http-nio-8080-exec-3] DEBUG c.r.c.aspect.ServiceLoggingAspect - Выполнение метода: ShopService.getAllShops с аргументами: [Page request [number: 0, size 200, sort: id: ASC]]
2026-04-27 15:01:09.922 [http-nio-8080-exec-3] DEBUG c.r.c.aspect.ServiceLoggingAspect - Метод ShopService.getAllShops выполнился за 4 мс
2026-04-27 15:01:09.929 [http-nio-8080-exec-4] DEBUG c.r.c.aspect.ServiceLoggingAspect - Выполнение метода: CategoryService.getAllCategories с аргументами: []
2026-04-27 15:01:09.931 [http-nio-8080-exec-4] DEBUG c.r.c.aspect.ServiceLoggingAspect - Метод CategoryService.getAllCategories выполнился за 1 мс
2026-04-27 15:01:09.945 [http-nio-8080-exec-5] DEBUG c.r.c.aspect.ServiceLoggingAspect - Выполнение метода: ShopService.getAllShops с аргументами: [Page request [number: 0, size 5, sort: id: ASC]]
2026-04-27 15:01:09.950 [http-nio-8080-exec-5] DEBUG c.r.c.aspect.ServiceLoggingAspect - Метод ShopService.getAllShops выполнился за 5 мс
2026-04-27 15:01:11.204 [http-nio-8080-exec-6] DEBUG c.r.c.aspect.ServiceLoggingAspect - Выполнение метода: CheeseService.getCheeseById с аргументами: [20]
2026-04-27 15:01:11.209 [http-nio-8080-exec-6] DEBUG c.r.c.aspect.ServiceLoggingAspect - Метод CheeseService.getCheeseById выполнился за 4 мс
2026-04-27 15:01:11.219 [http-nio-8080-exec-7] DEBUG c.r.c.aspect.ServiceLoggingAspect - Выполнение метода: CheeseService.getAllCheesesWithGraph с аргументами: []
2026-04-27 15:01:11.223 [http-nio-8080-exec-7] DEBUG c.r.c.aspect.ServiceLoggingAspect - Метод CheeseService.getAllCheesesWithGraph выполнился за 4 мс
2026-04-27 15:01:25.868 [http-nio-8080-exec-8] DEBUG c.r.c.aspect.ServiceLoggingAspect - Выполнение метода: CheeseService.getAllCheesesWithGraph с аргументами: []
2026-04-27 15:01:25.890 [http-nio-8080-exec-8] DEBUG c.r.c.aspect.ServiceLoggingAspect - Метод CheeseService.getAllCheesesWithGraph выполнился за 21 мс
2026-04-27 15:01:25.901 [http-nio-8080-exec-9] DEBUG c.r.c.aspect.ServiceLoggingAspect - Выполнение метода: ProducerService.getAllProducers с аргументами: []
2026-04-27 15:01:25.901 [http-nio-8080-exec-9] DEBUG c.r.c.aspect.ServiceLoggingAspect - Метод ProducerService.getAllProducers выполнился за 0 мс
2026-04-27 15:01:25.905 [http-nio-8080-exec-10] DEBUG c.r.c.aspect.ServiceLoggingAspect - Выполнение метода: ShopService.getAllShops с аргументами: [Page request [number: 0, size 200, sort: id: ASC]]
2026-04-27 15:01:25.909 [http-nio-8080-exec-10] DEBUG c.r.c.aspect.ServiceLoggingAspect - Метод ShopService.getAllShops выполнился за 4 мс
2026-04-27 15:01:25.915 [http-nio-8080-exec-1] DEBUG c.r.c.aspect.ServiceLoggingAspect - Выполнение метода: CategoryService.getAllCategories с аргументами: []
2026-04-27 15:01:25.916 [http-nio-8080-exec-1] DEBUG c.r.c.aspect.ServiceLoggingAspect - Метод CategoryService.getAllCategories выполнился за 1 мс
2026-04-27 15:01:25.920 [http-nio-8080-exec-2] DEBUG c.r.c.aspect.ServiceLoggingAspect - Выполнение метода: ShopService.getAllShops с аргументами: [Page request [number: 0, size 5, sort: id: ASC]]
2026-04-27 15:01:25.922 [http-nio-8080-exec-2] DEBUG c.r.c.aspect.ServiceLoggingAspect - Метод ShopService.getAllShops выполнился за 1 мс
2026-04-27 15:01:31.661 [http-nio-8080-exec-3] DEBUG c.r.c.aspect.ServiceLoggingAspect - Выполнение метода: CheeseService.getCheeseById с аргументами: [20]
2026-04-27 15:01:31.666 [http-nio-8080-exec-3] DEBUG c.r.c.aspect.ServiceLoggingAspect - Метод CheeseService.getCheeseById выполнился за 4 мс
2026-04-27 15:01:31.678 [http-nio-8080-exec-4] DEBUG c.r.c.aspect.ServiceLoggingAspect - Выполнение метода: CheeseService.getAllCheesesWithGraph с аргументами: []
2026-04-27 15:01:31.684 [http-nio-8080-exec-4] DEBUG c.r.c.aspect.ServiceLoggingAspect - Метод CheeseService.getAllCheesesWithGraph выполнился за 5 мс
2026-04-27 15:01:39.940 [http-nio-8080-exec-5] DEBUG c.r.c.aspect.ServiceLoggingAspect - Выполнение метода: CheeseService.getAllCheesesWithGraph с аргументами: []
2026-04-27 15:01:39.960 [http-nio-8080-exec-5] DEBUG c.r.c.aspect.ServiceLoggingAspect - Метод CheeseService.getAllCheesesWithGraph выполнился за 19 мс
2026-04-27 15:01:39.991 [http-nio-8080-exec-6] DEBUG c.r.c.aspect.ServiceLoggingAspect - Выполнение метода: ProducerService.getAllProducers с аргументами: []
2026-04-27 15:01:39.991 [http-nio-8080-exec-6] DEBUG c.r.c.aspect.ServiceLoggingAspect - Метод ProducerService.getAllProducers выполнился за 0 мс
2026-04-27 15:01:39.999 [http-nio-8080-exec-7] DEBUG c.r.c.aspect.ServiceLoggingAspect - Выполнение метода: ShopService.getAllShops с аргументами: [Page request [number: 0, size 200, sort: id: ASC]]
2026-04-27 15:01:40.012 [http-nio-8080-exec-7] DEBUG c.r.c.aspect.ServiceLoggingAspect - Метод ShopService.getAllShops выполнился за 13 мс
2026-04-27 15:01:40.019 [http-nio-8080-exec-8] DEBUG c.r.c.aspect.ServiceLoggingAspect - Выполнение метода: CategoryService.getAllCategories с аргументами: []
2026-04-27 15:01:40.020 [http-nio-8080-exec-8] DEBUG c.r.c.aspect.ServiceLoggingAspect - Метод CategoryService.getAllCategories выполнился за 0 мс
2026-04-27 15:01:40.024 [http-nio-8080-exec-9] DEBUG c.r.c.aspect.ServiceLoggingAspect - Выполнение метода: ShopService.getAllShops с аргументами: [Page request [number: 0, size 5, sort: id: ASC]]
2026-04-27 15:01:40.029 [http-nio-8080-exec-9] DEBUG c.r.c.aspect.ServiceLoggingAspect - Метод ShopService.getAllShops выполнился за 4 мс
2026-04-27 15:01:42.353 [http-nio-8080-exec-10] DEBUG c.r.c.aspect.ServiceLoggingAspect - Выполнение метода: CheeseService.getCheeseById с аргументами: [20]
2026-04-27 15:01:42.357 [http-nio-8080-exec-10] DEBUG c.r.c.aspect.ServiceLoggingAspect - Метод CheeseService.getCheeseById выполнился за 3 мс
2026-04-27 15:01:42.374 [http-nio-8080-exec-1] DEBUG c.r.c.aspect.ServiceLoggingAspect - Выполнение метода: CheeseService.getAllCheesesWithGraph с аргументами: []
2026-04-27 15:01:42.379 [http-nio-8080-exec-1] DEBUG c.r.c.aspect.ServiceLoggingAspect - Метод CheeseService.getAllCheesesWithGraph выполнился за 5 мс
2026-04-27 15:02:04.494 [http-nio-8080-exec-2] DEBUG c.r.c.aspect.ServiceLoggingAspect - Выполнение метода: CheeseService.getAllCheesesWithGraph с аргументами: []
2026-04-27 15:02:04.504 [http-nio-8080-exec-2] DEBUG c.r.c.aspect.ServiceLoggingAspect - Метод CheeseService.getAllCheesesWithGraph выполнился за 10 мс
2026-04-27 15:02:06.187 [http-nio-8080-exec-3] DEBUG c.r.c.aspect.ServiceLoggingAspect - Выполнение метода: CheeseService.getAllCheesesWithGraph с аргументами: []
2026-04-27 15:02:06.195 [http-nio-8080-exec-3] DEBUG c.r.c.aspect.ServiceLoggingAspect - Метод CheeseService.getAllCheesesWithGraph выполнился за 8 мс
2026-04-27 15:02:06.210 [http-nio-8080-exec-4] DEBUG c.r.c.aspect.ServiceLoggingAspect - Выполнение метода: ProducerService.getAllProducers с аргументами: []
2026-04-27 15:02:06.211 [http-nio-8080-exec-4] DEBUG c.r.c.aspect.ServiceLoggingAspect - Метод ProducerService.getAllProducers выполнился за 0 мс
2026-04-27 15:02:06.219 [http-nio-8080-exec-5] DEBUG c.r.c.aspect.ServiceLoggingAspect - Выполнение метода: ShopService.getAllShops с аргументами: [Page request [number: 0, size 200, sort: id: ASC]]
2026-04-27 15:02:06.222 [http-nio-8080-exec-5] DEBUG c.r.c.aspect.ServiceLoggingAspect - Метод ShopService.getAllShops выполнился за 3 мс
2026-04-27 15:02:06.227 [http-nio-8080-exec-6] DEBUG c.r.c.aspect.ServiceLoggingAspect - Выполнение метода: CategoryService.getAllCategories с аргументами: []
2026-04-27 15:02:06.229 [http-nio-8080-exec-6] DEBUG c.r.c.aspect.ServiceLoggingAspect - Метод CategoryService.getAllCategories выполнился за 1 мс
2026-04-27 15:02:06.234 [http-nio-8080-exec-7] DEBUG c.r.c.aspect.ServiceLoggingAspect - Выполнение метода: ShopService.getAllShops с аргументами: [Page request [number: 0, size 5, sort: id: ASC]]
2026-04-27 15:02:06.237 [http-nio-8080-exec-7] DEBUG c.r.c.aspect.ServiceLoggingAspect - Метод ShopService.getAllShops выполнился за 3 мс
2026-04-27 15:02:10.923 [http-nio-8080-exec-8] DEBUG c.r.c.aspect.ServiceLoggingAspect - Выполнение метода: CheeseService.getCheeseById с аргументами: [20]
2026-04-27 15:02:10.929 [http-nio-8080-exec-8] DEBUG c.r.c.aspect.ServiceLoggingAspect - Метод CheeseService.getCheeseById выполнился за 5 мс
2026-04-27 15:02:10.942 [http-nio-8080-exec-9] DEBUG c.r.c.aspect.ServiceLoggingAspect - Выполнение метода: CheeseService.getAllCheesesWithGraph с аргументами: []
2026-04-27 15:02:10.949 [http-nio-8080-exec-9] DEBUG c.r.c.aspect.ServiceLoggingAspect - Метод CheeseService.getAllCheesesWithGraph выполнился за 7 мс
2026-04-27 15:02:13.853 [http-nio-8080-exec-10] DEBUG c.r.c.aspect.ServiceLoggingAspect - Выполнение метода: CheeseService.getAllCheesesWithGraph с аргументами: []
2026-04-27 15:02:13.857 [http-nio-8080-exec-10] DEBUG c.r.c.aspect.ServiceLoggingAspect - Метод CheeseService.getAllCheesesWithGraph выполнился за 4 мс
2026-04-27 15:02:13.864 [http-nio-8080-exec-1] DEBUG c.r.c.aspect.ServiceLoggingAspect - Выполнение метода: ProducerService.getAllProducers с аргументами: []
2026-04-27 15:02:13.864 [http-nio-8080-exec-1] DEBUG c.r.c.aspect.ServiceLoggingAspect - Метод ProducerService.getAllProducers выполнился за 0 мс
2026-04-27 15:02:13.869 [http-nio-8080-exec-2] DEBUG c.r.c.aspect.ServiceLoggingAspect - Выполнение метода: ShopService.getAllShops с аргументами: [Page request [number: 0, size 200, sort: id: ASC]]
2026-04-27 15:02:13.871 [http-nio-8080-exec-2] DEBUG c.r.c.aspect.ServiceLoggingAspect - Метод ShopService.getAllShops выполнился за 2 мс
2026-04-27 15:02:13.877 [http-nio-8080-exec-3] DEBUG c.r.c.aspect.ServiceLoggingAspect - Выполнение метода: CategoryService.getAllCategories с аргументами: []
2026-04-27 15:02:13.879 [http-nio-8080-exec-3] DEBUG c.r.c.aspect.ServiceLoggingAspect - Метод CategoryService.getAllCategories выполнился за 1 мс
2026-04-27 15:02:13.884 [http-nio-8080-exec-4] DEBUG c.r.c.aspect.ServiceLoggingAspect - Выполнение метода: ShopService.getAllShops с аргументами: [Page request [number: 0, size 5, sort: id: ASC]]
2026-04-27 15:02:13.887 [http-nio-8080-exec-4] DEBUG c.r.c.aspect.ServiceLoggingAspect - Метод ShopService.getAllShops выполнился за 3 мс
2026-04-27 15:02:28.865 [http-nio-8080-exec-5] DEBUG c.r.c.aspect.ServiceLoggingAspect - Выполнение метода: CheeseService.getAllCheesesWithGraph с аргументами: []
2026-04-27 15:02:28.895 [http-nio-8080-exec-5] DEBUG c.r.c.aspect.ServiceLoggingAspect - Метод CheeseService.getAllCheesesWithGraph выполнился за 30 мс
2026-04-27 15:02:28.905 [http-nio-8080-exec-6] DEBUG c.r.c.aspect.ServiceLoggingAspect - Выполнение метода: ProducerService.getAllProducers с аргументами: []
2026-04-27 15:02:28.905 [http-nio-8080-exec-6] DEBUG c.r.c.aspect.ServiceLoggingAspect - Метод ProducerService.getAllProducers выполнился за 0 мс
2026-04-27 15:02:28.912 [http-nio-8080-exec-7] DEBUG c.r.c.aspect.ServiceLoggingAspect - Выполнение метода: ShopService.getAllShops с аргументами: [Page request [number: 0, size 200, sort: id: ASC]]
2026-04-27 15:02:28.916 [http-nio-8080-exec-7] DEBUG c.r.c.aspect.ServiceLoggingAspect - Метод ShopService.getAllShops выполнился за 4 мс
2026-04-27 15:02:28.922 [http-nio-8080-exec-8] DEBUG c.r.c.aspect.ServiceLoggingAspect - Выполнение метода: CategoryService.getAllCategories с аргументами: []
2026-04-27 15:02:28.923 [http-nio-8080-exec-8] DEBUG c.r.c.aspect.ServiceLoggingAspect - Метод CategoryService.getAllCategories выполнился за 1 мс
2026-04-27 15:02:28.927 [http-nio-8080-exec-9] DEBUG c.r.c.aspect.ServiceLoggingAspect - Выполнение метода: ShopService.getAllShops с аргументами: [Page request [number: 0, size 5, sort: id: ASC]]
2026-04-27 15:02:28.931 [http-nio-8080-exec-9] DEBUG c.r.c.aspect.ServiceLoggingAspect - Метод ShopService.getAllShops выполнился за 4 мс
2026-04-27 15:02:43.878 [http-nio-8080-exec-10] DEBUG c.r.c.aspect.ServiceLoggingAspect - Выполнение метода: CheeseService.getAllCheesesWithGraph с аргументами: []
2026-04-27 15:02:43.894 [http-nio-8080-exec-10] DEBUG c.r.c.aspect.ServiceLoggingAspect - Метод CheeseService.getAllCheesesWithGraph выполнился за 16 мс
2026-04-27 15:02:43.913 [http-nio-8080-exec-1] DEBUG c.r.c.aspect.ServiceLoggingAspect - Выполнение метода: ProducerService.getAllProducers с аргументами: []
2026-04-27 15:02:43.914 [http-nio-8080-exec-1] DEBUG c.r.c.aspect.ServiceLoggingAspect - Метод ProducerService.getAllProducers выполнился за 0 мс
2026-04-27 15:02:43.923 [http-nio-8080-exec-2] DEBUG c.r.c.aspect.ServiceLoggingAspect - Выполнение метода: ShopService.getAllShops с аргументами: [Page request [number: 0, size 200, sort: id: ASC]]
2026-04-27 15:02:43.927 [http-nio-8080-exec-2] DEBUG c.r.c.aspect.ServiceLoggingAspect - Метод ShopService.getAllShops выполнился за 3 мс
2026-04-27 15:02:43.933 [http-nio-8080-exec-3] DEBUG c.r.c.aspect.ServiceLoggingAspect - Выполнение метода: CategoryService.getAllCategories с аргументами: []
2026-04-27 15:02:43.935 [http-nio-8080-exec-3] DEBUG c.r.c.aspect.ServiceLoggingAspect - Метод CategoryService.getAllCategories выполнился за 1 мс
2026-04-27 15:02:43.939 [http-nio-8080-exec-4] DEBUG c.r.c.aspect.ServiceLoggingAspect - Выполнение метода: ShopService.getAllShops с аргументами: [Page request [number: 0, size 5, sort: id: ASC]]
2026-04-27 15:02:43.941 [http-nio-8080-exec-4] DEBUG c.r.c.aspect.ServiceLoggingAspect - Метод ShopService.getAllShops выполнился за 2 мс
2026-04-27 15:02:58.858 [http-nio-8080-exec-5] DEBUG c.r.c.aspect.ServiceLoggingAspect - Выполнение метода: CheeseService.getAllCheesesWithGraph с аргументами: []
2026-04-27 15:02:58.865 [http-nio-8080-exec-5] DEBUG c.r.c.aspect.ServiceLoggingAspect - Метод CheeseService.getAllCheesesWithGraph выполнился за 6 мс
2026-04-27 15:02:58.884 [http-nio-8080-exec-6] DEBUG c.r.c.aspect.ServiceLoggingAspect - Выполнение метода: ProducerService.getAllProducers с аргументами: []
2026-04-27 15:02:58.884 [http-nio-8080-exec-6] DEBUG c.r.c.aspect.ServiceLoggingAspect - Метод ProducerService.getAllProducers выполнился за 0 мс
2026-04-27 15:02:58.893 [http-nio-8080-exec-7] DEBUG c.r.c.aspect.ServiceLoggingAspect - Выполнение метода: ShopService.getAllShops с аргументами: [Page request [number: 0, size 200, sort: id: ASC]]
2026-04-27 15:02:58.895 [http-nio-8080-exec-7] DEBUG c.r.c.aspect.ServiceLoggingAspect - Метод ShopService.getAllShops выполнился за 2 мс
2026-04-27 15:02:58.900 [http-nio-8080-exec-8] DEBUG c.r.c.aspect.ServiceLoggingAspect - Выполнение метода: CategoryService.getAllCategories с аргументами: []
2026-04-27 15:02:58.902 [http-nio-8080-exec-8] DEBUG c.r.c.aspect.ServiceLoggingAspect - Метод CategoryService.getAllCategories выполнился за 1 мс
2026-04-27 15:02:58.906 [http-nio-8080-exec-9] DEBUG c.r.c.aspect.ServiceLoggingAspect - Выполнение метода: ShopService.getAllShops с аргументами: [Page request [number: 0, size 5, sort: id: ASC]]
2026-04-27 15:02:58.910 [http-nio-8080-exec-9] DEBUG c.r.c.aspect.ServiceLoggingAspect - Метод ShopService.getAllShops выполнился за 3 мс
2026-04-27 15:03:13.896 [http-nio-8080-exec-10] DEBUG c.r.c.aspect.ServiceLoggingAspect - Выполнение метода: CheeseService.getAllCheesesWithGraph с аргументами: []
2026-04-27 15:03:13.908 [http-nio-8080-exec-10] DEBUG c.r.c.aspect.ServiceLoggingAspect - Метод CheeseService.getAllCheesesWithGraph выполнился за 11 мс
2026-04-27 15:03:13.919 [http-nio-8080-exec-1] DEBUG c.r.c.aspect.ServiceLoggingAspect - Выполнение метода: ProducerService.getAllProducers с аргументами: []
2026-04-27 15:03:13.919 [http-nio-8080-exec-1] DEBUG c.r.c.aspect.ServiceLoggingAspect - Метод ProducerService.getAllProducers выполнился за 0 мс
2026-04-27 15:03:13.927 [http-nio-8080-exec-2] DEBUG c.r.c.aspect.ServiceLoggingAspect - Выполнение метода: ShopService.getAllShops с аргументами: [Page request [number: 0, size 200, sort: id: ASC]]
2026-04-27 15:03:13.929 [http-nio-8080-exec-2] DEBUG c.r.c.aspect.ServiceLoggingAspect - Метод ShopService.getAllShops выполнился за 2 мс
2026-04-27 15:03:13.934 [http-nio-8080-exec-3] DEBUG c.r.c.aspect.ServiceLoggingAspect - Выполнение метода: CategoryService.getAllCategories с аргументами: []
2026-04-27 15:03:13.935 [http-nio-8080-exec-3] DEBUG c.r.c.aspect.ServiceLoggingAspect - Метод CategoryService.getAllCategories выполнился за 1 мс
2026-04-27 15:03:13.941 [http-nio-8080-exec-4] DEBUG c.r.c.aspect.ServiceLoggingAspect - Выполнение метода: ShopService.getAllShops с аргументами: [Page request [number: 0, size 5, sort: id: ASC]]
2026-04-27 15:03:13.946 [http-nio-8080-exec-4] DEBUG c.r.c.aspect.ServiceLoggingAspect - Метод ShopService.getAllShops выполнился за 5 мс
2026-04-27 15:03:21.112 [http-nio-8080-exec-5] DEBUG c.r.c.aspect.ServiceLoggingAspect - Выполнение метода: CheeseService.getCheeseById с аргументами: [11]
2026-04-27 15:03:21.121 [http-nio-8080-exec-5] DEBUG c.r.c.aspect.ServiceLoggingAspect - Метод CheeseService.getCheeseById выполнился за 8 мс
2026-04-27 15:03:29.849 [http-nio-8080-exec-6] DEBUG c.r.c.aspect.ServiceLoggingAspect - Выполнение метода: CheeseService.getAllCheesesWithGraph с аргументами: []
2026-04-27 15:03:29.863 [http-nio-8080-exec-6] DEBUG c.r.c.aspect.ServiceLoggingAspect - Метод CheeseService.getAllCheesesWithGraph выполнился за 13 мс
2026-04-27 15:03:29.875 [http-nio-8080-exec-7] DEBUG c.r.c.aspect.ServiceLoggingAspect - Выполнение метода: ProducerService.getAllProducers с аргументами: []
2026-04-27 15:03:29.875 [http-nio-8080-exec-7] DEBUG c.r.c.aspect.ServiceLoggingAspect - Метод ProducerService.getAllProducers выполнился за 0 мс
2026-04-27 15:03:29.888 [http-nio-8080-exec-8] DEBUG c.r.c.aspect.ServiceLoggingAspect - Выполнение метода: ShopService.getAllShops с аргументами: [Page request [number: 0, size 200, sort: id: ASC]]
2026-04-27 15:03:29.892 [http-nio-8080-exec-8] DEBUG c.r.c.aspect.ServiceLoggingAspect - Метод ShopService.getAllShops выполнился за 3 мс
2026-04-27 15:03:29.901 [http-nio-8080-exec-9] DEBUG c.r.c.aspect.ServiceLoggingAspect - Выполнение метода: CategoryService.getAllCategories с аргументами: []
2026-04-27 15:03:29.903 [http-nio-8080-exec-9] DEBUG c.r.c.aspect.ServiceLoggingAspect - Метод CategoryService.getAllCategories выполнился за 1 мс
2026-04-27 15:03:29.907 [http-nio-8080-exec-10] DEBUG c.r.c.aspect.ServiceLoggingAspect - Выполнение метода: ShopService.getAllShops с аргументами: [Page request [number: 0, size 5, sort: id: ASC]]
2026-04-27 15:03:29.909 [http-nio-8080-exec-10] DEBUG c.r.c.aspect.ServiceLoggingAspect - Метод ShopService.getAllShops выполнился за 2 мс
2026-04-27 15:03:44.851 [http-nio-8080-exec-1] DEBUG c.r.c.aspect.ServiceLoggingAspect - Выполнение метода: CheeseService.getAllCheesesWithGraph с аргументами: []
2026-04-27 15:03:44.860 [http-nio-8080-exec-1] DEBUG c.r.c.aspect.ServiceLoggingAspect - Метод CheeseService.getAllCheesesWithGraph выполнился за 9 мс
2026-04-27 15:03:44.876 [http-nio-8080-exec-2] DEBUG c.r.c.aspect.ServiceLoggingAspect - Выполнение метода: ProducerService.getAllProducers с аргументами: []
2026-04-27 15:03:44.876 [http-nio-8080-exec-2] DEBUG c.r.c.aspect.ServiceLoggingAspect - Метод ProducerService.getAllProducers выполнился за 0 мс
2026-04-27 15:03:44.886 [http-nio-8080-exec-3] DEBUG c.r.c.aspect.ServiceLoggingAspect - Выполнение метода: ShopService.getAllShops с аргументами: [Page request [number: 0, size 200, sort: id: ASC]]
2026-04-27 15:03:44.889 [http-nio-8080-exec-3] DEBUG c.r.c.aspect.ServiceLoggingAspect - Метод ShopService.getAllShops выполнился за 3 мс
2026-04-27 15:03:44.899 [http-nio-8080-exec-4] DEBUG c.r.c.aspect.ServiceLoggingAspect - Выполнение метода: CategoryService.getAllCategories с аргументами: []
2026-04-27 15:03:44.902 [http-nio-8080-exec-4] DEBUG c.r.c.aspect.ServiceLoggingAspect - Метод CategoryService.getAllCategories выполнился за 2 мс
2026-04-27 15:03:44.912 [http-nio-8080-exec-5] DEBUG c.r.c.aspect.ServiceLoggingAspect - Выполнение метода: ShopService.getAllShops с аргументами: [Page request [number: 0, size 5, sort: id: ASC]]
2026-04-27 15:03:44.917 [http-nio-8080-exec-5] DEBUG c.r.c.aspect.ServiceLoggingAspect - Метод ShopService.getAllShops выполнился за 4 мс
2026-04-27 15:03:59.845 [http-nio-8080-exec-6] DEBUG c.r.c.aspect.ServiceLoggingAspect - Выполнение метода: CheeseService.getAllCheesesWithGraph с аргументами: []
2026-04-27 15:03:59.851 [http-nio-8080-exec-6] DEBUG c.r.c.aspect.ServiceLoggingAspect - Метод CheeseService.getAllCheesesWithGraph выполнился за 6 мс
2026-04-27 15:03:59.863 [http-nio-8080-exec-7] DEBUG c.r.c.aspect.ServiceLoggingAspect - Выполнение метода: ProducerService.getAllProducers с аргументами: []
2026-04-27 15:03:59.863 [http-nio-8080-exec-7] DEBUG c.r.c.aspect.ServiceLoggingAspect - Метод ProducerService.getAllProducers выполнился за 0 мс
2026-04-27 15:03:59.873 [http-nio-8080-exec-8] DEBUG c.r.c.aspect.ServiceLoggingAspect - Выполнение метода: ShopService.getAllShops с аргументами: [Page request [number: 0, size 200, sort: id: ASC]]
2026-04-27 15:03:59.876 [http-nio-8080-exec-8] DEBUG c.r.c.aspect.ServiceLoggingAspect - Метод ShopService.getAllShops выполнился за 3 мс
2026-04-27 15:03:59.887 [http-nio-8080-exec-9] DEBUG c.r.c.aspect.ServiceLoggingAspect - Выполнение метода: CategoryService.getAllCategories с аргументами: []
2026-04-27 15:03:59.889 [http-nio-8080-exec-9] DEBUG c.r.c.aspect.ServiceLoggingAspect - Метод CategoryService.getAllCategories выполнился за 2 мс
2026-04-27 15:03:59.897 [http-nio-8080-exec-10] DEBUG c.r.c.aspect.ServiceLoggingAspect - Выполнение метода: ShopService.getAllShops с аргументами: [Page request [number: 0, size 5, sort: id: ASC]]
2026-04-27 15:03:59.900 [http-nio-8080-exec-10] DEBUG c.r.c.aspect.ServiceLoggingAspect - Метод ShopService.getAllShops выполнился за 2 мс
2026-04-27 15:04:14.854 [http-nio-8080-exec-1] DEBUG c.r.c.aspect.ServiceLoggingAspect - Выполнение метода: CheeseService.getAllCheesesWithGraph с аргументами: []
2026-04-27 15:04:14.860 [http-nio-8080-exec-1] DEBUG c.r.c.aspect.ServiceLoggingAspect - Метод CheeseService.getAllCheesesWithGraph выполнился за 6 мс
2026-04-27 15:04:14.873 [http-nio-8080-exec-2] DEBUG c.r.c.aspect.ServiceLoggingAspect - Выполнение метода: ProducerService.getAllProducers с аргументами: []
2026-04-27 15:04:14.873 [http-nio-8080-exec-2] DEBUG c.r.c.aspect.ServiceLoggingAspect - Метод ProducerService.getAllProducers выполнился за 0 мс
2026-04-27 15:04:14.883 [http-nio-8080-exec-3] DEBUG c.r.c.aspect.ServiceLoggingAspect - Выполнение метода: ShopService.getAllShops с аргументами: [Page request [number: 0, size 200, sort: id: ASC]]
2026-04-27 15:04:14.886 [http-nio-8080-exec-3] DEBUG c.r.c.aspect.ServiceLoggingAspect - Метод ShopService.getAllShops выполнился за 3 мс
2026-04-27 15:04:14.897 [http-nio-8080-exec-4] DEBUG c.r.c.aspect.ServiceLoggingAspect - Выполнение метода: CategoryService.getAllCategories с аргументами: []
2026-04-27 15:04:14.899 [http-nio-8080-exec-4] DEBUG c.r.c.aspect.ServiceLoggingAspect - Метод CategoryService.getAllCategories выполнился за 2 мс
2026-04-27 15:04:14.909 [http-nio-8080-exec-5] DEBUG c.r.c.aspect.ServiceLoggingAspect - Выполнение метода: ShopService.getAllShops с аргументами: [Page request [number: 0, size 5, sort: id: ASC]]
2026-04-27 15:04:14.912 [http-nio-8080-exec-5] DEBUG c.r.c.aspect.ServiceLoggingAspect - Метод ShopService.getAllShops выполнился за 3 мс
2026-04-27 15:05:01.850 [http-nio-8080-exec-6] DEBUG c.r.c.aspect.ServiceLoggingAspect - Выполнение метода: CheeseService.getAllCheesesWithGraph с аргументами: []
2026-04-27 15:05:01.866 [http-nio-8080-exec-6] DEBUG c.r.c.aspect.ServiceLoggingAspect - Метод CheeseService.getAllCheesesWithGraph выполнился за 16 мс
2026-04-27 15:05:01.876 [http-nio-8080-exec-7] DEBUG c.r.c.aspect.ServiceLoggingAspect - Выполнение метода: ProducerService.getAllProducers с аргументами: []
2026-04-27 15:05:01.876 [http-nio-8080-exec-7] DEBUG c.r.c.aspect.ServiceLoggingAspect - Метод ProducerService.getAllProducers выполнился за 0 мс
2026-04-27 15:05:01.880 [http-nio-8080-exec-8] DEBUG c.r.c.aspect.ServiceLoggingAspect - Выполнение метода: ShopService.getAllShops с аргументами: [Page request [number: 0, size 200, sort: id: ASC]]
2026-04-27 15:05:01.882 [http-nio-8080-exec-8] DEBUG c.r.c.aspect.ServiceLoggingAspect - Метод ShopService.getAllShops выполнился за 2 мс
2026-04-27 15:05:01.886 [http-nio-8080-exec-9] DEBUG c.r.c.aspect.ServiceLoggingAspect - Выполнение метода: CategoryService.getAllCategories с аргументами: []
2026-04-27 15:05:01.887 [http-nio-8080-exec-9] DEBUG c.r.c.aspect.ServiceLoggingAspect - Метод CategoryService.getAllCategories выполнился за 0 мс
2026-04-27 15:05:01.890 [http-nio-8080-exec-10] DEBUG c.r.c.aspect.ServiceLoggingAspect - Выполнение метода: ShopService.getAllShops с аргументами: [Page request [number: 0, size 5, sort: id: ASC]]
2026-04-27 15:05:01.892 [http-nio-8080-exec-10] DEBUG c.r.c.aspect.ServiceLoggingAspect - Метод ShopService.getAllShops выполнился за 1 мс
2026-04-27 15:05:32.864 [http-nio-8080-exec-1] DEBUG c.r.c.aspect.ServiceLoggingAspect - Выполнение метода: CheeseService.getAllCheesesWithGraph с аргументами: []
2026-04-27 15:05:32.874 [http-nio-8080-exec-1] DEBUG c.r.c.aspect.ServiceLoggingAspect - Метод CheeseService.getAllCheesesWithGraph выполнился за 10 мс
2026-04-27 15:05:32.899 [http-nio-8080-exec-2] DEBUG c.r.c.aspect.ServiceLoggingAspect - Выполнение метода: ProducerService.getAllProducers с аргументами: []
2026-04-27 15:05:32.899 [http-nio-8080-exec-2] DEBUG c.r.c.aspect.ServiceLoggingAspect - Метод ProducerService.getAllProducers выполнился за 0 мс
2026-04-27 15:05:32.908 [http-nio-8080-exec-3] DEBUG c.r.c.aspect.ServiceLoggingAspect - Выполнение метода: ShopService.getAllShops с аргументами: [Page request [number: 0, size 200, sort: id: ASC]]
2026-04-27 15:05:32.911 [http-nio-8080-exec-3] DEBUG c.r.c.aspect.ServiceLoggingAspect - Метод ShopService.getAllShops выполнился за 2 мс
2026-04-27 15:05:32.918 [http-nio-8080-exec-4] DEBUG c.r.c.aspect.ServiceLoggingAspect - Выполнение метода: CategoryService.getAllCategories с аргументами: []
2026-04-27 15:05:32.919 [http-nio-8080-exec-4] DEBUG c.r.c.aspect.ServiceLoggingAspect - Метод CategoryService.getAllCategories выполнился за 1 мс
2026-04-27 15:05:32.926 [http-nio-8080-exec-5] DEBUG c.r.c.aspect.ServiceLoggingAspect - Выполнение метода: ShopService.getAllShops с аргументами: [Page request [number: 0, size 5, sort: id: ASC]]
2026-04-27 15:05:32.928 [http-nio-8080-exec-5] DEBUG c.r.c.aspect.ServiceLoggingAspect - Метод ShopService.getAllShops выполнился за 2 мс
2026-04-27 15:05:47.879 [http-nio-8080-exec-6] DEBUG c.r.c.aspect.ServiceLoggingAspect - Выполнение метода: CheeseService.getAllCheesesWithGraph с аргументами: []
2026-04-27 15:05:47.913 [http-nio-8080-exec-6] DEBUG c.r.c.aspect.ServiceLoggingAspect - Метод CheeseService.getAllCheesesWithGraph выполнился за 34 мс
2026-04-27 15:05:47.926 [http-nio-8080-exec-7] DEBUG c.r.c.aspect.ServiceLoggingAspect - Выполнение метода: ProducerService.getAllProducers с аргументами: []
2026-04-27 15:05:47.926 [http-nio-8080-exec-7] DEBUG c.r.c.aspect.ServiceLoggingAspect - Метод ProducerService.getAllProducers выполнился за 0 мс
2026-04-27 15:05:47.936 [http-nio-8080-exec-8] DEBUG c.r.c.aspect.ServiceLoggingAspect - Выполнение метода: ShopService.getAllShops с аргументами: [Page request [number: 0, size 200, sort: id: ASC]]
2026-04-27 15:05:47.939 [http-nio-8080-exec-8] DEBUG c.r.c.aspect.ServiceLoggingAspect - Метод ShopService.getAllShops выполнился за 2 мс
2026-04-27 15:05:47.943 [http-nio-8080-exec-9] DEBUG c.r.c.aspect.ServiceLoggingAspect - Выполнение метода: CategoryService.getAllCategories с аргументами: []
2026-04-27 15:05:47.944 [http-nio-8080-exec-9] DEBUG c.r.c.aspect.ServiceLoggingAspect - Метод CategoryService.getAllCategories выполнился за 0 мс
2026-04-27 15:05:47.947 [http-nio-8080-exec-10] DEBUG c.r.c.aspect.ServiceLoggingAspect - Выполнение метода: ShopService.getAllShops с аргументами: [Page request [number: 0, size 5, sort: id: ASC]]
2026-04-27 15:05:47.949 [http-nio-8080-exec-10] DEBUG c.r.c.aspect.ServiceLoggingAspect - Метод ShopService.getAllShops выполнился за 1 мс
2026-04-27 15:06:01.833 [http-nio-8080-exec-1] DEBUG c.r.c.aspect.ServiceLoggingAspect - Выполнение метода: CheeseService.getAllCheesesWithGraph с аргументами: []
2026-04-27 15:06:01.852 [http-nio-8080-exec-1] DEBUG c.r.c.aspect.ServiceLoggingAspect - Метод CheeseService.getAllCheesesWithGraph выполнился за 18 мс
2026-04-27 15:06:01.859 [http-nio-8080-exec-2] DEBUG c.r.c.aspect.ServiceLoggingAspect - Выполнение метода: ProducerService.getAllProducers с аргументами: []
2026-04-27 15:06:01.859 [http-nio-8080-exec-2] DEBUG c.r.c.aspect.ServiceLoggingAspect - Метод ProducerService.getAllProducers выполнился за 0 мс
2026-04-27 15:06:01.865 [http-nio-8080-exec-3] DEBUG c.r.c.aspect.ServiceLoggingAspect - Выполнение метода: ShopService.getAllShops с аргументами: [Page request [number: 0, size 200, sort: id: ASC]]
2026-04-27 15:06:01.867 [http-nio-8080-exec-3] DEBUG c.r.c.aspect.ServiceLoggingAspect - Метод ShopService.getAllShops выполнился за 1 мс
2026-04-27 15:06:01.870 [http-nio-8080-exec-4] DEBUG c.r.c.aspect.ServiceLoggingAspect - Выполнение метода: CategoryService.getAllCategories с аргументами: []
2026-04-27 15:06:01.870 [http-nio-8080-exec-4] DEBUG c.r.c.aspect.ServiceLoggingAspect - Метод CategoryService.getAllCategories выполнился за 0 мс
2026-04-27 15:06:01.874 [http-nio-8080-exec-5] DEBUG c.r.c.aspect.ServiceLoggingAspect - Выполнение метода: ShopService.getAllShops с аргументами: [Page request [number: 0, size 5, sort: id: ASC]]
2026-04-27 15:06:01.876 [http-nio-8080-exec-5] DEBUG c.r.c.aspect.ServiceLoggingAspect - Метод ShopService.getAllShops выполнился за 2 мс
2026-04-27 15:06:02.393 [http-nio-8080-exec-6] DEBUG c.r.c.aspect.ServiceLoggingAspect - Выполнение метода: CheeseService.getAllCheesesWithGraph с аргументами: []
2026-04-27 15:06:02.400 [http-nio-8080-exec-6] DEBUG c.r.c.aspect.ServiceLoggingAspect - Метод CheeseService.getAllCheesesWithGraph выполнился за 7 мс
2026-04-27 15:06:04.576 [http-nio-8080-exec-7] DEBUG c.r.c.aspect.ServiceLoggingAspect - Выполнение метода: CheeseService.getAllCheesesWithGraph с аргументами: []
2026-04-27 15:06:04.599 [http-nio-8080-exec-7] DEBUG c.r.c.aspect.ServiceLoggingAspect - Метод CheeseService.getAllCheesesWithGraph выполнился за 23 мс
2026-04-27 15:06:04.607 [http-nio-8080-exec-8] DEBUG c.r.c.aspect.ServiceLoggingAspect - Выполнение метода: ProducerService.getAllProducers с аргументами: []
2026-04-27 15:06:04.607 [http-nio-8080-exec-8] DEBUG c.r.c.aspect.ServiceLoggingAspect - Метод ProducerService.getAllProducers выполнился за 0 мс
2026-04-27 15:06:04.612 [http-nio-8080-exec-9] DEBUG c.r.c.aspect.ServiceLoggingAspect - Выполнение метода: ShopService.getAllShops с аргументами: [Page request [number: 0, size 200, sort: id: ASC]]
2026-04-27 15:06:04.615 [http-nio-8080-exec-9] DEBUG c.r.c.aspect.ServiceLoggingAspect - Метод ShopService.getAllShops выполнился за 2 мс
2026-04-27 15:06:04.619 [http-nio-8080-exec-10] DEBUG c.r.c.aspect.ServiceLoggingAspect - Выполнение метода: CategoryService.getAllCategories с аргументами: []
2026-04-27 15:06:04.621 [http-nio-8080-exec-10] DEBUG c.r.c.aspect.ServiceLoggingAspect - Метод CategoryService.getAllCategories выполнился за 1 мс
2026-04-27 15:06:04.625 [http-nio-8080-exec-1] DEBUG c.r.c.aspect.ServiceLoggingAspect - Выполнение метода: ShopService.getAllShops с аргументами: [Page request [number: 0, size 5, sort: id: ASC]]
2026-04-27 15:06:04.626 [http-nio-8080-exec-1] DEBUG c.r.c.aspect.ServiceLoggingAspect - Метод ShopService.getAllShops выполнился за 1 мс
2026-04-27 15:06:10.339 [http-nio-8080-exec-2] DEBUG c.r.c.aspect.ServiceLoggingAspect - Выполнение метода: CheeseService.getAllCheesesWithGraph с аргументами: []
2026-04-27 15:06:10.342 [http-nio-8080-exec-2] DEBUG c.r.c.aspect.ServiceLoggingAspect - Метод CheeseService.getAllCheesesWithGraph выполнился за 3 мс
2026-04-27 15:06:10.349 [http-nio-8080-exec-3] DEBUG c.r.c.aspect.ServiceLoggingAspect - Выполнение метода: ProducerService.getAllProducers с аргументами: []
2026-04-27 15:06:10.349 [http-nio-8080-exec-3] DEBUG c.r.c.aspect.ServiceLoggingAspect - Метод ProducerService.getAllProducers выполнился за 0 мс
2026-04-27 15:06:10.352 [http-nio-8080-exec-4] DEBUG c.r.c.aspect.ServiceLoggingAspect - Выполнение метода: ShopService.getAllShops с аргументами: [Page request [number: 0, size 200, sort: id: ASC]]
2026-04-27 15:06:10.354 [http-nio-8080-exec-4] DEBUG c.r.c.aspect.ServiceLoggingAspect - Метод ShopService.getAllShops выполнился за 1 мс
2026-04-27 15:06:10.358 [http-nio-8080-exec-5] DEBUG c.r.c.aspect.ServiceLoggingAspect - Выполнение метода: CategoryService.getAllCategories с аргументами: []
2026-04-27 15:06:10.360 [http-nio-8080-exec-5] DEBUG c.r.c.aspect.ServiceLoggingAspect - Метод CategoryService.getAllCategories выполнился за 1 мс
2026-04-27 15:06:10.369 [http-nio-8080-exec-6] DEBUG c.r.c.aspect.ServiceLoggingAspect - Выполнение метода: ShopService.getAllShops с аргументами: [Page request [number: 0, size 5, sort: id: ASC]]
2026-04-27 15:06:10.371 [http-nio-8080-exec-6] DEBUG c.r.c.aspect.ServiceLoggingAspect - Метод ShopService.getAllShops выполнился за 2 мс
2026-04-27 15:06:20.119 [http-nio-8080-exec-7] DEBUG c.r.c.aspect.ServiceLoggingAspect - Выполнение метода: ShopService.getAllShops с аргументами: [Page request [number: 1, size 5, sort: id: ASC]]
2026-04-27 15:06:20.129 [http-nio-8080-exec-7] DEBUG c.r.c.aspect.ServiceLoggingAspect - Метод ShopService.getAllShops выполнился за 9 мс
2026-04-27 15:06:25.064 [http-nio-8080-exec-8] DEBUG c.r.c.aspect.ServiceLoggingAspect - Выполнение метода: ShopService.getAllShops с аргументами: [Page request [number: 2, size 5, sort: id: ASC]]
2026-04-27 15:06:25.066 [http-nio-8080-exec-8] DEBUG c.r.c.aspect.ServiceLoggingAspect - Метод ShopService.getAllShops выполнился за 2 мс
2026-04-27 15:06:25.353 [http-nio-8080-exec-9] DEBUG c.r.c.aspect.ServiceLoggingAspect - Выполнение метода: CheeseService.getAllCheesesWithGraph с аргументами: []
2026-04-27 15:06:25.360 [http-nio-8080-exec-9] DEBUG c.r.c.aspect.ServiceLoggingAspect - Метод CheeseService.getAllCheesesWithGraph выполнился за 7 мс
2026-04-27 15:06:25.371 [http-nio-8080-exec-10] DEBUG c.r.c.aspect.ServiceLoggingAspect - Выполнение метода: ProducerService.getAllProducers с аргументами: []
2026-04-27 15:06:25.372 [http-nio-8080-exec-10] DEBUG c.r.c.aspect.ServiceLoggingAspect - Метод ProducerService.getAllProducers выполнился за 0 мс
2026-04-27 15:06:25.380 [http-nio-8080-exec-1] DEBUG c.r.c.aspect.ServiceLoggingAspect - Выполнение метода: ShopService.getAllShops с аргументами: [Page request [number: 0, size 200, sort: id: ASC]]
2026-04-27 15:06:25.382 [http-nio-8080-exec-1] DEBUG c.r.c.aspect.ServiceLoggingAspect - Метод ShopService.getAllShops выполнился за 2 мс
2026-04-27 15:06:25.388 [http-nio-8080-exec-2] DEBUG c.r.c.aspect.ServiceLoggingAspect - Выполнение метода: CategoryService.getAllCategories с аргументами: []
2026-04-27 15:06:25.390 [http-nio-8080-exec-2] DEBUG c.r.c.aspect.ServiceLoggingAspect - Метод CategoryService.getAllCategories выполнился за 1 мс
2026-04-27 15:06:25.403 [http-nio-8080-exec-3] DEBUG c.r.c.aspect.ServiceLoggingAspect - Выполнение метода: ShopService.getAllShops с аргументами: [Page request [number: 0, size 5, sort: id: ASC]]
2026-04-27 15:06:25.406 [http-nio-8080-exec-3] DEBUG c.r.c.aspect.ServiceLoggingAspect - Метод ShopService.getAllShops выполнился за 3 мс
2026-04-27 15:06:30.556 [http-nio-8080-exec-4] DEBUG c.r.c.aspect.ServiceLoggingAspect - Выполнение метода: ShopService.getAllShops с аргументами: [Page request [number: 0, size 5, sort: id: ASC]]
2026-04-27 15:06:30.558 [http-nio-8080-exec-4] DEBUG c.r.c.aspect.ServiceLoggingAspect - Метод ShopService.getAllShops выполнился за 2 мс
2026-04-27 15:06:34.360 [http-nio-8080-exec-5] DEBUG c.r.c.aspect.ServiceLoggingAspect - Выполнение метода: ShopService.getAllShops с аргументами: [Page request [number: 1, size 5, sort: id: ASC]]
2026-04-27 15:06:34.367 [http-nio-8080-exec-5] DEBUG c.r.c.aspect.ServiceLoggingAspect - Метод ShopService.getAllShops выполнился за 7 мс
2026-04-27 15:06:34.543 [http-nio-8080-exec-6] DEBUG c.r.c.aspect.ServiceLoggingAspect - Выполнение метода: ShopService.getAllShops с аргументами: [Page request [number: 2, size 5, sort: id: ASC]]
2026-04-27 15:06:34.547 [http-nio-8080-exec-6] DEBUG c.r.c.aspect.ServiceLoggingAspect - Метод ShopService.getAllShops выполнился за 3 мс
2026-04-27 15:06:35.612 [http-nio-8080-exec-7] DEBUG c.r.c.aspect.ServiceLoggingAspect - Выполнение метода: ShopService.getAllShops с аргументами: [Page request [number: 1, size 5, sort: id: ASC]]
2026-04-27 15:06:35.619 [http-nio-8080-exec-7] DEBUG c.r.c.aspect.ServiceLoggingAspect - Метод ShopService.getAllShops выполнился за 7 мс
2026-04-27 15:06:35.775 [http-nio-8080-exec-8] DEBUG c.r.c.aspect.ServiceLoggingAspect - Выполнение метода: ShopService.getAllShops с аргументами: [Page request [number: 0, size 5, sort: id: ASC]]
2026-04-27 15:06:35.780 [http-nio-8080-exec-8] DEBUG c.r.c.aspect.ServiceLoggingAspect - Метод ShopService.getAllShops выполнился за 5 мс
2026-04-27 15:06:36.349 [http-nio-8080-exec-9] DEBUG c.r.c.aspect.ServiceLoggingAspect - Выполнение метода: ShopService.getAllShops с аргументами: [Page request [number: 1, size 5, sort: id: ASC]]
2026-04-27 15:06:36.358 [http-nio-8080-exec-9] DEBUG c.r.c.aspect.ServiceLoggingAspect - Метод ShopService.getAllShops выполнился за 8 мс
2026-04-27 15:06:36.487 [http-nio-8080-exec-10] DEBUG c.r.c.aspect.ServiceLoggingAspect - Выполнение метода: ShopService.getAllShops с аргументами: [Page request [number: 2, size 5, sort: id: ASC]]
2026-04-27 15:06:36.490 [http-nio-8080-exec-10] DEBUG c.r.c.aspect.ServiceLoggingAspect - Метод ShopService.getAllShops выполнился за 2 мс
2026-04-27 15:06:39.358 [http-nio-8080-exec-1] DEBUG c.r.c.aspect.ServiceLoggingAspect - Выполнение метода: CheeseService.getAllCheesesWithGraph с аргументами: []
2026-04-27 15:06:39.367 [http-nio-8080-exec-1] DEBUG c.r.c.aspect.ServiceLoggingAspect - Метод CheeseService.getAllCheesesWithGraph выполнился за 9 мс
2026-04-27 15:06:39.373 [http-nio-8080-exec-2] DEBUG c.r.c.aspect.ServiceLoggingAspect - Выполнение метода: ProducerService.getAllProducers с аргументами: []
2026-04-27 15:06:39.373 [http-nio-8080-exec-2] DEBUG c.r.c.aspect.ServiceLoggingAspect - Метод ProducerService.getAllProducers выполнился за 0 мс
2026-04-27 15:06:39.377 [http-nio-8080-exec-3] DEBUG c.r.c.aspect.ServiceLoggingAspect - Выполнение метода: ShopService.getAllShops с аргументами: [Page request [number: 0, size 200, sort: id: ASC]]
2026-04-27 15:06:39.378 [http-nio-8080-exec-3] DEBUG c.r.c.aspect.ServiceLoggingAspect - Метод ShopService.getAllShops выполнился за 1 мс
2026-04-27 15:06:39.385 [http-nio-8080-exec-4] DEBUG c.r.c.aspect.ServiceLoggingAspect - Выполнение метода: CategoryService.getAllCategories с аргументами: []
2026-04-27 15:06:39.387 [http-nio-8080-exec-4] DEBUG c.r.c.aspect.ServiceLoggingAspect - Метод CategoryService.getAllCategories выполнился за 1 мс
2026-04-27 15:06:39.391 [http-nio-8080-exec-5] DEBUG c.r.c.aspect.ServiceLoggingAspect - Выполнение метода: ShopService.getAllShops с аргументами: [Page request [number: 0, size 5, sort: id: ASC]]
2026-04-27 15:06:39.392 [http-nio-8080-exec-5] DEBUG c.r.c.aspect.ServiceLoggingAspect - Метод ShopService.getAllShops выполнился за 1 мс
2026-04-27 15:06:49.648 [http-nio-8080-exec-6] DEBUG c.r.c.aspect.ServiceLoggingAspect - Выполнение метода: ShopService.getAllShops с аргументами: [Page request [number: 1, size 5, sort: id: ASC]]
2026-04-27 15:06:49.656 [http-nio-8080-exec-6] DEBUG c.r.c.aspect.ServiceLoggingAspect - Метод ShopService.getAllShops выполнился за 7 мс
2026-04-27 15:06:52.121 [http-nio-8080-exec-7] DEBUG c.r.c.aspect.ServiceLoggingAspect - Выполнение метода: ShopService.getAllShops с аргументами: [Page request [number: 2, size 5, sort: id: ASC]]
2026-04-27 15:06:52.124 [http-nio-8080-exec-7] DEBUG c.r.c.aspect.ServiceLoggingAspect - Метод ShopService.getAllShops выполнился за 2 мс
2026-04-27 15:06:54.422 [http-nio-8080-exec-8] DEBUG c.r.c.aspect.ServiceLoggingAspect - Выполнение метода: CheeseService.getAllCheesesWithGraph с аргументами: []
2026-04-27 15:06:54.435 [http-nio-8080-exec-8] DEBUG c.r.c.aspect.ServiceLoggingAspect - Метод CheeseService.getAllCheesesWithGraph выполнился за 12 мс
2026-04-27 15:06:54.451 [http-nio-8080-exec-9] DEBUG c.r.c.aspect.ServiceLoggingAspect - Выполнение метода: ProducerService.getAllProducers с аргументами: []
2026-04-27 15:06:54.451 [http-nio-8080-exec-9] DEBUG c.r.c.aspect.ServiceLoggingAspect - Метод ProducerService.getAllProducers выполнился за 0 мс
2026-04-27 15:06:54.461 [http-nio-8080-exec-10] DEBUG c.r.c.aspect.ServiceLoggingAspect - Выполнение метода: ShopService.getAllShops с аргументами: [Page request [number: 0, size 200, sort: id: ASC]]
2026-04-27 15:06:54.480 [http-nio-8080-exec-10] DEBUG c.r.c.aspect.ServiceLoggingAspect - Метод ShopService.getAllShops выполнился за 19 мс
2026-04-27 15:06:54.485 [http-nio-8080-exec-1] DEBUG c.r.c.aspect.ServiceLoggingAspect - Выполнение метода: CategoryService.getAllCategories с аргументами: []
2026-04-27 15:06:54.486 [http-nio-8080-exec-1] DEBUG c.r.c.aspect.ServiceLoggingAspect - Метод CategoryService.getAllCategories выполнился за 0 мс
2026-04-27 15:06:54.492 [http-nio-8080-exec-2] DEBUG c.r.c.aspect.ServiceLoggingAspect - Выполнение метода: ShopService.getAllShops с аргументами: [Page request [number: 0, size 5, sort: id: ASC]]
2026-04-27 15:06:54.495 [http-nio-8080-exec-2] DEBUG c.r.c.aspect.ServiceLoggingAspect - Метод ShopService.getAllShops выполнился за 2 мс
2026-04-27 15:07:09.380 [http-nio-8080-exec-3] DEBUG c.r.c.aspect.ServiceLoggingAspect - Выполнение метода: CheeseService.getAllCheesesWithGraph с аргументами: []
2026-04-27 15:07:09.401 [http-nio-8080-exec-3] DEBUG c.r.c.aspect.ServiceLoggingAspect - Метод CheeseService.getAllCheesesWithGraph выполнился за 20 мс
2026-04-27 15:07:09.410 [http-nio-8080-exec-4] DEBUG c.r.c.aspect.ServiceLoggingAspect - Выполнение метода: ProducerService.getAllProducers с аргументами: []
2026-04-27 15:07:09.410 [http-nio-8080-exec-4] DEBUG c.r.c.aspect.ServiceLoggingAspect - Метод ProducerService.getAllProducers выполнился за 0 мс
2026-04-27 15:07:09.415 [http-nio-8080-exec-5] DEBUG c.r.c.aspect.ServiceLoggingAspect - Выполнение метода: ShopService.getAllShops с аргументами: [Page request [number: 0, size 200, sort: id: ASC]]
2026-04-27 15:07:09.417 [http-nio-8080-exec-5] DEBUG c.r.c.aspect.ServiceLoggingAspect - Метод ShopService.getAllShops выполнился за 2 мс
2026-04-27 15:07:09.422 [http-nio-8080-exec-6] DEBUG c.r.c.aspect.ServiceLoggingAspect - Выполнение метода: CategoryService.getAllCategories с аргументами: []
2026-04-27 15:07:09.423 [http-nio-8080-exec-6] DEBUG c.r.c.aspect.ServiceLoggingAspect - Метод CategoryService.getAllCategories выполнился за 0 мс
2026-04-27 15:07:09.428 [http-nio-8080-exec-7] DEBUG c.r.c.aspect.ServiceLoggingAspect - Выполнение метода: ShopService.getAllShops с аргументами: [Page request [number: 0, size 5, sort: id: ASC]]
2026-04-27 15:07:09.430 [http-nio-8080-exec-7] DEBUG c.r.c.aspect.ServiceLoggingAspect - Метод ShopService.getAllShops выполнился за 1 мс
2026-04-27 15:07:24.403 [http-nio-8080-exec-8] DEBUG c.r.c.aspect.ServiceLoggingAspect - Выполнение метода: CheeseService.getAllCheesesWithGraph с аргументами: []
2026-04-27 15:07:24.421 [http-nio-8080-exec-8] DEBUG c.r.c.aspect.ServiceLoggingAspect - Метод CheeseService.getAllCheesesWithGraph выполнился за 18 мс
2026-04-27 15:07:24.437 [http-nio-8080-exec-9] DEBUG c.r.c.aspect.ServiceLoggingAspect - Выполнение метода: ProducerService.getAllProducers с аргументами: []
2026-04-27 15:07:24.437 [http-nio-8080-exec-9] DEBUG c.r.c.aspect.ServiceLoggingAspect - Метод ProducerService.getAllProducers выполнился за 0 мс
2026-04-27 15:07:24.443 [http-nio-8080-exec-10] DEBUG c.r.c.aspect.ServiceLoggingAspect - Выполнение метода: ShopService.getAllShops с аргументами: [Page request [number: 0, size 200, sort: id: ASC]]
2026-04-27 15:07:24.448 [http-nio-8080-exec-10] DEBUG c.r.c.aspect.ServiceLoggingAspect - Метод ShopService.getAllShops выполнился за 5 мс
2026-04-27 15:07:24.458 [http-nio-8080-exec-1] DEBUG c.r.c.aspect.ServiceLoggingAspect - Выполнение метода: CategoryService.getAllCategories с аргументами: []
2026-04-27 15:07:24.459 [http-nio-8080-exec-1] DEBUG c.r.c.aspect.ServiceLoggingAspect - Метод CategoryService.getAllCategories выполнился за 0 мс
2026-04-27 15:07:24.463 [http-nio-8080-exec-2] DEBUG c.r.c.aspect.ServiceLoggingAspect - Выполнение метода: ShopService.getAllShops с аргументами: [Page request [number: 0, size 5, sort: id: ASC]]
2026-04-27 15:07:24.465 [http-nio-8080-exec-2] DEBUG c.r.c.aspect.ServiceLoggingAspect - Метод ShopService.getAllShops выполнился за 1 мс
2026-04-27 15:07:39.875 [http-nio-8080-exec-3] DEBUG c.r.c.aspect.ServiceLoggingAspect - Выполнение метода: CheeseService.getAllCheesesWithGraph с аргументами: []
2026-04-27 15:07:39.894 [http-nio-8080-exec-3] DEBUG c.r.c.aspect.ServiceLoggingAspect - Метод CheeseService.getAllCheesesWithGraph выполнился за 18 мс
2026-04-27 15:07:39.907 [http-nio-8080-exec-4] DEBUG c.r.c.aspect.ServiceLoggingAspect - Выполнение метода: ProducerService.getAllProducers с аргументами: []
2026-04-27 15:07:39.908 [http-nio-8080-exec-4] DEBUG c.r.c.aspect.ServiceLoggingAspect - Метод ProducerService.getAllProducers выполнился за 0 мс
2026-04-27 15:07:39.919 [http-nio-8080-exec-5] DEBUG c.r.c.aspect.ServiceLoggingAspect - Выполнение метода: ShopService.getAllShops с аргументами: [Page request [number: 0, size 200, sort: id: ASC]]
2026-04-27 15:07:39.922 [http-nio-8080-exec-5] DEBUG c.r.c.aspect.ServiceLoggingAspect - Метод ShopService.getAllShops выполнился за 3 мс
2026-04-27 15:07:39.930 [http-nio-8080-exec-6] DEBUG c.r.c.aspect.ServiceLoggingAspect - Выполнение метода: CategoryService.getAllCategories с аргументами: []
2026-04-27 15:07:39.931 [http-nio-8080-exec-6] DEBUG c.r.c.aspect.ServiceLoggingAspect - Метод CategoryService.getAllCategories выполнился за 1 мс
2026-04-27 15:07:39.938 [http-nio-8080-exec-7] DEBUG c.r.c.aspect.ServiceLoggingAspect - Выполнение метода: ShopService.getAllShops с аргументами: [Page request [number: 0, size 5, sort: id: ASC]]
2026-04-27 15:07:39.939 [http-nio-8080-exec-7] DEBUG c.r.c.aspect.ServiceLoggingAspect - Метод ShopService.getAllShops выполнился за 1 мс
2026-04-27 15:07:54.846 [http-nio-8080-exec-8] DEBUG c.r.c.aspect.ServiceLoggingAspect - Выполнение метода: CheeseService.getAllCheesesWithGraph с аргументами: []
2026-04-27 15:07:54.850 [http-nio-8080-exec-8] DEBUG c.r.c.aspect.ServiceLoggingAspect - Метод CheeseService.getAllCheesesWithGraph выполнился за 4 мс
2026-04-27 15:07:54.866 [http-nio-8080-exec-9] DEBUG c.r.c.aspect.ServiceLoggingAspect - Выполнение метода: ProducerService.getAllProducers с аргументами: []
2026-04-27 15:07:54.866 [http-nio-8080-exec-9] DEBUG c.r.c.aspect.ServiceLoggingAspect - Метод ProducerService.getAllProducers выполнился за 0 мс
2026-04-27 15:07:54.879 [http-nio-8080-exec-10] DEBUG c.r.c.aspect.ServiceLoggingAspect - Выполнение метода: ShopService.getAllShops с аргументами: [Page request [number: 0, size 200, sort: id: ASC]]
2026-04-27 15:07:54.882 [http-nio-8080-exec-10] DEBUG c.r.c.aspect.ServiceLoggingAspect - Метод ShopService.getAllShops выполнился за 3 мс
2026-04-27 15:07:54.893 [http-nio-8080-exec-1] DEBUG c.r.c.aspect.ServiceLoggingAspect - Выполнение метода: CategoryService.getAllCategories с аргументами: []
2026-04-27 15:07:54.896 [http-nio-8080-exec-1] DEBUG c.r.c.aspect.ServiceLoggingAspect - Метод CategoryService.getAllCategories выполнился за 2 мс
2026-04-27 15:07:54.906 [http-nio-8080-exec-2] DEBUG c.r.c.aspect.ServiceLoggingAspect - Выполнение метода: ShopService.getAllShops с аргументами: [Page request [number: 0, size 5, sort: id: ASC]]
2026-04-27 15:07:54.909 [http-nio-8080-exec-2] DEBUG c.r.c.aspect.ServiceLoggingAspect - Метод ShopService.getAllShops выполнился за 3 мс
2026-04-27 15:08:09.853 [http-nio-8080-exec-3] DEBUG c.r.c.aspect.ServiceLoggingAspect - Выполнение метода: CheeseService.getAllCheesesWithGraph с аргументами: []
2026-04-27 15:08:09.859 [http-nio-8080-exec-3] DEBUG c.r.c.aspect.ServiceLoggingAspect - Метод CheeseService.getAllCheesesWithGraph выполнился за 6 мс
2026-04-27 15:08:09.871 [http-nio-8080-exec-4] DEBUG c.r.c.aspect.ServiceLoggingAspect - Выполнение метода: ProducerService.getAllProducers с аргументами: []
2026-04-27 15:08:09.871 [http-nio-8080-exec-4] DEBUG c.r.c.aspect.ServiceLoggingAspect - Метод ProducerService.getAllProducers выполнился за 0 мс
2026-04-27 15:08:09.881 [http-nio-8080-exec-5] DEBUG c.r.c.aspect.ServiceLoggingAspect - Выполнение метода: ShopService.getAllShops с аргументами: [Page request [number: 0, size 200, sort: id: ASC]]
2026-04-27 15:08:09.884 [http-nio-8080-exec-5] DEBUG c.r.c.aspect.ServiceLoggingAspect - Метод ShopService.getAllShops выполнился за 2 мс
2026-04-27 15:08:09.894 [http-nio-8080-exec-6] DEBUG c.r.c.aspect.ServiceLoggingAspect - Выполнение метода: CategoryService.getAllCategories с аргументами: []
2026-04-27 15:08:09.895 [http-nio-8080-exec-6] DEBUG c.r.c.aspect.ServiceLoggingAspect - Метод CategoryService.getAllCategories выполнился за 1 мс
2026-04-27 15:08:09.903 [http-nio-8080-exec-7] DEBUG c.r.c.aspect.ServiceLoggingAspect - Выполнение метода: ShopService.getAllShops с аргументами: [Page request [number: 0, size 5, sort: id: ASC]]
2026-04-27 15:08:09.904 [http-nio-8080-exec-7] DEBUG c.r.c.aspect.ServiceLoggingAspect - Метод ShopService.getAllShops выполнился за 1 мс
2026-04-27 15:08:24.843 [http-nio-8080-exec-8] DEBUG c.r.c.aspect.ServiceLoggingAspect - Выполнение метода: CheeseService.getAllCheesesWithGraph с аргументами: []
2026-04-27 15:08:24.863 [http-nio-8080-exec-8] DEBUG c.r.c.aspect.ServiceLoggingAspect - Метод CheeseService.getAllCheesesWithGraph выполнился за 20 мс
2026-04-27 15:08:24.872 [http-nio-8080-exec-9] DEBUG c.r.c.aspect.ServiceLoggingAspect - Выполнение метода: ProducerService.getAllProducers с аргументами: []
2026-04-27 15:08:24.872 [http-nio-8080-exec-9] DEBUG c.r.c.aspect.ServiceLoggingAspect - Метод ProducerService.getAllProducers выполнился за 0 мс
2026-04-27 15:08:24.878 [http-nio-8080-exec-10] DEBUG c.r.c.aspect.ServiceLoggingAspect - Выполнение метода: ShopService.getAllShops с аргументами: [Page request [number: 0, size 200, sort: id: ASC]]
2026-04-27 15:08:24.880 [http-nio-8080-exec-10] DEBUG c.r.c.aspect.ServiceLoggingAspect - Метод ShopService.getAllShops выполнился за 2 мс
2026-04-27 15:08:24.888 [http-nio-8080-exec-1] DEBUG c.r.c.aspect.ServiceLoggingAspect - Выполнение метода: CategoryService.getAllCategories с аргументами: []
2026-04-27 15:08:24.890 [http-nio-8080-exec-1] DEBUG c.r.c.aspect.ServiceLoggingAspect - Метод CategoryService.getAllCategories выполнился за 2 мс
2026-04-27 15:08:24.897 [http-nio-8080-exec-2] DEBUG c.r.c.aspect.ServiceLoggingAspect - Выполнение метода: ShopService.getAllShops с аргументами: [Page request [number: 0, size 5, sort: id: ASC]]
2026-04-27 15:08:24.901 [http-nio-8080-exec-2] DEBUG c.r.c.aspect.ServiceLoggingAspect - Метод ShopService.getAllShops выполнился за 3 мс
2026-04-27 15:08:36.857 [http-nio-8080-exec-3] DEBUG c.r.c.aspect.ServiceLoggingAspect - Выполнение метода: CheeseService.getAllCheesesWithGraph с аргументами: []
2026-04-27 15:08:36.864 [http-nio-8080-exec-3] DEBUG c.r.c.aspect.ServiceLoggingAspect - Метод CheeseService.getAllCheesesWithGraph выполнился за 7 мс
2026-04-27 15:08:36.875 [http-nio-8080-exec-4] DEBUG c.r.c.aspect.ServiceLoggingAspect - Выполнение метода: ProducerService.getAllProducers с аргументами: []
2026-04-27 15:08:36.875 [http-nio-8080-exec-4] DEBUG c.r.c.aspect.ServiceLoggingAspect - Метод ProducerService.getAllProducers выполнился за 0 мс
2026-04-27 15:08:36.883 [http-nio-8080-exec-5] DEBUG c.r.c.aspect.ServiceLoggingAspect - Выполнение метода: ShopService.getAllShops с аргументами: [Page request [number: 0, size 200, sort: id: ASC]]
2026-04-27 15:08:36.885 [http-nio-8080-exec-5] DEBUG c.r.c.aspect.ServiceLoggingAspect - Метод ShopService.getAllShops выполнился за 2 мс
2026-04-27 15:08:36.893 [http-nio-8080-exec-6] DEBUG c.r.c.aspect.ServiceLoggingAspect - Выполнение метода: CategoryService.getAllCategories с аргументами: []
2026-04-27 15:08:36.895 [http-nio-8080-exec-6] DEBUG c.r.c.aspect.ServiceLoggingAspect - Метод CategoryService.getAllCategories выполнился за 1 мс
2026-04-27 15:08:36.905 [http-nio-8080-exec-7] DEBUG c.r.c.aspect.ServiceLoggingAspect - Выполнение метода: ShopService.getAllShops с аргументами: [Page request [number: 0, size 5, sort: id: ASC]]
2026-04-27 15:08:36.909 [http-nio-8080-exec-7] DEBUG c.r.c.aspect.ServiceLoggingAspect - Метод ShopService.getAllShops выполнился за 3 мс
2026-04-27 15:08:44.879 [http-nio-8080-exec-8] DEBUG c.r.c.aspect.ServiceLoggingAspect - Выполнение метода: CheeseService.getAllCheesesWithGraph с аргументами: []
2026-04-27 15:08:44.907 [http-nio-8080-exec-8] DEBUG c.r.c.aspect.ServiceLoggingAspect - Метод CheeseService.getAllCheesesWithGraph выполнился за 28 мс
2026-04-27 15:08:44.921 [http-nio-8080-exec-9] DEBUG c.r.c.aspect.ServiceLoggingAspect - Выполнение метода: ProducerService.getAllProducers с аргументами: []
2026-04-27 15:08:44.922 [http-nio-8080-exec-9] DEBUG c.r.c.aspect.ServiceLoggingAspect - Метод ProducerService.getAllProducers выполнился за 0 мс
2026-04-27 15:08:44.933 [http-nio-8080-exec-10] DEBUG c.r.c.aspect.ServiceLoggingAspect - Выполнение метода: ShopService.getAllShops с аргументами: [Page request [number: 0, size 200, sort: id: ASC]]
2026-04-27 15:08:44.936 [http-nio-8080-exec-10] DEBUG c.r.c.aspect.ServiceLoggingAspect - Метод ShopService.getAllShops выполнился за 3 мс
2026-04-27 15:08:44.946 [http-nio-8080-exec-1] DEBUG c.r.c.aspect.ServiceLoggingAspect - Выполнение метода: CategoryService.getAllCategories с аргументами: []
2026-04-27 15:08:44.948 [http-nio-8080-exec-1] DEBUG c.r.c.aspect.ServiceLoggingAspect - Метод CategoryService.getAllCategories выполнился за 1 мс
2026-04-27 15:08:44.954 [http-nio-8080-exec-2] DEBUG c.r.c.aspect.ServiceLoggingAspect - Выполнение метода: ShopService.getAllShops с аргументами: [Page request [number: 0, size 5, sort: id: ASC]]
2026-04-27 15:08:44.956 [http-nio-8080-exec-2] DEBUG c.r.c.aspect.ServiceLoggingAspect - Метод ShopService.getAllShops выполнился за 1 мс
2026-04-27 15:08:59.872 [http-nio-8080-exec-3] DEBUG c.r.c.aspect.ServiceLoggingAspect - Выполнение метода: CheeseService.getAllCheesesWithGraph с аргументами: []
2026-04-27 15:08:59.899 [http-nio-8080-exec-3] DEBUG c.r.c.aspect.ServiceLoggingAspect - Метод CheeseService.getAllCheesesWithGraph выполнился за 26 мс
2026-04-27 15:08:59.909 [http-nio-8080-exec-4] DEBUG c.r.c.aspect.ServiceLoggingAspect - Выполнение метода: ProducerService.getAllProducers с аргументами: []
2026-04-27 15:08:59.910 [http-nio-8080-exec-4] DEBUG c.r.c.aspect.ServiceLoggingAspect - Метод ProducerService.getAllProducers выполнился за 0 мс
2026-04-27 15:08:59.917 [http-nio-8080-exec-5] DEBUG c.r.c.aspect.ServiceLoggingAspect - Выполнение метода: ShopService.getAllShops с аргументами: [Page request [number: 0, size 200, sort: id: ASC]]
2026-04-27 15:08:59.922 [http-nio-8080-exec-5] DEBUG c.r.c.aspect.ServiceLoggingAspect - Метод ShopService.getAllShops выполнился за 5 мс
2026-04-27 15:08:59.931 [http-nio-8080-exec-6] DEBUG c.r.c.aspect.ServiceLoggingAspect - Выполнение метода: CategoryService.getAllCategories с аргументами: []
2026-04-27 15:08:59.933 [http-nio-8080-exec-6] DEBUG c.r.c.aspect.ServiceLoggingAspect - Метод CategoryService.getAllCategories выполнился за 1 мс
2026-04-27 15:08:59.939 [http-nio-8080-exec-7] DEBUG c.r.c.aspect.ServiceLoggingAspect - Выполнение метода: ShopService.getAllShops с аргументами: [Page request [number: 0, size 5, sort: id: ASC]]
2026-04-27 15:08:59.942 [http-nio-8080-exec-7] DEBUG c.r.c.aspect.ServiceLoggingAspect - Метод ShopService.getAllShops выполнился за 2 мс
2026-04-27 15:09:13.914 [http-nio-8080-exec-8] DEBUG c.r.c.aspect.ServiceLoggingAspect - Выполнение метода: CategoryService.createCategory с аргументами: [3, CategoryRequestDto(name=Терпкий, description=)]
2026-04-27 15:09:13.926 [http-nio-8080-exec-8] DEBUG c.r.c.aspect.ServiceLoggingAspect - Метод CategoryService.createCategory выполнился за 11 мс
2026-04-27 15:09:14.860 [http-nio-8080-exec-9] DEBUG c.r.c.aspect.ServiceLoggingAspect - Выполнение метода: CheeseService.getAllCheesesWithGraph с аргументами: []
2026-04-27 15:09:14.870 [http-nio-8080-exec-9] DEBUG c.r.c.aspect.ServiceLoggingAspect - Метод CheeseService.getAllCheesesWithGraph выполнился за 10 мс
2026-04-27 15:09:14.884 [http-nio-8080-exec-10] DEBUG c.r.c.aspect.ServiceLoggingAspect - Выполнение метода: ProducerService.getAllProducers с аргументами: []
2026-04-27 15:09:14.884 [http-nio-8080-exec-10] DEBUG c.r.c.aspect.ServiceLoggingAspect - Метод ProducerService.getAllProducers выполнился за 0 мс
2026-04-27 15:09:14.891 [http-nio-8080-exec-1] DEBUG c.r.c.aspect.ServiceLoggingAspect - Выполнение метода: ShopService.getAllShops с аргументами: [Page request [number: 0, size 200, sort: id: ASC]]
2026-04-27 15:09:14.893 [http-nio-8080-exec-1] DEBUG c.r.c.aspect.ServiceLoggingAspect - Метод ShopService.getAllShops выполнился за 2 мс
2026-04-27 15:09:14.900 [http-nio-8080-exec-2] DEBUG c.r.c.aspect.ServiceLoggingAspect - Выполнение метода: CategoryService.getAllCategories с аргументами: []
2026-04-27 15:09:14.902 [http-nio-8080-exec-2] DEBUG c.r.c.aspect.ServiceLoggingAspect - Метод CategoryService.getAllCategories выполнился за 1 мс
2026-04-27 15:09:14.907 [http-nio-8080-exec-3] DEBUG c.r.c.aspect.ServiceLoggingAspect - Выполнение метода: ShopService.getAllShops с аргументами: [Page request [number: 0, size 5, sort: id: ASC]]
2026-04-27 15:09:14.910 [http-nio-8080-exec-3] DEBUG c.r.c.aspect.ServiceLoggingAspect - Метод ShopService.getAllShops выполнился за 2 мс
2026-04-27 15:09:30.868 [http-nio-8080-exec-4] DEBUG c.r.c.aspect.ServiceLoggingAspect - Выполнение метода: CheeseService.getAllCheesesWithGraph с аргументами: []
2026-04-27 15:09:30.882 [http-nio-8080-exec-4] DEBUG c.r.c.aspect.ServiceLoggingAspect - Метод CheeseService.getAllCheesesWithGraph выполнился за 14 мс
2026-04-27 15:09:30.897 [http-nio-8080-exec-5] DEBUG c.r.c.aspect.ServiceLoggingAspect - Выполнение метода: ProducerService.getAllProducers с аргументами: []
2026-04-27 15:09:30.898 [http-nio-8080-exec-5] DEBUG c.r.c.aspect.ServiceLoggingAspect - Метод ProducerService.getAllProducers выполнился за 0 мс
2026-04-27 15:09:30.905 [http-nio-8080-exec-6] DEBUG c.r.c.aspect.ServiceLoggingAspect - Выполнение метода: ShopService.getAllShops с аргументами: [Page request [number: 0, size 200, sort: id: ASC]]
2026-04-27 15:09:30.909 [http-nio-8080-exec-6] DEBUG c.r.c.aspect.ServiceLoggingAspect - Метод ShopService.getAllShops выполнился за 3 мс
2026-04-27 15:09:30.915 [http-nio-8080-exec-7] DEBUG c.r.c.aspect.ServiceLoggingAspect - Выполнение метода: CategoryService.getAllCategories с аргументами: []
2026-04-27 15:09:30.916 [http-nio-8080-exec-7] DEBUG c.r.c.aspect.ServiceLoggingAspect - Метод CategoryService.getAllCategories выполнился за 1 мс
2026-04-27 15:09:30.923 [http-nio-8080-exec-8] DEBUG c.r.c.aspect.ServiceLoggingAspect - Выполнение метода: ShopService.getAllShops с аргументами: [Page request [number: 0, size 5, sort: id: ASC]]
2026-04-27 15:09:30.925 [http-nio-8080-exec-8] DEBUG c.r.c.aspect.ServiceLoggingAspect - Метод ShopService.getAllShops выполнился за 2 мс
2026-04-27 15:09:45.850 [http-nio-8080-exec-9] DEBUG c.r.c.aspect.ServiceLoggingAspect - Выполнение метода: CheeseService.getAllCheesesWithGraph с аргументами: []
2026-04-27 15:09:45.858 [http-nio-8080-exec-9] DEBUG c.r.c.aspect.ServiceLoggingAspect - Метод CheeseService.getAllCheesesWithGraph выполнился за 8 мс
2026-04-27 15:09:45.875 [http-nio-8080-exec-10] DEBUG c.r.c.aspect.ServiceLoggingAspect - Выполнение метода: ProducerService.getAllProducers с аргументами: []
2026-04-27 15:09:45.875 [http-nio-8080-exec-10] DEBUG c.r.c.aspect.ServiceLoggingAspect - Метод ProducerService.getAllProducers выполнился за 0 мс
2026-04-27 15:09:45.887 [http-nio-8080-exec-1] DEBUG c.r.c.aspect.ServiceLoggingAspect - Выполнение метода: ShopService.getAllShops с аргументами: [Page request [number: 0, size 200, sort: id: ASC]]
2026-04-27 15:09:45.890 [http-nio-8080-exec-1] DEBUG c.r.c.aspect.ServiceLoggingAspect - Метод ShopService.getAllShops выполнился за 3 мс
2026-04-27 15:09:45.899 [http-nio-8080-exec-2] DEBUG c.r.c.aspect.ServiceLoggingAspect - Выполнение метода: CategoryService.getAllCategories с аргументами: []
2026-04-27 15:09:45.901 [http-nio-8080-exec-2] DEBUG c.r.c.aspect.ServiceLoggingAspect - Метод CategoryService.getAllCategories выполнился за 2 мс
2026-04-27 15:09:45.909 [http-nio-8080-exec-3] DEBUG c.r.c.aspect.ServiceLoggingAspect - Выполнение метода: ShopService.getAllShops с аргументами: [Page request [number: 0, size 5, sort: id: ASC]]
2026-04-27 15:09:45.911 [http-nio-8080-exec-3] DEBUG c.r.c.aspect.ServiceLoggingAspect - Метод ShopService.getAllShops выполнился за 2 мс
2026-04-27 15:10:00.848 [http-nio-8080-exec-4] DEBUG c.r.c.aspect.ServiceLoggingAspect - Выполнение метода: CheeseService.getAllCheesesWithGraph с аргументами: []
2026-04-27 15:10:00.856 [http-nio-8080-exec-4] DEBUG c.r.c.aspect.ServiceLoggingAspect - Метод CheeseService.getAllCheesesWithGraph выполнился за 8 мс
2026-04-27 15:10:00.871 [http-nio-8080-exec-5] DEBUG c.r.c.aspect.ServiceLoggingAspect - Выполнение метода: ProducerService.getAllProducers с аргументами: []
2026-04-27 15:10:00.872 [http-nio-8080-exec-5] DEBUG c.r.c.aspect.ServiceLoggingAspect - Метод ProducerService.getAllProducers выполнился за 0 мс
2026-04-27 15:10:00.887 [http-nio-8080-exec-6] DEBUG c.r.c.aspect.ServiceLoggingAspect - Выполнение метода: ShopService.getAllShops с аргументами: [Page request [number: 0, size 200, sort: id: ASC]]
2026-04-27 15:10:00.891 [http-nio-8080-exec-6] DEBUG c.r.c.aspect.ServiceLoggingAspect - Метод ShopService.getAllShops выполнился за 4 мс
2026-04-27 15:10:00.905 [http-nio-8080-exec-7] DEBUG c.r.c.aspect.ServiceLoggingAspect - Выполнение метода: CategoryService.getAllCategories с аргументами: []
2026-04-27 15:10:00.908 [http-nio-8080-exec-7] DEBUG c.r.c.aspect.ServiceLoggingAspect - Метод CategoryService.getAllCategories выполнился за 2 мс
2026-04-27 15:10:00.917 [http-nio-8080-exec-8] DEBUG c.r.c.aspect.ServiceLoggingAspect - Выполнение метода: ShopService.getAllShops с аргументами: [Page request [number: 0, size 5, sort: id: ASC]]
2026-04-27 15:10:00.921 [http-nio-8080-exec-8] DEBUG c.r.c.aspect.ServiceLoggingAspect - Метод ShopService.getAllShops выполнился за 3 мс
2026-04-27 15:10:15.850 [http-nio-8080-exec-9] DEBUG c.r.c.aspect.ServiceLoggingAspect - Выполнение метода: CheeseService.getAllCheesesWithGraph с аргументами: []
2026-04-27 15:10:15.858 [http-nio-8080-exec-9] DEBUG c.r.c.aspect.ServiceLoggingAspect - Метод CheeseService.getAllCheesesWithGraph выполнился за 8 мс
2026-04-27 15:10:15.878 [http-nio-8080-exec-10] DEBUG c.r.c.aspect.ServiceLoggingAspect - Выполнение метода: ProducerService.getAllProducers с аргументами: []
2026-04-27 15:10:15.878 [http-nio-8080-exec-10] DEBUG c.r.c.aspect.ServiceLoggingAspect - Метод ProducerService.getAllProducers выполнился за 0 мс
2026-04-27 15:10:15.888 [http-nio-8080-exec-1] DEBUG c.r.c.aspect.ServiceLoggingAspect - Выполнение метода: ShopService.getAllShops с аргументами: [Page request [number: 0, size 200, sort: id: ASC]]
2026-04-27 15:10:15.891 [http-nio-8080-exec-1] DEBUG c.r.c.aspect.ServiceLoggingAspect - Метод ShopService.getAllShops выполнился за 3 мс
2026-04-27 15:10:15.900 [http-nio-8080-exec-2] DEBUG c.r.c.aspect.ServiceLoggingAspect - Выполнение метода: CategoryService.getAllCategories с аргументами: []
2026-04-27 15:10:15.902 [http-nio-8080-exec-2] DEBUG c.r.c.aspect.ServiceLoggingAspect - Метод CategoryService.getAllCategories выполнился за 1 мс
2026-04-27 15:10:15.909 [http-nio-8080-exec-3] DEBUG c.r.c.aspect.ServiceLoggingAspect - Выполнение метода: ShopService.getAllShops с аргументами: [Page request [number: 0, size 5, sort: id: ASC]]
2026-04-27 15:10:15.912 [http-nio-8080-exec-3] DEBUG c.r.c.aspect.ServiceLoggingAspect - Метод ShopService.getAllShops выполнился за 2 мс
2026-04-27 15:10:27.114 [http-nio-8080-exec-4] DEBUG c.r.c.aspect.ServiceLoggingAspect - Выполнение метода: CheeseService.getAllCheesesWithGraph с аргументами: []
2026-04-27 15:10:27.127 [http-nio-8080-exec-4] DEBUG c.r.c.aspect.ServiceLoggingAspect - Метод CheeseService.getAllCheesesWithGraph выполнился за 12 мс
2026-04-27 15:14:12.059 [HikariPool-1:housekeeper] WARN  com.zaxxer.hikari.pool.HikariPool - HikariPool-1 - Thread starvation or clock leap detected (housekeeper delta=4m9s336ms).
2026-04-27 15:14:18.617 [http-nio-8080-exec-5] DEBUG c.r.c.aspect.ServiceLoggingAspect - Выполнение метода: CheeseService.getAllCheesesWithGraph с аргументами: []
2026-04-27 15:14:18.759 [http-nio-8080-exec-5] DEBUG c.r.c.aspect.ServiceLoggingAspect - Метод CheeseService.getAllCheesesWithGraph выполнился за 142 мс
2026-04-27 15:14:18.802 [http-nio-8080-exec-6] DEBUG c.r.c.aspect.ServiceLoggingAspect - Выполнение метода: ProducerService.getAllProducers с аргументами: []
2026-04-27 15:14:18.802 [http-nio-8080-exec-6] DEBUG c.r.c.aspect.ServiceLoggingAspect - Метод ProducerService.getAllProducers выполнился за 0 мс
2026-04-27 15:14:18.816 [http-nio-8080-exec-7] DEBUG c.r.c.aspect.ServiceLoggingAspect - Выполнение метода: ShopService.getAllShops с аргументами: [Page request [number: 0, size 200, sort: id: ASC]]
2026-04-27 15:14:18.834 [http-nio-8080-exec-7] DEBUG c.r.c.aspect.ServiceLoggingAspect - Метод ShopService.getAllShops выполнился за 17 мс
2026-04-27 15:14:18.842 [http-nio-8080-exec-8] DEBUG c.r.c.aspect.ServiceLoggingAspect - Выполнение метода: CategoryService.getAllCategories с аргументами: []
2026-04-27 15:14:18.844 [http-nio-8080-exec-8] DEBUG c.r.c.aspect.ServiceLoggingAspect - Метод CategoryService.getAllCategories выполнился за 1 мс
2026-04-27 15:14:18.856 [http-nio-8080-exec-9] DEBUG c.r.c.aspect.ServiceLoggingAspect - Выполнение метода: ShopService.getAllShops с аргументами: [Page request [number: 0, size 5, sort: id: ASC]]
2026-04-27 15:14:18.883 [http-nio-8080-exec-9] DEBUG c.r.c.aspect.ServiceLoggingAspect - Метод ShopService.getAllShops выполнился за 27 мс
2026-04-27 15:14:20.723 [http-nio-8080-exec-10] DEBUG c.r.c.aspect.ServiceLoggingAspect - Выполнение метода: ShopService.getAllShops с аргументами: [Page request [number: 1, size 5, sort: id: ASC]]
2026-04-27 15:14:20.732 [http-nio-8080-exec-10] DEBUG c.r.c.aspect.ServiceLoggingAspect - Метод ShopService.getAllShops выполнился за 8 мс
2026-04-27 15:14:21.165 [http-nio-8080-exec-1] DEBUG c.r.c.aspect.ServiceLoggingAspect - Выполнение метода: ShopService.getAllShops с аргументами: [Page request [number: 2, size 5, sort: id: ASC]]
2026-04-27 15:14:21.169 [http-nio-8080-exec-1] DEBUG c.r.c.aspect.ServiceLoggingAspect - Метод ShopService.getAllShops выполнился за 3 мс
2026-04-27 15:14:21.717 [http-nio-8080-exec-2] DEBUG c.r.c.aspect.ServiceLoggingAspect - Выполнение метода: ShopService.getAllShops с аргументами: [Page request [number: 1, size 5, sort: id: ASC]]
2026-04-27 15:14:21.725 [http-nio-8080-exec-2] DEBUG c.r.c.aspect.ServiceLoggingAspect - Метод ShopService.getAllShops выполнился за 7 мс
2026-04-27 15:14:21.881 [http-nio-8080-exec-3] DEBUG c.r.c.aspect.ServiceLoggingAspect - Выполнение метода: ShopService.getAllShops с аргументами: [Page request [number: 0, size 5, sort: id: ASC]]
2026-04-27 15:14:21.886 [http-nio-8080-exec-3] DEBUG c.r.c.aspect.ServiceLoggingAspect - Метод ShopService.getAllShops выполнился за 5 мс
2026-04-27 15:14:33.351 [http-nio-8080-exec-4] DEBUG c.r.c.aspect.ServiceLoggingAspect - Выполнение метода: CheeseService.getAllCheesesWithGraph с аргументами: []
2026-04-27 15:14:33.360 [http-nio-8080-exec-4] DEBUG c.r.c.aspect.ServiceLoggingAspect - Метод CheeseService.getAllCheesesWithGraph выполнился за 8 мс
2026-04-27 15:14:33.377 [http-nio-8080-exec-5] DEBUG c.r.c.aspect.ServiceLoggingAspect - Выполнение метода: ProducerService.getAllProducers с аргументами: []
2026-04-27 15:14:33.378 [http-nio-8080-exec-5] DEBUG c.r.c.aspect.ServiceLoggingAspect - Метод ProducerService.getAllProducers выполнился за 0 мс
2026-04-27 15:14:33.389 [http-nio-8080-exec-6] DEBUG c.r.c.aspect.ServiceLoggingAspect - Выполнение метода: ShopService.getAllShops с аргументами: [Page request [number: 0, size 200, sort: id: ASC]]
2026-04-27 15:14:33.396 [http-nio-8080-exec-6] DEBUG c.r.c.aspect.ServiceLoggingAspect - Метод ShopService.getAllShops выполнился за 6 мс
2026-04-27 15:14:33.404 [http-nio-8080-exec-7] DEBUG c.r.c.aspect.ServiceLoggingAspect - Выполнение метода: CategoryService.getAllCategories с аргументами: []
2026-04-27 15:14:33.408 [http-nio-8080-exec-7] DEBUG c.r.c.aspect.ServiceLoggingAspect - Метод CategoryService.getAllCategories выполнился за 3 мс
2026-04-27 15:14:33.418 [http-nio-8080-exec-8] DEBUG c.r.c.aspect.ServiceLoggingAspect - Выполнение метода: ShopService.getAllShops с аргументами: [Page request [number: 0, size 5, sort: id: ASC]]
2026-04-27 15:14:33.420 [http-nio-8080-exec-8] DEBUG c.r.c.aspect.ServiceLoggingAspect - Метод ShopService.getAllShops выполнился за 2 мс
2026-04-27 15:14:48.412 [http-nio-8080-exec-9] DEBUG c.r.c.aspect.ServiceLoggingAspect - Выполнение метода: CheeseService.getAllCheesesWithGraph с аргументами: []
2026-04-27 15:14:48.435 [http-nio-8080-exec-9] DEBUG c.r.c.aspect.ServiceLoggingAspect - Метод CheeseService.getAllCheesesWithGraph выполнился за 22 мс
2026-04-27 15:14:48.458 [http-nio-8080-exec-10] DEBUG c.r.c.aspect.ServiceLoggingAspect - Выполнение метода: ProducerService.getAllProducers с аргументами: []
2026-04-27 15:14:48.458 [http-nio-8080-exec-10] DEBUG c.r.c.aspect.ServiceLoggingAspect - Метод ProducerService.getAllProducers выполнился за 0 мс
2026-04-27 15:14:48.467 [http-nio-8080-exec-1] DEBUG c.r.c.aspect.ServiceLoggingAspect - Выполнение метода: ShopService.getAllShops с аргументами: [Page request [number: 0, size 200, sort: id: ASC]]
2026-04-27 15:14:48.527 [http-nio-8080-exec-1] DEBUG c.r.c.aspect.ServiceLoggingAspect - Метод ShopService.getAllShops выполнился за 60 мс
2026-04-27 15:14:48.545 [http-nio-8080-exec-2] DEBUG c.r.c.aspect.ServiceLoggingAspect - Выполнение метода: CategoryService.getAllCategories с аргументами: []
2026-04-27 15:14:48.561 [http-nio-8080-exec-2] DEBUG c.r.c.aspect.ServiceLoggingAspect - Метод CategoryService.getAllCategories выполнился за 15 мс
2026-04-27 15:14:48.575 [http-nio-8080-exec-3] DEBUG c.r.c.aspect.ServiceLoggingAspect - Выполнение метода: ShopService.getAllShops с аргументами: [Page request [number: 0, size 5, sort: id: ASC]]
2026-04-27 15:14:48.583 [http-nio-8080-exec-3] DEBUG c.r.c.aspect.ServiceLoggingAspect - Метод ShopService.getAllShops выполнился за 8 мс
2026-04-27 15:14:57.495 [http-nio-8080-exec-4] DEBUG c.r.c.aspect.ServiceLoggingAspect - Выполнение метода: CheeseService.getAllCheesesWithGraph с аргументами: []
2026-04-27 15:14:57.506 [http-nio-8080-exec-4] DEBUG c.r.c.aspect.ServiceLoggingAspect - Метод CheeseService.getAllCheesesWithGraph выполнился за 11 мс
2026-04-27 15:15:11.658 [http-nio-8080-exec-5] DEBUG c.r.c.aspect.ServiceLoggingAspect - Выполнение метода: CheeseService.getAllCheesesWithGraph с аргументами: []
2026-04-27 15:15:11.672 [http-nio-8080-exec-5] DEBUG c.r.c.aspect.ServiceLoggingAspect - Метод CheeseService.getAllCheesesWithGraph выполнился за 14 мс
2026-04-27 15:15:11.690 [http-nio-8080-exec-6] DEBUG c.r.c.aspect.ServiceLoggingAspect - Выполнение метода: ProducerService.getAllProducers с аргументами: []
2026-04-27 15:15:11.690 [http-nio-8080-exec-6] DEBUG c.r.c.aspect.ServiceLoggingAspect - Метод ProducerService.getAllProducers выполнился за 0 мс
2026-04-27 15:15:11.698 [http-nio-8080-exec-7] DEBUG c.r.c.aspect.ServiceLoggingAspect - Выполнение метода: ShopService.getAllShops с аргументами: [Page request [number: 0, size 200, sort: id: ASC]]
2026-04-27 15:15:11.700 [http-nio-8080-exec-7] DEBUG c.r.c.aspect.ServiceLoggingAspect - Метод ShopService.getAllShops выполнился за 2 мс
2026-04-27 15:15:11.704 [http-nio-8080-exec-8] DEBUG c.r.c.aspect.ServiceLoggingAspect - Выполнение метода: CategoryService.getAllCategories с аргументами: []
2026-04-27 15:15:11.705 [http-nio-8080-exec-8] DEBUG c.r.c.aspect.ServiceLoggingAspect - Метод CategoryService.getAllCategories выполнился за 0 мс
2026-04-27 15:15:11.710 [http-nio-8080-exec-9] DEBUG c.r.c.aspect.ServiceLoggingAspect - Выполнение метода: ShopService.getAllShops с аргументами: [Page request [number: 0, size 5, sort: id: ASC]]
2026-04-27 15:15:11.712 [http-nio-8080-exec-9] DEBUG c.r.c.aspect.ServiceLoggingAspect - Метод ShopService.getAllShops выполнился за 2 мс
2026-04-27 15:15:14.875 [http-nio-8080-exec-10] DEBUG c.r.c.aspect.ServiceLoggingAspect - Выполнение метода: CheeseService.getCheeseById с аргументами: [3]
2026-04-27 15:15:14.911 [http-nio-8080-exec-10] DEBUG c.r.c.aspect.ServiceLoggingAspect - Метод CheeseService.getCheeseById выполнился за 36 мс
2026-04-27 15:15:20.932 [http-nio-8080-exec-1] DEBUG c.r.c.aspect.ServiceLoggingAspect - Выполнение метода: CheeseService.createCheese с аргументами: [4, 3, CheeseRequestDto(name=Березовский Бри, fats=46.0, description=Вкус сливочный, с легкой ореховой горчинкой и дымным послевкусием, price=23.0)]
2026-04-27 15:15:20.947 [http-nio-8080-exec-1] DEBUG c.r.c.aspect.ServiceLoggingAspect - Метод CheeseService.createCheese выполнился за 15 мс
2026-04-27 15:15:20.974 [http-nio-8080-exec-2] DEBUG c.r.c.aspect.ServiceLoggingAspect - Выполнение метода: CategoryService.createCategory с аргументами: [21, CategoryRequestDto(name=Мягкий, description=)]
2026-04-27 15:15:20.977 [http-nio-8080-exec-2] DEBUG c.r.c.aspect.ServiceLoggingAspect - Метод CategoryService.createCategory выполнился за 3 мс
2026-04-27 15:15:20.992 [http-nio-8080-exec-3] DEBUG c.r.c.aspect.ServiceLoggingAspect - Выполнение метода: ReviewService.getReviewsByCheeseId с аргументами: [3]
2026-04-27 15:15:21.000 [http-nio-8080-exec-3] DEBUG c.r.c.aspect.ServiceLoggingAspect - Метод ReviewService.getReviewsByCheeseId выполнился за 8 мс
2026-04-27 15:15:21.057 [http-nio-8080-exec-4] DEBUG c.r.c.aspect.ServiceLoggingAspect - Выполнение метода: ReviewService.createReview с аргументами: [21, ReviewRequestDto(author=Алла, rating=5, comment=Очень вкусный ! Рекомендую!)]
2026-04-27 15:15:21.076 [http-nio-8080-exec-4] DEBUG c.r.c.aspect.ServiceLoggingAspect - Метод ReviewService.createReview выполнился за 18 мс
2026-04-27 15:15:21.095 [http-nio-8080-exec-5] DEBUG c.r.c.aspect.ServiceLoggingAspect - Выполнение метода: CheeseService.deleteCheese с аргументами: [3]
2026-04-27 15:15:21.102 [http-nio-8080-exec-5] DEBUG c.r.c.aspect.ServiceLoggingAspect - Метод CheeseService.deleteCheese выполнился за 6 мс
2026-04-27 15:15:21.112 [http-nio-8080-exec-6] DEBUG c.r.c.aspect.ServiceLoggingAspect - Выполнение метода: CheeseService.getAllCheesesWithGraph с аргументами: []
2026-04-27 15:15:21.115 [http-nio-8080-exec-6] DEBUG c.r.c.aspect.ServiceLoggingAspect - Метод CheeseService.getAllCheesesWithGraph выполнился за 2 мс
2026-04-27 15:15:21.127 [http-nio-8080-exec-7] DEBUG c.r.c.aspect.ServiceLoggingAspect - Выполнение метода: ProducerService.getAllProducers с аргументами: []
2026-04-27 15:15:21.127 [http-nio-8080-exec-7] DEBUG c.r.c.aspect.ServiceLoggingAspect - Метод ProducerService.getAllProducers выполнился за 0 мс
2026-04-27 15:15:21.132 [http-nio-8080-exec-8] DEBUG c.r.c.aspect.ServiceLoggingAspect - Выполнение метода: ShopService.getAllShops с аргументами: [Page request [number: 0, size 200, sort: id: ASC]]
2026-04-27 15:15:21.134 [http-nio-8080-exec-8] DEBUG c.r.c.aspect.ServiceLoggingAspect - Метод ShopService.getAllShops выполнился за 1 мс
2026-04-27 15:15:21.138 [http-nio-8080-exec-9] DEBUG c.r.c.aspect.ServiceLoggingAspect - Выполнение метода: CategoryService.getAllCategories с аргументами: []
2026-04-27 15:15:21.139 [http-nio-8080-exec-9] DEBUG c.r.c.aspect.ServiceLoggingAspect - Метод CategoryService.getAllCategories выполнился за 0 мс
2026-04-27 15:15:21.147 [http-nio-8080-exec-10] DEBUG c.r.c.aspect.ServiceLoggingAspect - Выполнение метода: ShopService.getAllShops с аргументами: [Page request [number: 0, size 5, sort: id: ASC]]
2026-04-27 15:15:21.149 [http-nio-8080-exec-10] DEBUG c.r.c.aspect.ServiceLoggingAspect - Метод ShopService.getAllShops выполнился за 1 мс
2026-04-27 15:15:23.343 [http-nio-8080-exec-1] DEBUG c.r.c.aspect.ServiceLoggingAspect - Выполнение метода: CheeseService.getAllCheesesWithGraph с аргументами: []
2026-04-27 15:15:23.364 [http-nio-8080-exec-1] DEBUG c.r.c.aspect.ServiceLoggingAspect - Метод CheeseService.getAllCheesesWithGraph выполнился за 20 мс
2026-04-27 15:15:30.920 [http-nio-8080-exec-2] DEBUG c.r.c.aspect.ServiceLoggingAspect - Выполнение метода: CheeseService.getAllCheesesWithGraph с аргументами: []
2026-04-27 15:15:30.927 [http-nio-8080-exec-2] DEBUG c.r.c.aspect.ServiceLoggingAspect - Метод CheeseService.getAllCheesesWithGraph выполнился за 7 мс
2026-04-27 15:15:30.934 [http-nio-8080-exec-3] DEBUG c.r.c.aspect.ServiceLoggingAspect - Выполнение метода: ProducerService.getAllProducers с аргументами: []
2026-04-27 15:15:30.934 [http-nio-8080-exec-3] DEBUG c.r.c.aspect.ServiceLoggingAspect - Метод ProducerService.getAllProducers выполнился за 0 мс
2026-04-27 15:15:30.938 [http-nio-8080-exec-4] DEBUG c.r.c.aspect.ServiceLoggingAspect - Выполнение метода: ShopService.getAllShops с аргументами: [Page request [number: 0, size 200, sort: id: ASC]]
2026-04-27 15:15:30.942 [http-nio-8080-exec-4] DEBUG c.r.c.aspect.ServiceLoggingAspect - Метод ShopService.getAllShops выполнился за 3 мс
2026-04-27 15:15:30.948 [http-nio-8080-exec-5] DEBUG c.r.c.aspect.ServiceLoggingAspect - Выполнение метода: CategoryService.getAllCategories с аргументами: []
2026-04-27 15:15:30.949 [http-nio-8080-exec-5] DEBUG c.r.c.aspect.ServiceLoggingAspect - Метод CategoryService.getAllCategories выполнился за 1 мс
2026-04-27 15:15:30.954 [http-nio-8080-exec-6] DEBUG c.r.c.aspect.ServiceLoggingAspect - Выполнение метода: ShopService.getAllShops с аргументами: [Page request [number: 0, size 5, sort: id: ASC]]
2026-04-27 15:15:30.959 [http-nio-8080-exec-6] DEBUG c.r.c.aspect.ServiceLoggingAspect - Метод ShopService.getAllShops выполнился за 4 мс
2026-04-27 15:15:35.650 [http-nio-8080-exec-7] DEBUG c.r.c.aspect.ServiceLoggingAspect - Выполнение метода: CheeseService.getCheeseById с аргументами: [12]
2026-04-27 15:15:35.656 [http-nio-8080-exec-7] DEBUG c.r.c.aspect.ServiceLoggingAspect - Метод CheeseService.getCheeseById выполнился за 5 мс
2026-04-27 15:15:43.347 [http-nio-8080-exec-8] DEBUG c.r.c.aspect.ServiceLoggingAspect - Выполнение метода: CheeseService.createCheese с аргументами: [7, 11, CheeseRequestDto(name=Палешук, fats=45.0, description=Мягкий сыр с мытой коркой, price=28.99)]
2026-04-27 15:15:43.351 [http-nio-8080-exec-8] DEBUG c.r.c.aspect.ServiceLoggingAspect - Метод CheeseService.createCheese выполнился за 3 мс
2026-04-27 15:15:43.361 [http-nio-8080-exec-9] DEBUG c.r.c.aspect.ServiceLoggingAspect - Выполнение метода: CategoryService.createCategory с аргументами: [22, CategoryRequestDto(name=Нежный, description=)]
2026-04-27 15:15:43.363 [http-nio-8080-exec-9] DEBUG c.r.c.aspect.ServiceLoggingAspect - Метод CategoryService.createCategory выполнился за 2 мс
2026-04-27 15:15:43.371 [http-nio-8080-exec-10] DEBUG c.r.c.aspect.ServiceLoggingAspect - Выполнение метода: CategoryService.createCategory с аргументами: [22, CategoryRequestDto(name=Терпкий, description=)]
2026-04-27 15:15:43.373 [http-nio-8080-exec-10] DEBUG c.r.c.aspect.ServiceLoggingAspect - Метод CategoryService.createCategory выполнился за 2 мс
2026-04-27 15:15:43.380 [http-nio-8080-exec-1] DEBUG c.r.c.aspect.ServiceLoggingAspect - Выполнение метода: ReviewService.getReviewsByCheeseId с аргументами: [12]
2026-04-27 15:15:43.382 [http-nio-8080-exec-1] DEBUG c.r.c.aspect.ServiceLoggingAspect - Метод ReviewService.getReviewsByCheeseId выполнился за 1 мс
2026-04-27 15:15:43.387 [http-nio-8080-exec-2] DEBUG c.r.c.aspect.ServiceLoggingAspect - Выполнение метода: CheeseService.deleteCheese с аргументами: [12]
2026-04-27 15:15:43.389 [http-nio-8080-exec-2] DEBUG c.r.c.aspect.ServiceLoggingAspect - Метод CheeseService.deleteCheese выполнился за 2 мс
2026-04-27 15:15:43.396 [http-nio-8080-exec-3] DEBUG c.r.c.aspect.ServiceLoggingAspect - Выполнение метода: CheeseService.getAllCheesesWithGraph с аргументами: []
2026-04-27 15:15:43.415 [http-nio-8080-exec-3] DEBUG c.r.c.aspect.ServiceLoggingAspect - Метод CheeseService.getAllCheesesWithGraph выполнился за 18 мс
2026-04-27 15:15:43.420 [http-nio-8080-exec-4] DEBUG c.r.c.aspect.ServiceLoggingAspect - Выполнение метода: ProducerService.getAllProducers с аргументами: []
2026-04-27 15:15:43.420 [http-nio-8080-exec-4] DEBUG c.r.c.aspect.ServiceLoggingAspect - Метод ProducerService.getAllProducers выполнился за 0 мс
2026-04-27 15:15:43.423 [http-nio-8080-exec-5] DEBUG c.r.c.aspect.ServiceLoggingAspect - Выполнение метода: ShopService.getAllShops с аргументами: [Page request [number: 0, size 200, sort: id: ASC]]
2026-04-27 15:15:43.425 [http-nio-8080-exec-5] DEBUG c.r.c.aspect.ServiceLoggingAspect - Метод ShopService.getAllShops выполнился за 1 мс
2026-04-27 15:15:43.428 [http-nio-8080-exec-6] DEBUG c.r.c.aspect.ServiceLoggingAspect - Выполнение метода: CategoryService.getAllCategories с аргументами: []
2026-04-27 15:15:43.429 [http-nio-8080-exec-6] DEBUG c.r.c.aspect.ServiceLoggingAspect - Метод CategoryService.getAllCategories выполнился за 0 мс
2026-04-27 15:15:43.433 [http-nio-8080-exec-7] DEBUG c.r.c.aspect.ServiceLoggingAspect - Выполнение метода: ShopService.getAllShops с аргументами: [Page request [number: 0, size 5, sort: id: ASC]]
2026-04-27 15:15:43.435 [http-nio-8080-exec-7] DEBUG c.r.c.aspect.ServiceLoggingAspect - Метод ShopService.getAllShops выполнился за 2 мс
2026-04-27 15:15:45.384 [http-nio-8080-exec-8] DEBUG c.r.c.aspect.ServiceLoggingAspect - Выполнение метода: CheeseService.getAllCheesesWithGraph с аргументами: []
2026-04-27 15:15:45.399 [http-nio-8080-exec-8] DEBUG c.r.c.aspect.ServiceLoggingAspect - Метод CheeseService.getAllCheesesWithGraph выполнился за 14 мс
2026-04-27 15:16:02.921 [http-nio-8080-exec-9] DEBUG c.r.c.aspect.ServiceLoggingAspect - Выполнение метода: CheeseService.getAllCheesesWithGraph с аргументами: []
2026-04-27 15:16:02.930 [http-nio-8080-exec-9] DEBUG c.r.c.aspect.ServiceLoggingAspect - Метод CheeseService.getAllCheesesWithGraph выполнился за 9 мс
2026-04-27 15:16:02.943 [http-nio-8080-exec-10] DEBUG c.r.c.aspect.ServiceLoggingAspect - Выполнение метода: ProducerService.getAllProducers с аргументами: []
2026-04-27 15:16:02.944 [http-nio-8080-exec-10] DEBUG c.r.c.aspect.ServiceLoggingAspect - Метод ProducerService.getAllProducers выполнился за 0 мс
2026-04-27 15:16:02.950 [http-nio-8080-exec-1] DEBUG c.r.c.aspect.ServiceLoggingAspect - Выполнение метода: ShopService.getAllShops с аргументами: [Page request [number: 0, size 200, sort: id: ASC]]
2026-04-27 15:16:02.966 [http-nio-8080-exec-1] DEBUG c.r.c.aspect.ServiceLoggingAspect - Метод ShopService.getAllShops выполнился за 15 мс
2026-04-27 15:16:02.973 [http-nio-8080-exec-2] DEBUG c.r.c.aspect.ServiceLoggingAspect - Выполнение метода: CategoryService.getAllCategories с аргументами: []
2026-04-27 15:16:02.976 [http-nio-8080-exec-2] DEBUG c.r.c.aspect.ServiceLoggingAspect - Метод CategoryService.getAllCategories выполнился за 2 мс
2026-04-27 15:16:02.982 [http-nio-8080-exec-3] DEBUG c.r.c.aspect.ServiceLoggingAspect - Выполнение метода: ShopService.getAllShops с аргументами: [Page request [number: 0, size 5, sort: id: ASC]]
2026-04-27 15:16:02.985 [http-nio-8080-exec-3] DEBUG c.r.c.aspect.ServiceLoggingAspect - Метод ShopService.getAllShops выполнился за 2 мс
2026-04-27 15:16:18.219 [http-nio-8080-exec-4] DEBUG c.r.c.aspect.ServiceLoggingAspect - Выполнение метода: CheeseService.getAllCheesesWithGraph с аргументами: []
2026-04-27 15:16:18.249 [http-nio-8080-exec-4] DEBUG c.r.c.aspect.ServiceLoggingAspect - Метод CheeseService.getAllCheesesWithGraph выполнился за 30 мс
2026-04-27 15:16:18.288 [http-nio-8080-exec-5] DEBUG c.r.c.aspect.ServiceLoggingAspect - Выполнение метода: ProducerService.getAllProducers с аргументами: []
2026-04-27 15:16:18.288 [http-nio-8080-exec-5] DEBUG c.r.c.aspect.ServiceLoggingAspect - Метод ProducerService.getAllProducers выполнился за 0 мс
2026-04-27 15:16:18.293 [http-nio-8080-exec-6] DEBUG c.r.c.aspect.ServiceLoggingAspect - Выполнение метода: ShopService.getAllShops с аргументами: [Page request [number: 0, size 200, sort: id: ASC]]
2026-04-27 15:16:18.295 [http-nio-8080-exec-6] DEBUG c.r.c.aspect.ServiceLoggingAspect - Метод ShopService.getAllShops выполнился за 2 мс
2026-04-27 15:16:18.300 [http-nio-8080-exec-7] DEBUG c.r.c.aspect.ServiceLoggingAspect - Выполнение метода: CategoryService.getAllCategories с аргументами: []
2026-04-27 15:16:18.300 [http-nio-8080-exec-7] DEBUG c.r.c.aspect.ServiceLoggingAspect - Метод CategoryService.getAllCategories выполнился за 0 мс
2026-04-27 15:16:18.303 [http-nio-8080-exec-8] DEBUG c.r.c.aspect.ServiceLoggingAspect - Выполнение метода: ShopService.getAllShops с аргументами: [Page request [number: 0, size 5, sort: id: ASC]]
2026-04-27 15:16:18.305 [http-nio-8080-exec-8] DEBUG c.r.c.aspect.ServiceLoggingAspect - Метод ShopService.getAllShops выполнился за 1 мс
2026-04-27 15:16:33.218 [http-nio-8080-exec-9] DEBUG c.r.c.aspect.ServiceLoggingAspect - Выполнение метода: CheeseService.getAllCheesesWithGraph с аргументами: []
2026-04-27 15:16:33.241 [http-nio-8080-exec-9] DEBUG c.r.c.aspect.ServiceLoggingAspect - Метод CheeseService.getAllCheesesWithGraph выполнился за 22 мс
2026-04-27 15:16:33.260 [http-nio-8080-exec-10] DEBUG c.r.c.aspect.ServiceLoggingAspect - Выполнение метода: ProducerService.getAllProducers с аргументами: []
2026-04-27 15:16:33.260 [http-nio-8080-exec-10] DEBUG c.r.c.aspect.ServiceLoggingAspect - Метод ProducerService.getAllProducers выполнился за 0 мс
2026-04-27 15:16:33.268 [http-nio-8080-exec-1] DEBUG c.r.c.aspect.ServiceLoggingAspect - Выполнение метода: ShopService.getAllShops с аргументами: [Page request [number: 0, size 200, sort: id: ASC]]
2026-04-27 15:16:33.272 [http-nio-8080-exec-1] DEBUG c.r.c.aspect.ServiceLoggingAspect - Метод ShopService.getAllShops выполнился за 3 мс
2026-04-27 15:16:33.281 [http-nio-8080-exec-2] DEBUG c.r.c.aspect.ServiceLoggingAspect - Выполнение метода: CategoryService.getAllCategories с аргументами: []
2026-04-27 15:16:33.282 [http-nio-8080-exec-2] DEBUG c.r.c.aspect.ServiceLoggingAspect - Метод CategoryService.getAllCategories выполнился за 1 мс
2026-04-27 15:16:33.292 [http-nio-8080-exec-3] DEBUG c.r.c.aspect.ServiceLoggingAspect - Выполнение метода: ShopService.getAllShops с аргументами: [Page request [number: 0, size 5, sort: id: ASC]]
2026-04-27 15:16:33.297 [http-nio-8080-exec-3] DEBUG c.r.c.aspect.ServiceLoggingAspect - Метод ShopService.getAllShops выполнился за 5 мс
2026-04-27 15:16:48.194 [http-nio-8080-exec-4] DEBUG c.r.c.aspect.ServiceLoggingAspect - Выполнение метода: CheeseService.getAllCheesesWithGraph с аргументами: []
2026-04-27 15:16:48.204 [http-nio-8080-exec-4] DEBUG c.r.c.aspect.ServiceLoggingAspect - Метод CheeseService.getAllCheesesWithGraph выполнился за 10 мс
2026-04-27 15:16:48.217 [http-nio-8080-exec-5] DEBUG c.r.c.aspect.ServiceLoggingAspect - Выполнение метода: ProducerService.getAllProducers с аргументами: []
2026-04-27 15:16:48.217 [http-nio-8080-exec-5] DEBUG c.r.c.aspect.ServiceLoggingAspect - Метод ProducerService.getAllProducers выполнился за 0 мс
2026-04-27 15:16:48.224 [http-nio-8080-exec-6] DEBUG c.r.c.aspect.ServiceLoggingAspect - Выполнение метода: ShopService.getAllShops с аргументами: [Page request [number: 0, size 200, sort: id: ASC]]
2026-04-27 15:16:48.226 [http-nio-8080-exec-6] DEBUG c.r.c.aspect.ServiceLoggingAspect - Метод ShopService.getAllShops выполнился за 2 мс
2026-04-27 15:16:48.231 [http-nio-8080-exec-7] DEBUG c.r.c.aspect.ServiceLoggingAspect - Выполнение метода: CategoryService.getAllCategories с аргументами: []
2026-04-27 15:16:48.233 [http-nio-8080-exec-7] DEBUG c.r.c.aspect.ServiceLoggingAspect - Метод CategoryService.getAllCategories выполнился за 1 мс
2026-04-27 15:16:48.237 [http-nio-8080-exec-8] DEBUG c.r.c.aspect.ServiceLoggingAspect - Выполнение метода: ShopService.getAllShops с аргументами: [Page request [number: 0, size 5, sort: id: ASC]]
2026-04-27 15:16:48.238 [http-nio-8080-exec-8] DEBUG c.r.c.aspect.ServiceLoggingAspect - Метод ShopService.getAllShops выполнился за 1 мс
2026-04-27 15:17:03.179 [http-nio-8080-exec-9] DEBUG c.r.c.aspect.ServiceLoggingAspect - Выполнение метода: CheeseService.getAllCheesesWithGraph с аргументами: []
2026-04-27 15:17:03.189 [http-nio-8080-exec-9] DEBUG c.r.c.aspect.ServiceLoggingAspect - Метод CheeseService.getAllCheesesWithGraph выполнился за 9 мс
2026-04-27 15:17:03.204 [http-nio-8080-exec-10] DEBUG c.r.c.aspect.ServiceLoggingAspect - Выполнение метода: ProducerService.getAllProducers с аргументами: []
2026-04-27 15:17:03.204 [http-nio-8080-exec-10] DEBUG c.r.c.aspect.ServiceLoggingAspect - Метод ProducerService.getAllProducers выполнился за 0 мс
2026-04-27 15:17:03.216 [http-nio-8080-exec-1] DEBUG c.r.c.aspect.ServiceLoggingAspect - Выполнение метода: ShopService.getAllShops с аргументами: [Page request [number: 0, size 200, sort: id: ASC]]
2026-04-27 15:17:03.221 [http-nio-8080-exec-1] DEBUG c.r.c.aspect.ServiceLoggingAspect - Метод ShopService.getAllShops выполнился за 5 мс
2026-04-27 15:17:03.234 [http-nio-8080-exec-2] DEBUG c.r.c.aspect.ServiceLoggingAspect - Выполнение метода: CategoryService.getAllCategories с аргументами: []
2026-04-27 15:17:03.237 [http-nio-8080-exec-2] DEBUG c.r.c.aspect.ServiceLoggingAspect - Метод CategoryService.getAllCategories выполнился за 2 мс
2026-04-27 15:17:03.248 [http-nio-8080-exec-3] DEBUG c.r.c.aspect.ServiceLoggingAspect - Выполнение метода: ShopService.getAllShops с аргументами: [Page request [number: 0, size 5, sort: id: ASC]]
2026-04-27 15:17:03.250 [http-nio-8080-exec-3] DEBUG c.r.c.aspect.ServiceLoggingAspect - Метод ShopService.getAllShops выполнился за 2 мс
2026-04-27 15:17:05.206 [http-nio-8080-exec-4] DEBUG c.r.c.aspect.ServiceLoggingAspect - Выполнение метода: CheeseService.getAllCheesesWithGraph с аргументами: []
2026-04-27 15:17:05.220 [http-nio-8080-exec-4] DEBUG c.r.c.aspect.ServiceLoggingAspect - Метод CheeseService.getAllCheesesWithGraph выполнился за 13 мс
2026-04-27 15:17:05.235 [http-nio-8080-exec-5] DEBUG c.r.c.aspect.ServiceLoggingAspect - Выполнение метода: ProducerService.getAllProducers с аргументами: []
2026-04-27 15:17:05.235 [http-nio-8080-exec-5] DEBUG c.r.c.aspect.ServiceLoggingAspect - Метод ProducerService.getAllProducers выполнился за 0 мс
2026-04-27 15:17:05.241 [http-nio-8080-exec-6] DEBUG c.r.c.aspect.ServiceLoggingAspect - Выполнение метода: ShopService.getAllShops с аргументами: [Page request [number: 0, size 200, sort: id: ASC]]
2026-04-27 15:17:05.243 [http-nio-8080-exec-6] DEBUG c.r.c.aspect.ServiceLoggingAspect - Метод ShopService.getAllShops выполнился за 2 мс
2026-04-27 15:17:05.248 [http-nio-8080-exec-7] DEBUG c.r.c.aspect.ServiceLoggingAspect - Выполнение метода: CategoryService.getAllCategories с аргументами: []
2026-04-27 15:17:05.249 [http-nio-8080-exec-7] DEBUG c.r.c.aspect.ServiceLoggingAspect - Метод CategoryService.getAllCategories выполнился за 0 мс
2026-04-27 15:17:05.272 [http-nio-8080-exec-8] DEBUG c.r.c.aspect.ServiceLoggingAspect - Выполнение метода: ShopService.getAllShops с аргументами: [Page request [number: 0, size 5, sort: id: ASC]]
2026-04-27 15:17:05.274 [http-nio-8080-exec-8] DEBUG c.r.c.aspect.ServiceLoggingAspect - Метод ShopService.getAllShops выполнился за 1 мс
2026-04-27 15:17:21.209 [http-nio-8080-exec-9] DEBUG c.r.c.aspect.ServiceLoggingAspect - Выполнение метода: CheeseService.getAllCheesesWithGraph с аргументами: []
2026-04-27 15:17:21.223 [http-nio-8080-exec-9] DEBUG c.r.c.aspect.ServiceLoggingAspect - Метод CheeseService.getAllCheesesWithGraph выполнился за 14 мс
2026-04-27 15:17:21.239 [http-nio-8080-exec-10] DEBUG c.r.c.aspect.ServiceLoggingAspect - Выполнение метода: ProducerService.getAllProducers с аргументами: []
2026-04-27 15:17:21.239 [http-nio-8080-exec-10] DEBUG c.r.c.aspect.ServiceLoggingAspect - Метод ProducerService.getAllProducers выполнился за 0 мс
2026-04-27 15:17:21.247 [http-nio-8080-exec-1] DEBUG c.r.c.aspect.ServiceLoggingAspect - Выполнение метода: ShopService.getAllShops с аргументами: [Page request [number: 0, size 200, sort: id: ASC]]
2026-04-27 15:17:21.253 [http-nio-8080-exec-1] DEBUG c.r.c.aspect.ServiceLoggingAspect - Метод ShopService.getAllShops выполнился за 6 мс
2026-04-27 15:17:21.262 [http-nio-8080-exec-2] DEBUG c.r.c.aspect.ServiceLoggingAspect - Выполнение метода: CategoryService.getAllCategories с аргументами: []
2026-04-27 15:17:21.264 [http-nio-8080-exec-2] DEBUG c.r.c.aspect.ServiceLoggingAspect - Метод CategoryService.getAllCategories выполнился за 1 мс
2026-04-27 15:17:21.279 [http-nio-8080-exec-3] DEBUG c.r.c.aspect.ServiceLoggingAspect - Выполнение метода: ShopService.getAllShops с аргументами: [Page request [number: 0, size 5, sort: id: ASC]]
2026-04-27 15:17:21.280 [http-nio-8080-exec-3] DEBUG c.r.c.aspect.ServiceLoggingAspect - Метод ShopService.getAllShops выполнился за 1 мс
2026-04-27 15:17:36.202 [http-nio-8080-exec-4] DEBUG c.r.c.aspect.ServiceLoggingAspect - Выполнение метода: CheeseService.getAllCheesesWithGraph с аргументами: []
2026-04-27 15:17:36.226 [http-nio-8080-exec-4] DEBUG c.r.c.aspect.ServiceLoggingAspect - Метод CheeseService.getAllCheesesWithGraph выполнился за 23 мс
2026-04-27 15:17:36.250 [http-nio-8080-exec-5] DEBUG c.r.c.aspect.ServiceLoggingAspect - Выполнение метода: ProducerService.getAllProducers с аргументами: []
2026-04-27 15:17:36.250 [http-nio-8080-exec-5] DEBUG c.r.c.aspect.ServiceLoggingAspect - Метод ProducerService.getAllProducers выполнился за 0 мс
2026-04-27 15:17:36.255 [http-nio-8080-exec-6] DEBUG c.r.c.aspect.ServiceLoggingAspect - Выполнение метода: ShopService.getAllShops с аргументами: [Page request [number: 0, size 200, sort: id: ASC]]
2026-04-27 15:17:36.257 [http-nio-8080-exec-6] DEBUG c.r.c.aspect.ServiceLoggingAspect - Метод ShopService.getAllShops выполнился за 2 мс
2026-04-27 15:17:36.261 [http-nio-8080-exec-7] DEBUG c.r.c.aspect.ServiceLoggingAspect - Выполнение метода: CategoryService.getAllCategories с аргументами: []
2026-04-27 15:17:36.262 [http-nio-8080-exec-7] DEBUG c.r.c.aspect.ServiceLoggingAspect - Метод CategoryService.getAllCategories выполнился за 1 мс
2026-04-27 15:17:36.267 [http-nio-8080-exec-8] DEBUG c.r.c.aspect.ServiceLoggingAspect - Выполнение метода: ShopService.getAllShops с аргументами: [Page request [number: 0, size 5, sort: id: ASC]]
2026-04-27 15:17:36.268 [http-nio-8080-exec-8] DEBUG c.r.c.aspect.ServiceLoggingAspect - Метод ShopService.getAllShops выполнился за 1 мс
2026-04-27 15:17:51.187 [http-nio-8080-exec-9] DEBUG c.r.c.aspect.ServiceLoggingAspect - Выполнение метода: CheeseService.getAllCheesesWithGraph с аргументами: []
2026-04-27 15:17:51.198 [http-nio-8080-exec-9] DEBUG c.r.c.aspect.ServiceLoggingAspect - Метод CheeseService.getAllCheesesWithGraph выполнился за 10 мс
2026-04-27 15:17:51.215 [http-nio-8080-exec-10] DEBUG c.r.c.aspect.ServiceLoggingAspect - Выполнение метода: ProducerService.getAllProducers с аргументами: []
2026-04-27 15:17:51.215 [http-nio-8080-exec-10] DEBUG c.r.c.aspect.ServiceLoggingAspect - Метод ProducerService.getAllProducers выполнился за 0 мс
2026-04-27 15:17:51.226 [http-nio-8080-exec-1] DEBUG c.r.c.aspect.ServiceLoggingAspect - Выполнение метода: ShopService.getAllShops с аргументами: [Page request [number: 0, size 200, sort: id: ASC]]
2026-04-27 15:17:51.230 [http-nio-8080-exec-1] DEBUG c.r.c.aspect.ServiceLoggingAspect - Метод ShopService.getAllShops выполнился за 4 мс
2026-04-27 15:17:51.241 [http-nio-8080-exec-2] DEBUG c.r.c.aspect.ServiceLoggingAspect - Выполнение метода: CategoryService.getAllCategories с аргументами: []
2026-04-27 15:17:51.244 [http-nio-8080-exec-2] DEBUG c.r.c.aspect.ServiceLoggingAspect - Метод CategoryService.getAllCategories выполнился за 3 мс
2026-04-27 15:17:51.255 [http-nio-8080-exec-3] DEBUG c.r.c.aspect.ServiceLoggingAspect - Выполнение метода: ShopService.getAllShops с аргументами: [Page request [number: 0, size 5, sort: id: ASC]]
2026-04-27 15:17:51.260 [http-nio-8080-exec-3] DEBUG c.r.c.aspect.ServiceLoggingAspect - Метод ShopService.getAllShops выполнился за 5 мс
2026-04-27 15:17:55.186 [http-nio-8080-exec-4] DEBUG c.r.c.aspect.ServiceLoggingAspect - Выполнение метода: CheeseService.getAllCheesesWithGraph с аргументами: []
2026-04-27 15:17:55.194 [http-nio-8080-exec-4] DEBUG c.r.c.aspect.ServiceLoggingAspect - Метод CheeseService.getAllCheesesWithGraph выполнился за 7 мс
2026-04-27 15:17:55.210 [http-nio-8080-exec-5] DEBUG c.r.c.aspect.ServiceLoggingAspect - Выполнение метода: ProducerService.getAllProducers с аргументами: []
2026-04-27 15:17:55.210 [http-nio-8080-exec-5] DEBUG c.r.c.aspect.ServiceLoggingAspect - Метод ProducerService.getAllProducers выполнился за 0 мс
2026-04-27 15:17:55.220 [http-nio-8080-exec-6] DEBUG c.r.c.aspect.ServiceLoggingAspect - Выполнение метода: ShopService.getAllShops с аргументами: [Page request [number: 0, size 200, sort: id: ASC]]
2026-04-27 15:17:55.222 [http-nio-8080-exec-6] DEBUG c.r.c.aspect.ServiceLoggingAspect - Метод ShopService.getAllShops выполнился за 2 мс
2026-04-27 15:17:55.233 [http-nio-8080-exec-7] DEBUG c.r.c.aspect.ServiceLoggingAspect - Выполнение метода: CategoryService.getAllCategories с аргументами: []
2026-04-27 15:17:55.236 [http-nio-8080-exec-7] DEBUG c.r.c.aspect.ServiceLoggingAspect - Метод CategoryService.getAllCategories выполнился за 3 мс
2026-04-27 15:17:55.248 [http-nio-8080-exec-8] DEBUG c.r.c.aspect.ServiceLoggingAspect - Выполнение метода: ShopService.getAllShops с аргументами: [Page request [number: 0, size 5, sort: id: ASC]]
2026-04-27 15:17:55.254 [http-nio-8080-exec-8] DEBUG c.r.c.aspect.ServiceLoggingAspect - Метод ShopService.getAllShops выполнился за 5 мс
2026-04-27 15:18:11.205 [http-nio-8080-exec-9] DEBUG c.r.c.aspect.ServiceLoggingAspect - Выполнение метода: CheeseService.getAllCheesesWithGraph с аргументами: []
2026-04-27 15:18:11.222 [http-nio-8080-exec-9] DEBUG c.r.c.aspect.ServiceLoggingAspect - Метод CheeseService.getAllCheesesWithGraph выполнился за 17 мс
2026-04-27 15:18:11.235 [http-nio-8080-exec-10] DEBUG c.r.c.aspect.ServiceLoggingAspect - Выполнение метода: ProducerService.getAllProducers с аргументами: []
2026-04-27 15:18:11.235 [http-nio-8080-exec-10] DEBUG c.r.c.aspect.ServiceLoggingAspect - Метод ProducerService.getAllProducers выполнился за 0 мс
2026-04-27 15:18:11.249 [http-nio-8080-exec-1] DEBUG c.r.c.aspect.ServiceLoggingAspect - Выполнение метода: ShopService.getAllShops с аргументами: [Page request [number: 0, size 200, sort: id: ASC]]
2026-04-27 15:18:11.253 [http-nio-8080-exec-1] DEBUG c.r.c.aspect.ServiceLoggingAspect - Метод ShopService.getAllShops выполнился за 4 мс
2026-04-27 15:18:11.261 [http-nio-8080-exec-2] DEBUG c.r.c.aspect.ServiceLoggingAspect - Выполнение метода: CategoryService.getAllCategories с аргументами: []
2026-04-27 15:18:11.262 [http-nio-8080-exec-2] DEBUG c.r.c.aspect.ServiceLoggingAspect - Метод CategoryService.getAllCategories выполнился за 1 мс
2026-04-27 15:18:11.268 [http-nio-8080-exec-3] DEBUG c.r.c.aspect.ServiceLoggingAspect - Выполнение метода: ShopService.getAllShops с аргументами: [Page request [number: 0, size 5, sort: id: ASC]]
2026-04-27 15:18:11.270 [http-nio-8080-exec-3] DEBUG c.r.c.aspect.ServiceLoggingAspect - Метод ShopService.getAllShops выполнился за 2 мс
2026-04-27 15:18:25.241 [http-nio-8080-exec-4] DEBUG c.r.c.aspect.ServiceLoggingAspect - Выполнение метода: CheeseService.getAllCheesesWithGraph с аргументами: []
2026-04-27 15:18:25.274 [http-nio-8080-exec-4] DEBUG c.r.c.aspect.ServiceLoggingAspect - Метод CheeseService.getAllCheesesWithGraph выполнился за 32 мс
2026-04-27 15:18:25.285 [http-nio-8080-exec-5] DEBUG c.r.c.aspect.ServiceLoggingAspect - Выполнение метода: ProducerService.getAllProducers с аргументами: []
2026-04-27 15:18:25.285 [http-nio-8080-exec-5] DEBUG c.r.c.aspect.ServiceLoggingAspect - Метод ProducerService.getAllProducers выполнился за 0 мс
2026-04-27 15:18:25.290 [http-nio-8080-exec-6] DEBUG c.r.c.aspect.ServiceLoggingAspect - Выполнение метода: ShopService.getAllShops с аргументами: [Page request [number: 0, size 200, sort: id: ASC]]
2026-04-27 15:18:25.299 [http-nio-8080-exec-6] DEBUG c.r.c.aspect.ServiceLoggingAspect - Метод ShopService.getAllShops выполнился за 9 мс
2026-04-27 15:18:25.307 [http-nio-8080-exec-7] DEBUG c.r.c.aspect.ServiceLoggingAspect - Выполнение метода: CategoryService.getAllCategories с аргументами: []
2026-04-27 15:18:25.309 [http-nio-8080-exec-7] DEBUG c.r.c.aspect.ServiceLoggingAspect - Метод CategoryService.getAllCategories выполнился за 2 мс
2026-04-27 15:18:25.316 [http-nio-8080-exec-8] DEBUG c.r.c.aspect.ServiceLoggingAspect - Выполнение метода: ShopService.getAllShops с аргументами: [Page request [number: 0, size 5, sort: id: ASC]]
2026-04-27 15:18:25.325 [http-nio-8080-exec-8] DEBUG c.r.c.aspect.ServiceLoggingAspect - Метод ShopService.getAllShops выполнился за 8 мс
2026-04-27 15:18:31.553 [http-nio-8080-exec-9] DEBUG c.r.c.aspect.ServiceLoggingAspect - Выполнение метода: CheeseService.getAllCheesesWithGraph с аргументами: []
2026-04-27 15:18:31.560 [http-nio-8080-exec-9] DEBUG c.r.c.aspect.ServiceLoggingAspect - Метод CheeseService.getAllCheesesWithGraph выполнился за 6 мс
2026-04-27 15:18:44.657 [http-nio-8080-exec-10] DEBUG c.r.c.aspect.ServiceLoggingAspect - Выполнение метода: CheeseService.getAllCheesesWithGraph с аргументами: []
2026-04-27 15:18:44.667 [http-nio-8080-exec-10] DEBUG c.r.c.aspect.ServiceLoggingAspect - Метод CheeseService.getAllCheesesWithGraph выполнился за 10 мс
2026-04-27 15:18:44.679 [http-nio-8080-exec-1] DEBUG c.r.c.aspect.ServiceLoggingAspect - Выполнение метода: ProducerService.getAllProducers с аргументами: []
2026-04-27 15:18:44.680 [http-nio-8080-exec-1] DEBUG c.r.c.aspect.ServiceLoggingAspect - Метод ProducerService.getAllProducers выполнился за 0 мс
2026-04-27 15:18:44.688 [http-nio-8080-exec-2] DEBUG c.r.c.aspect.ServiceLoggingAspect - Выполнение метода: ShopService.getAllShops с аргументами: [Page request [number: 0, size 200, sort: id: ASC]]
2026-04-27 15:18:44.692 [http-nio-8080-exec-2] DEBUG c.r.c.aspect.ServiceLoggingAspect - Метод ShopService.getAllShops выполнился за 4 мс
2026-04-27 15:18:44.698 [http-nio-8080-exec-3] DEBUG c.r.c.aspect.ServiceLoggingAspect - Выполнение метода: CategoryService.getAllCategories с аргументами: []
2026-04-27 15:18:44.699 [http-nio-8080-exec-3] DEBUG c.r.c.aspect.ServiceLoggingAspect - Метод CategoryService.getAllCategories выполнился за 1 мс
2026-04-27 15:18:44.704 [http-nio-8080-exec-4] DEBUG c.r.c.aspect.ServiceLoggingAspect - Выполнение метода: ShopService.getAllShops с аргументами: [Page request [number: 0, size 5, sort: id: ASC]]
2026-04-27 15:18:44.707 [http-nio-8080-exec-4] DEBUG c.r.c.aspect.ServiceLoggingAspect - Метод ShopService.getAllShops выполнился за 2 мс
2026-04-27 15:18:59.655 [http-nio-8080-exec-5] DEBUG c.r.c.aspect.ServiceLoggingAspect - Выполнение метода: CheeseService.getAllCheesesWithGraph с аргументами: []
2026-04-27 15:18:59.663 [http-nio-8080-exec-5] DEBUG c.r.c.aspect.ServiceLoggingAspect - Метод CheeseService.getAllCheesesWithGraph выполнился за 8 мс
2026-04-27 15:18:59.672 [http-nio-8080-exec-6] DEBUG c.r.c.aspect.ServiceLoggingAspect - Выполнение метода: ProducerService.getAllProducers с аргументами: []
2026-04-27 15:18:59.672 [http-nio-8080-exec-6] DEBUG c.r.c.aspect.ServiceLoggingAspect - Метод ProducerService.getAllProducers выполнился за 0 мс
2026-04-27 15:18:59.680 [http-nio-8080-exec-7] DEBUG c.r.c.aspect.ServiceLoggingAspect - Выполнение метода: ShopService.getAllShops с аргументами: [Page request [number: 0, size 200, sort: id: ASC]]
2026-04-27 15:18:59.683 [http-nio-8080-exec-7] DEBUG c.r.c.aspect.ServiceLoggingAspect - Метод ShopService.getAllShops выполнился за 2 мс
2026-04-27 15:18:59.690 [http-nio-8080-exec-8] DEBUG c.r.c.aspect.ServiceLoggingAspect - Выполнение метода: CategoryService.getAllCategories с аргументами: []
2026-04-27 15:18:59.692 [http-nio-8080-exec-8] DEBUG c.r.c.aspect.ServiceLoggingAspect - Метод CategoryService.getAllCategories выполнился за 1 мс
2026-04-27 15:18:59.698 [http-nio-8080-exec-9] DEBUG c.r.c.aspect.ServiceLoggingAspect - Выполнение метода: ShopService.getAllShops с аргументами: [Page request [number: 0, size 5, sort: id: ASC]]
2026-04-27 15:18:59.702 [http-nio-8080-exec-9] DEBUG c.r.c.aspect.ServiceLoggingAspect - Метод ShopService.getAllShops выполнился за 4 мс
2026-04-27 15:19:14.655 [http-nio-8080-exec-10] DEBUG c.r.c.aspect.ServiceLoggingAspect - Выполнение метода: CheeseService.getAllCheesesWithGraph с аргументами: []
2026-04-27 15:19:14.664 [http-nio-8080-exec-10] DEBUG c.r.c.aspect.ServiceLoggingAspect - Метод CheeseService.getAllCheesesWithGraph выполнился за 9 мс
2026-04-27 15:19:14.676 [http-nio-8080-exec-1] DEBUG c.r.c.aspect.ServiceLoggingAspect - Выполнение метода: ProducerService.getAllProducers с аргументами: []
2026-04-27 15:19:14.677 [http-nio-8080-exec-1] DEBUG c.r.c.aspect.ServiceLoggingAspect - Метод ProducerService.getAllProducers выполнился за 0 мс
2026-04-27 15:19:14.689 [http-nio-8080-exec-2] DEBUG c.r.c.aspect.ServiceLoggingAspect - Выполнение метода: ShopService.getAllShops с аргументами: [Page request [number: 0, size 200, sort: id: ASC]]
2026-04-27 15:19:14.692 [http-nio-8080-exec-2] DEBUG c.r.c.aspect.ServiceLoggingAspect - Метод ShopService.getAllShops выполнился за 2 мс
2026-04-27 15:19:14.700 [http-nio-8080-exec-3] DEBUG c.r.c.aspect.ServiceLoggingAspect - Выполнение метода: CategoryService.getAllCategories с аргументами: []
2026-04-27 15:19:14.702 [http-nio-8080-exec-3] DEBUG c.r.c.aspect.ServiceLoggingAspect - Метод CategoryService.getAllCategories выполнился за 1 мс
2026-04-27 15:19:14.711 [http-nio-8080-exec-4] DEBUG c.r.c.aspect.ServiceLoggingAspect - Выполнение метода: ShopService.getAllShops с аргументами: [Page request [number: 0, size 5, sort: id: ASC]]
2026-04-27 15:19:14.716 [http-nio-8080-exec-4] DEBUG c.r.c.aspect.ServiceLoggingAspect - Метод ShopService.getAllShops выполнился за 4 мс
2026-04-27 15:19:19.829 [http-nio-8080-exec-5] DEBUG c.r.c.aspect.ServiceLoggingAspect - Выполнение метода: CategoryService.createCategory с аргументами: [7, CategoryRequestDto(name=Вкусный, description=)]
2026-04-27 15:19:19.847 [http-nio-8080-exec-5] DEBUG c.r.c.aspect.ServiceLoggingAspect - Метод CategoryService.createCategory выполнился за 18 мс
2026-04-27 15:19:29.649 [http-nio-8080-exec-6] DEBUG c.r.c.aspect.ServiceLoggingAspect - Выполнение метода: CheeseService.getAllCheesesWithGraph с аргументами: []
2026-04-27 15:19:29.668 [http-nio-8080-exec-6] DEBUG c.r.c.aspect.ServiceLoggingAspect - Метод CheeseService.getAllCheesesWithGraph выполнился за 18 мс
2026-04-27 15:19:29.678 [http-nio-8080-exec-7] DEBUG c.r.c.aspect.ServiceLoggingAspect - Выполнение метода: ProducerService.getAllProducers с аргументами: []
2026-04-27 15:19:29.678 [http-nio-8080-exec-7] DEBUG c.r.c.aspect.ServiceLoggingAspect - Метод ProducerService.getAllProducers выполнился за 0 мс
2026-04-27 15:19:29.683 [http-nio-8080-exec-8] DEBUG c.r.c.aspect.ServiceLoggingAspect - Выполнение метода: ShopService.getAllShops с аргументами: [Page request [number: 0, size 200, sort: id: ASC]]
2026-04-27 15:19:29.686 [http-nio-8080-exec-8] DEBUG c.r.c.aspect.ServiceLoggingAspect - Метод ShopService.getAllShops выполнился за 2 мс
2026-04-27 15:19:29.690 [http-nio-8080-exec-9] DEBUG c.r.c.aspect.ServiceLoggingAspect - Выполнение метода: CategoryService.getAllCategories с аргументами: []
2026-04-27 15:19:29.692 [http-nio-8080-exec-9] DEBUG c.r.c.aspect.ServiceLoggingAspect - Метод CategoryService.getAllCategories выполнился за 1 мс
2026-04-27 15:19:29.696 [http-nio-8080-exec-10] DEBUG c.r.c.aspect.ServiceLoggingAspect - Выполнение метода: ShopService.getAllShops с аргументами: [Page request [number: 0, size 5, sort: id: ASC]]
2026-04-27 15:19:29.699 [http-nio-8080-exec-10] DEBUG c.r.c.aspect.ServiceLoggingAspect - Метод ShopService.getAllShops выполнился за 2 мс
2026-04-27 15:19:44.660 [http-nio-8080-exec-1] DEBUG c.r.c.aspect.ServiceLoggingAspect - Выполнение метода: CheeseService.getAllCheesesWithGraph с аргументами: []
2026-04-27 15:19:44.667 [http-nio-8080-exec-1] DEBUG c.r.c.aspect.ServiceLoggingAspect - Метод CheeseService.getAllCheesesWithGraph выполнился за 6 мс
2026-04-27 15:19:44.682 [http-nio-8080-exec-2] DEBUG c.r.c.aspect.ServiceLoggingAspect - Выполнение метода: ProducerService.getAllProducers с аргументами: []
2026-04-27 15:19:44.682 [http-nio-8080-exec-2] DEBUG c.r.c.aspect.ServiceLoggingAspect - Метод ProducerService.getAllProducers выполнился за 0 мс
2026-04-27 15:19:44.690 [http-nio-8080-exec-3] DEBUG c.r.c.aspect.ServiceLoggingAspect - Выполнение метода: ShopService.getAllShops с аргументами: [Page request [number: 0, size 200, sort: id: ASC]]
2026-04-27 15:19:44.692 [http-nio-8080-exec-3] DEBUG c.r.c.aspect.ServiceLoggingAspect - Метод ShopService.getAllShops выполнился за 2 мс
2026-04-27 15:19:44.698 [http-nio-8080-exec-4] DEBUG c.r.c.aspect.ServiceLoggingAspect - Выполнение метода: CategoryService.getAllCategories с аргументами: []
2026-04-27 15:19:44.699 [http-nio-8080-exec-4] DEBUG c.r.c.aspect.ServiceLoggingAspect - Метод CategoryService.getAllCategories выполнился за 1 мс
2026-04-27 15:19:44.704 [http-nio-8080-exec-5] DEBUG c.r.c.aspect.ServiceLoggingAspect - Выполнение метода: ShopService.getAllShops с аргументами: [Page request [number: 0, size 5, sort: id: ASC]]
2026-04-27 15:19:44.708 [http-nio-8080-exec-5] DEBUG c.r.c.aspect.ServiceLoggingAspect - Метод ShopService.getAllShops выполнился за 3 мс
2026-04-27 15:19:55.950 [http-nio-8080-exec-6] DEBUG c.r.c.aspect.ServiceLoggingAspect - Выполнение метода: CheeseService.getCheeseById с аргументами: [20]
2026-04-27 15:19:55.958 [http-nio-8080-exec-6] DEBUG c.r.c.aspect.ServiceLoggingAspect - Метод CheeseService.getCheeseById выполнился за 7 мс
2026-04-27 15:19:59.655 [http-nio-8080-exec-7] DEBUG c.r.c.aspect.ServiceLoggingAspect - Выполнение метода: CheeseService.getAllCheesesWithGraph с аргументами: []
2026-04-27 15:19:59.665 [http-nio-8080-exec-7] DEBUG c.r.c.aspect.ServiceLoggingAspect - Метод CheeseService.getAllCheesesWithGraph выполнился за 10 мс
2026-04-27 15:19:59.681 [http-nio-8080-exec-8] DEBUG c.r.c.aspect.ServiceLoggingAspect - Выполнение метода: ProducerService.getAllProducers с аргументами: []
2026-04-27 15:19:59.681 [http-nio-8080-exec-8] DEBUG c.r.c.aspect.ServiceLoggingAspect - Метод ProducerService.getAllProducers выполнился за 0 мс
2026-04-27 15:19:59.690 [http-nio-8080-exec-9] DEBUG c.r.c.aspect.ServiceLoggingAspect - Выполнение метода: ShopService.getAllShops с аргументами: [Page request [number: 0, size 200, sort: id: ASC]]
2026-04-27 15:19:59.693 [http-nio-8080-exec-9] DEBUG c.r.c.aspect.ServiceLoggingAspect - Метод ShopService.getAllShops выполнился за 3 мс
2026-04-27 15:19:59.700 [http-nio-8080-exec-10] DEBUG c.r.c.aspect.ServiceLoggingAspect - Выполнение метода: CategoryService.getAllCategories с аргументами: []
2026-04-27 15:19:59.702 [http-nio-8080-exec-10] DEBUG c.r.c.aspect.ServiceLoggingAspect - Метод CategoryService.getAllCategories выполнился за 1 мс
2026-04-27 15:19:59.707 [http-nio-8080-exec-1] DEBUG c.r.c.aspect.ServiceLoggingAspect - Выполнение метода: ShopService.getAllShops с аргументами: [Page request [number: 0, size 5, sort: id: ASC]]
2026-04-27 15:19:59.710 [http-nio-8080-exec-1] DEBUG c.r.c.aspect.ServiceLoggingAspect - Метод ShopService.getAllShops выполнился за 3 мс
2026-04-27 15:20:10.459 [http-nio-8080-exec-2] DEBUG c.r.c.aspect.ServiceLoggingAspect - Выполнение метода: ShopService.getAllShops с аргументами: [Page request [number: 1, size 5, sort: id: ASC]]
2026-04-27 15:20:10.464 [http-nio-8080-exec-2] DEBUG c.r.c.aspect.ServiceLoggingAspect - Метод ShopService.getAllShops выполнился за 4 мс
2026-04-27 15:20:11.132 [http-nio-8080-exec-3] DEBUG c.r.c.aspect.ServiceLoggingAspect - Выполнение метода: ShopService.getAllShops с аргументами: [Page request [number: 2, size 5, sort: id: ASC]]
2026-04-27 15:20:11.135 [http-nio-8080-exec-3] DEBUG c.r.c.aspect.ServiceLoggingAspect - Метод ShopService.getAllShops выполнился за 2 мс
2026-04-27 15:20:11.766 [http-nio-8080-exec-4] DEBUG c.r.c.aspect.ServiceLoggingAspect - Выполнение метода: ShopService.getAllShops с аргументами: [Page request [number: 1, size 5, sort: id: ASC]]
2026-04-27 15:20:11.770 [http-nio-8080-exec-4] DEBUG c.r.c.aspect.ServiceLoggingAspect - Метод ShopService.getAllShops выполнился за 3 мс
2026-04-27 15:20:12.505 [http-nio-8080-exec-5] DEBUG c.r.c.aspect.ServiceLoggingAspect - Выполнение метода: ShopService.getAllShops с аргументами: [Page request [number: 2, size 5, sort: id: ASC]]
2026-04-27 15:20:12.507 [http-nio-8080-exec-5] DEBUG c.r.c.aspect.ServiceLoggingAspect - Метод ShopService.getAllShops выполнился за 2 мс
2026-04-27 15:20:14.658 [http-nio-8080-exec-6] DEBUG c.r.c.aspect.ServiceLoggingAspect - Выполнение метода: CheeseService.getAllCheesesWithGraph с аргументами: []
2026-04-27 15:20:14.666 [http-nio-8080-exec-6] DEBUG c.r.c.aspect.ServiceLoggingAspect - Метод CheeseService.getAllCheesesWithGraph выполнился за 8 мс
2026-04-27 15:20:14.684 [http-nio-8080-exec-7] DEBUG c.r.c.aspect.ServiceLoggingAspect - Выполнение метода: ProducerService.getAllProducers с аргументами: []
2026-04-27 15:20:14.684 [http-nio-8080-exec-7] DEBUG c.r.c.aspect.ServiceLoggingAspect - Метод ProducerService.getAllProducers выполнился за 0 мс
2026-04-27 15:20:14.690 [http-nio-8080-exec-8] DEBUG c.r.c.aspect.ServiceLoggingAspect - Выполнение метода: ShopService.getAllShops с аргументами: [Page request [number: 0, size 200, sort: id: ASC]]
2026-04-27 15:20:14.692 [http-nio-8080-exec-8] DEBUG c.r.c.aspect.ServiceLoggingAspect - Метод ShopService.getAllShops выполнился за 2 мс
2026-04-27 15:20:14.700 [http-nio-8080-exec-9] DEBUG c.r.c.aspect.ServiceLoggingAspect - Выполнение метода: CategoryService.getAllCategories с аргументами: []
2026-04-27 15:20:14.702 [http-nio-8080-exec-9] DEBUG c.r.c.aspect.ServiceLoggingAspect - Метод CategoryService.getAllCategories выполнился за 2 мс
2026-04-27 15:20:14.708 [http-nio-8080-exec-10] DEBUG c.r.c.aspect.ServiceLoggingAspect - Выполнение метода: ShopService.getAllShops с аргументами: [Page request [number: 0, size 5, sort: id: ASC]]
2026-04-27 15:20:14.711 [http-nio-8080-exec-10] DEBUG c.r.c.aspect.ServiceLoggingAspect - Метод ShopService.getAllShops выполнился за 2 мс
2026-04-27 15:20:16.098 [http-nio-8080-exec-1] DEBUG c.r.c.aspect.ServiceLoggingAspect - Выполнение метода: ShopService.getAllShops с аргументами: [Page request [number: 1, size 5, sort: id: ASC]]
2026-04-27 15:20:16.102 [http-nio-8080-exec-1] DEBUG c.r.c.aspect.ServiceLoggingAspect - Метод ShopService.getAllShops выполнился за 4 мс
2026-04-27 15:20:16.438 [http-nio-8080-exec-2] DEBUG c.r.c.aspect.ServiceLoggingAspect - Выполнение метода: ShopService.getAllShops с аргументами: [Page request [number: 2, size 5, sort: id: ASC]]
2026-04-27 15:20:16.448 [http-nio-8080-exec-2] DEBUG c.r.c.aspect.ServiceLoggingAspect - Метод ShopService.getAllShops выполнился за 9 мс
2026-04-27 15:20:21.816 [http-nio-8080-exec-3] DEBUG c.r.c.aspect.ServiceLoggingAspect - Выполнение метода: ShopService.getAllShops с аргументами: [Page request [number: 1, size 5, sort: id: ASC]]
2026-04-27 15:20:21.820 [http-nio-8080-exec-3] DEBUG c.r.c.aspect.ServiceLoggingAspect - Метод ShopService.getAllShops выполнился за 4 мс
2026-04-27 15:20:22.446 [http-nio-8080-exec-4] DEBUG c.r.c.aspect.ServiceLoggingAspect - Выполнение метода: ShopService.getAllShops с аргументами: [Page request [number: 0, size 5, sort: id: ASC]]
2026-04-27 15:20:22.448 [http-nio-8080-exec-4] DEBUG c.r.c.aspect.ServiceLoggingAspect - Метод ShopService.getAllShops выполнился за 2 мс
2026-04-27 15:20:23.938 [http-nio-8080-exec-5] DEBUG c.r.c.aspect.ServiceLoggingAspect - Выполнение метода: CheeseService.getAllCheesesWithGraph с аргументами: []
2026-04-27 15:20:23.944 [http-nio-8080-exec-5] DEBUG c.r.c.aspect.ServiceLoggingAspect - Метод CheeseService.getAllCheesesWithGraph выполнился за 6 мс
2026-04-27 15:20:32.470 [http-nio-8080-exec-6] DEBUG c.r.c.aspect.ServiceLoggingAspect - Выполнение метода: CheeseService.getAllCheesesWithGraph с аргументами: []
2026-04-27 15:20:32.480 [http-nio-8080-exec-6] DEBUG c.r.c.aspect.ServiceLoggingAspect - Метод CheeseService.getAllCheesesWithGraph выполнился за 10 мс
2026-04-27 15:20:32.487 [http-nio-8080-exec-7] DEBUG c.r.c.aspect.ServiceLoggingAspect - Выполнение метода: ProducerService.getAllProducers с аргументами: []
2026-04-27 15:20:32.487 [http-nio-8080-exec-7] DEBUG c.r.c.aspect.ServiceLoggingAspect - Метод ProducerService.getAllProducers выполнился за 0 мс
2026-04-27 15:20:32.492 [http-nio-8080-exec-8] DEBUG c.r.c.aspect.ServiceLoggingAspect - Выполнение метода: ShopService.getAllShops с аргументами: [Page request [number: 0, size 200, sort: id: ASC]]
2026-04-27 15:20:32.494 [http-nio-8080-exec-8] DEBUG c.r.c.aspect.ServiceLoggingAspect - Метод ShopService.getAllShops выполнился за 2 мс
2026-04-27 15:20:32.499 [http-nio-8080-exec-9] DEBUG c.r.c.aspect.ServiceLoggingAspect - Выполнение метода: CategoryService.getAllCategories с аргументами: []
2026-04-27 15:20:32.500 [http-nio-8080-exec-9] DEBUG c.r.c.aspect.ServiceLoggingAspect - Метод CategoryService.getAllCategories выполнился за 1 мс
2026-04-27 15:20:32.504 [http-nio-8080-exec-10] DEBUG c.r.c.aspect.ServiceLoggingAspect - Выполнение метода: ShopService.getAllShops с аргументами: [Page request [number: 0, size 5, sort: id: ASC]]
2026-04-27 15:20:32.507 [http-nio-8080-exec-10] DEBUG c.r.c.aspect.ServiceLoggingAspect - Метод ShopService.getAllShops выполнился за 2 мс
2026-04-27 15:20:47.474 [http-nio-8080-exec-1] DEBUG c.r.c.aspect.ServiceLoggingAspect - Выполнение метода: CheeseService.getAllCheesesWithGraph с аргументами: []
2026-04-27 15:20:47.481 [http-nio-8080-exec-1] DEBUG c.r.c.aspect.ServiceLoggingAspect - Метод CheeseService.getAllCheesesWithGraph выполнился за 6 мс
2026-04-27 15:20:47.489 [http-nio-8080-exec-2] DEBUG c.r.c.aspect.ServiceLoggingAspect - Выполнение метода: ProducerService.getAllProducers с аргументами: []
2026-04-27 15:20:47.490 [http-nio-8080-exec-2] DEBUG c.r.c.aspect.ServiceLoggingAspect - Метод ProducerService.getAllProducers выполнился за 0 мс
2026-04-27 15:20:47.496 [http-nio-8080-exec-3] DEBUG c.r.c.aspect.ServiceLoggingAspect - Выполнение метода: ShopService.getAllShops с аргументами: [Page request [number: 0, size 200, sort: id: ASC]]
2026-04-27 15:20:47.498 [http-nio-8080-exec-3] DEBUG c.r.c.aspect.ServiceLoggingAspect - Метод ShopService.getAllShops выполнился за 2 мс
2026-04-27 15:20:47.504 [http-nio-8080-exec-4] DEBUG c.r.c.aspect.ServiceLoggingAspect - Выполнение метода: CategoryService.getAllCategories с аргументами: []
2026-04-27 15:20:47.505 [http-nio-8080-exec-4] DEBUG c.r.c.aspect.ServiceLoggingAspect - Метод CategoryService.getAllCategories выполнился за 1 мс
2026-04-27 15:20:47.511 [http-nio-8080-exec-5] DEBUG c.r.c.aspect.ServiceLoggingAspect - Выполнение метода: ShopService.getAllShops с аргументами: [Page request [number: 0, size 5, sort: id: ASC]]
2026-04-27 15:20:47.515 [http-nio-8080-exec-5] DEBUG c.r.c.aspect.ServiceLoggingAspect - Метод ShopService.getAllShops выполнился за 4 мс
2026-04-27 15:21:02.471 [http-nio-8080-exec-6] DEBUG c.r.c.aspect.ServiceLoggingAspect - Выполнение метода: CheeseService.getAllCheesesWithGraph с аргументами: []
2026-04-27 15:21:02.478 [http-nio-8080-exec-6] DEBUG c.r.c.aspect.ServiceLoggingAspect - Метод CheeseService.getAllCheesesWithGraph выполнился за 7 мс
2026-04-27 15:21:02.489 [http-nio-8080-exec-7] DEBUG c.r.c.aspect.ServiceLoggingAspect - Выполнение метода: ProducerService.getAllProducers с аргументами: []
2026-04-27 15:21:02.489 [http-nio-8080-exec-7] DEBUG c.r.c.aspect.ServiceLoggingAspect - Метод ProducerService.getAllProducers выполнился за 0 мс
2026-04-27 15:21:02.498 [http-nio-8080-exec-8] DEBUG c.r.c.aspect.ServiceLoggingAspect - Выполнение метода: ShopService.getAllShops с аргументами: [Page request [number: 0, size 200, sort: id: ASC]]
2026-04-27 15:21:02.500 [http-nio-8080-exec-8] DEBUG c.r.c.aspect.ServiceLoggingAspect - Метод ShopService.getAllShops выполнился за 2 мс
2026-04-27 15:21:02.506 [http-nio-8080-exec-9] DEBUG c.r.c.aspect.ServiceLoggingAspect - Выполнение метода: CategoryService.getAllCategories с аргументами: []
2026-04-27 15:21:02.508 [http-nio-8080-exec-9] DEBUG c.r.c.aspect.ServiceLoggingAspect - Метод CategoryService.getAllCategories выполнился за 2 мс
2026-04-27 15:21:02.515 [http-nio-8080-exec-10] DEBUG c.r.c.aspect.ServiceLoggingAspect - Выполнение метода: ShopService.getAllShops с аргументами: [Page request [number: 0, size 5, sort: id: ASC]]
2026-04-27 15:21:02.518 [http-nio-8080-exec-10] DEBUG c.r.c.aspect.ServiceLoggingAspect - Метод ShopService.getAllShops выполнился за 3 мс
2026-04-27 15:21:17.471 [http-nio-8080-exec-1] DEBUG c.r.c.aspect.ServiceLoggingAspect - Выполнение метода: CheeseService.getAllCheesesWithGraph с аргументами: []
2026-04-27 15:21:17.478 [http-nio-8080-exec-1] DEBUG c.r.c.aspect.ServiceLoggingAspect - Метод CheeseService.getAllCheesesWithGraph выполнился за 7 мс
2026-04-27 15:21:17.494 [http-nio-8080-exec-2] DEBUG c.r.c.aspect.ServiceLoggingAspect - Выполнение метода: ProducerService.getAllProducers с аргументами: []
2026-04-27 15:21:17.495 [http-nio-8080-exec-2] DEBUG c.r.c.aspect.ServiceLoggingAspect - Метод ProducerService.getAllProducers выполнился за 0 мс
2026-04-27 15:21:17.506 [http-nio-8080-exec-3] DEBUG c.r.c.aspect.ServiceLoggingAspect - Выполнение метода: ShopService.getAllShops с аргументами: [Page request [number: 0, size 200, sort: id: ASC]]
2026-04-27 15:21:17.509 [http-nio-8080-exec-3] DEBUG c.r.c.aspect.ServiceLoggingAspect - Метод ShopService.getAllShops выполнился за 3 мс
2026-04-27 15:21:17.518 [http-nio-8080-exec-4] DEBUG c.r.c.aspect.ServiceLoggingAspect - Выполнение метода: CategoryService.getAllCategories с аргументами: []
2026-04-27 15:21:17.520 [http-nio-8080-exec-4] DEBUG c.r.c.aspect.ServiceLoggingAspect - Метод CategoryService.getAllCategories выполнился за 1 мс
2026-04-27 15:21:17.532 [http-nio-8080-exec-5] DEBUG c.r.c.aspect.ServiceLoggingAspect - Выполнение метода: ShopService.getAllShops с аргументами: [Page request [number: 0, size 5, sort: id: ASC]]
2026-04-27 15:21:17.534 [http-nio-8080-exec-5] DEBUG c.r.c.aspect.ServiceLoggingAspect - Метод ShopService.getAllShops выполнился за 2 мс
2026-04-27 15:21:32.470 [http-nio-8080-exec-6] DEBUG c.r.c.aspect.ServiceLoggingAspect - Выполнение метода: CheeseService.getAllCheesesWithGraph с аргументами: []
2026-04-27 15:21:32.481 [http-nio-8080-exec-6] DEBUG c.r.c.aspect.ServiceLoggingAspect - Метод CheeseService.getAllCheesesWithGraph выполнился за 10 мс
2026-04-27 15:21:32.490 [http-nio-8080-exec-7] DEBUG c.r.c.aspect.ServiceLoggingAspect - Выполнение метода: ProducerService.getAllProducers с аргументами: []
2026-04-27 15:21:32.491 [http-nio-8080-exec-7] DEBUG c.r.c.aspect.ServiceLoggingAspect - Метод ProducerService.getAllProducers выполнился за 0 мс
2026-04-27 15:21:32.499 [http-nio-8080-exec-8] DEBUG c.r.c.aspect.ServiceLoggingAspect - Выполнение метода: ShopService.getAllShops с аргументами: [Page request [number: 0, size 200, sort: id: ASC]]
2026-04-27 15:21:32.502 [http-nio-8080-exec-8] DEBUG c.r.c.aspect.ServiceLoggingAspect - Метод ShopService.getAllShops выполнился за 3 мс
2026-04-27 15:21:32.511 [http-nio-8080-exec-9] DEBUG c.r.c.aspect.ServiceLoggingAspect - Выполнение метода: CategoryService.getAllCategories с аргументами: []
2026-04-27 15:21:32.513 [http-nio-8080-exec-9] DEBUG c.r.c.aspect.ServiceLoggingAspect - Метод CategoryService.getAllCategories выполнился за 2 мс
2026-04-27 15:21:32.519 [http-nio-8080-exec-10] DEBUG c.r.c.aspect.ServiceLoggingAspect - Выполнение метода: ShopService.getAllShops с аргументами: [Page request [number: 0, size 5, sort: id: ASC]]
2026-04-27 15:21:32.522 [http-nio-8080-exec-10] DEBUG c.r.c.aspect.ServiceLoggingAspect - Метод ShopService.getAllShops выполнился за 2 мс
2026-04-27 15:21:47.473 [http-nio-8080-exec-1] DEBUG c.r.c.aspect.ServiceLoggingAspect - Выполнение метода: CheeseService.getAllCheesesWithGraph с аргументами: []
2026-04-27 15:21:47.480 [http-nio-8080-exec-1] DEBUG c.r.c.aspect.ServiceLoggingAspect - Метод CheeseService.getAllCheesesWithGraph выполнился за 6 мс
2026-04-27 15:21:47.488 [http-nio-8080-exec-2] DEBUG c.r.c.aspect.ServiceLoggingAspect - Выполнение метода: ProducerService.getAllProducers с аргументами: []
2026-04-27 15:21:47.488 [http-nio-8080-exec-2] DEBUG c.r.c.aspect.ServiceLoggingAspect - Метод ProducerService.getAllProducers выполнился за 0 мс
2026-04-27 15:21:47.499 [http-nio-8080-exec-3] DEBUG c.r.c.aspect.ServiceLoggingAspect - Выполнение метода: ShopService.getAllShops с аргументами: [Page request [number: 0, size 200, sort: id: ASC]]
2026-04-27 15:21:47.503 [http-nio-8080-exec-3] DEBUG c.r.c.aspect.ServiceLoggingAspect - Метод ShopService.getAllShops выполнился за 3 мс
2026-04-27 15:21:47.510 [http-nio-8080-exec-4] DEBUG c.r.c.aspect.ServiceLoggingAspect - Выполнение метода: CategoryService.getAllCategories с аргументами: []
2026-04-27 15:21:47.513 [http-nio-8080-exec-4] DEBUG c.r.c.aspect.ServiceLoggingAspect - Метод CategoryService.getAllCategories выполнился за 3 мс
2026-04-27 15:21:47.521 [http-nio-8080-exec-5] DEBUG c.r.c.aspect.ServiceLoggingAspect - Выполнение метода: ShopService.getAllShops с аргументами: [Page request [number: 0, size 5, sort: id: ASC]]
2026-04-27 15:21:47.523 [http-nio-8080-exec-5] DEBUG c.r.c.aspect.ServiceLoggingAspect - Метод ShopService.getAllShops выполнился за 1 мс
2026-04-27 15:22:02.472 [http-nio-8080-exec-6] DEBUG c.r.c.aspect.ServiceLoggingAspect - Выполнение метода: CheeseService.getAllCheesesWithGraph с аргументами: []
2026-04-27 15:22:02.478 [http-nio-8080-exec-6] DEBUG c.r.c.aspect.ServiceLoggingAspect - Метод CheeseService.getAllCheesesWithGraph выполнился за 5 мс
2026-04-27 15:22:02.488 [http-nio-8080-exec-7] DEBUG c.r.c.aspect.ServiceLoggingAspect - Выполнение метода: ProducerService.getAllProducers с аргументами: []
2026-04-27 15:22:02.488 [http-nio-8080-exec-7] DEBUG c.r.c.aspect.ServiceLoggingAspect - Метод ProducerService.getAllProducers выполнился за 0 мс
2026-04-27 15:22:02.493 [http-nio-8080-exec-8] DEBUG c.r.c.aspect.ServiceLoggingAspect - Выполнение метода: ShopService.getAllShops с аргументами: [Page request [number: 0, size 200, sort: id: ASC]]
2026-04-27 15:22:02.494 [http-nio-8080-exec-8] DEBUG c.r.c.aspect.ServiceLoggingAspect - Метод ShopService.getAllShops выполнился за 1 мс
2026-04-27 15:22:02.498 [http-nio-8080-exec-9] DEBUG c.r.c.aspect.ServiceLoggingAspect - Выполнение метода: CategoryService.getAllCategories с аргументами: []
2026-04-27 15:22:02.499 [http-nio-8080-exec-9] DEBUG c.r.c.aspect.ServiceLoggingAspect - Метод CategoryService.getAllCategories выполнился за 0 мс
2026-04-27 15:22:02.502 [http-nio-8080-exec-10] DEBUG c.r.c.aspect.ServiceLoggingAspect - Выполнение метода: ShopService.getAllShops с аргументами: [Page request [number: 0, size 5, sort: id: ASC]]
2026-04-27 15:22:02.504 [http-nio-8080-exec-10] DEBUG c.r.c.aspect.ServiceLoggingAspect - Метод ShopService.getAllShops выполнился за 1 мс
2026-04-27 15:22:17.470 [http-nio-8080-exec-1] DEBUG c.r.c.aspect.ServiceLoggingAspect - Выполнение метода: CheeseService.getAllCheesesWithGraph с аргументами: []
2026-04-27 15:22:17.478 [http-nio-8080-exec-1] DEBUG c.r.c.aspect.ServiceLoggingAspect - Метод CheeseService.getAllCheesesWithGraph выполнился за 7 мс
2026-04-27 15:22:17.487 [http-nio-8080-exec-2] DEBUG c.r.c.aspect.ServiceLoggingAspect - Выполнение метода: ProducerService.getAllProducers с аргументами: []
2026-04-27 15:22:17.487 [http-nio-8080-exec-2] DEBUG c.r.c.aspect.ServiceLoggingAspect - Метод ProducerService.getAllProducers выполнился за 0 мс
2026-04-27 15:22:17.495 [http-nio-8080-exec-3] DEBUG c.r.c.aspect.ServiceLoggingAspect - Выполнение метода: ShopService.getAllShops с аргументами: [Page request [number: 0, size 200, sort: id: ASC]]
2026-04-27 15:22:17.497 [http-nio-8080-exec-3] DEBUG c.r.c.aspect.ServiceLoggingAspect - Метод ShopService.getAllShops выполнился за 1 мс
2026-04-27 15:22:17.502 [http-nio-8080-exec-4] DEBUG c.r.c.aspect.ServiceLoggingAspect - Выполнение метода: CategoryService.getAllCategories с аргументами: []
2026-04-27 15:22:17.503 [http-nio-8080-exec-4] DEBUG c.r.c.aspect.ServiceLoggingAspect - Метод CategoryService.getAllCategories выполнился за 1 мс
2026-04-27 15:22:17.507 [http-nio-8080-exec-5] DEBUG c.r.c.aspect.ServiceLoggingAspect - Выполнение метода: ShopService.getAllShops с аргументами: [Page request [number: 0, size 5, sort: id: ASC]]
2026-04-27 15:22:17.514 [http-nio-8080-exec-5] DEBUG c.r.c.aspect.ServiceLoggingAspect - Метод ShopService.getAllShops выполнился за 7 мс
2026-04-27 15:22:32.471 [http-nio-8080-exec-6] DEBUG c.r.c.aspect.ServiceLoggingAspect - Выполнение метода: CheeseService.getAllCheesesWithGraph с аргументами: []
2026-04-27 15:22:32.477 [http-nio-8080-exec-6] DEBUG c.r.c.aspect.ServiceLoggingAspect - Метод CheeseService.getAllCheesesWithGraph выполнился за 6 мс
2026-04-27 15:22:32.503 [http-nio-8080-exec-7] DEBUG c.r.c.aspect.ServiceLoggingAspect - Выполнение метода: ProducerService.getAllProducers с аргументами: []
2026-04-27 15:22:32.505 [http-nio-8080-exec-7] DEBUG c.r.c.aspect.ServiceLoggingAspect - Метод ProducerService.getAllProducers выполнился за 1 мс
2026-04-27 15:22:32.514 [http-nio-8080-exec-8] DEBUG c.r.c.aspect.ServiceLoggingAspect - Выполнение метода: ShopService.getAllShops с аргументами: [Page request [number: 0, size 200, sort: id: ASC]]
2026-04-27 15:22:32.518 [http-nio-8080-exec-8] DEBUG c.r.c.aspect.ServiceLoggingAspect - Метод ShopService.getAllShops выполнился за 3 мс
2026-04-27 15:22:32.522 [http-nio-8080-exec-9] DEBUG c.r.c.aspect.ServiceLoggingAspect - Выполнение метода: CategoryService.getAllCategories с аргументами: []
2026-04-27 15:22:32.523 [http-nio-8080-exec-9] DEBUG c.r.c.aspect.ServiceLoggingAspect - Метод CategoryService.getAllCategories выполнился за 0 мс
2026-04-27 15:22:32.526 [http-nio-8080-exec-10] DEBUG c.r.c.aspect.ServiceLoggingAspect - Выполнение метода: ShopService.getAllShops с аргументами: [Page request [number: 0, size 5, sort: id: ASC]]
2026-04-27 15:22:32.528 [http-nio-8080-exec-10] DEBUG c.r.c.aspect.ServiceLoggingAspect - Метод ShopService.getAllShops выполнился за 1 мс
2026-04-27 15:22:47.473 [http-nio-8080-exec-1] DEBUG c.r.c.aspect.ServiceLoggingAspect - Выполнение метода: CheeseService.getAllCheesesWithGraph с аргументами: []
2026-04-27 15:22:47.482 [http-nio-8080-exec-1] DEBUG c.r.c.aspect.ServiceLoggingAspect - Метод CheeseService.getAllCheesesWithGraph выполнился за 9 мс
2026-04-27 15:22:47.492 [http-nio-8080-exec-2] DEBUG c.r.c.aspect.ServiceLoggingAspect - Выполнение метода: ProducerService.getAllProducers с аргументами: []
2026-04-27 15:22:47.492 [http-nio-8080-exec-2] DEBUG c.r.c.aspect.ServiceLoggingAspect - Метод ProducerService.getAllProducers выполнился за 0 мс
2026-04-27 15:22:47.498 [http-nio-8080-exec-3] DEBUG c.r.c.aspect.ServiceLoggingAspect - Выполнение метода: ShopService.getAllShops с аргументами: [Page request [number: 0, size 200, sort: id: ASC]]
2026-04-27 15:22:47.501 [http-nio-8080-exec-3] DEBUG c.r.c.aspect.ServiceLoggingAspect - Метод ShopService.getAllShops выполнился за 3 мс
2026-04-27 15:22:47.507 [http-nio-8080-exec-4] DEBUG c.r.c.aspect.ServiceLoggingAspect - Выполнение метода: CategoryService.getAllCategories с аргументами: []
2026-04-27 15:22:47.509 [http-nio-8080-exec-4] DEBUG c.r.c.aspect.ServiceLoggingAspect - Метод CategoryService.getAllCategories выполнился за 1 мс
2026-04-27 15:22:47.515 [http-nio-8080-exec-5] DEBUG c.r.c.aspect.ServiceLoggingAspect - Выполнение метода: ShopService.getAllShops с аргументами: [Page request [number: 0, size 5, sort: id: ASC]]
2026-04-27 15:22:47.518 [http-nio-8080-exec-5] DEBUG c.r.c.aspect.ServiceLoggingAspect - Метод ShopService.getAllShops выполнился за 2 мс
2026-04-27 15:23:02.506 [http-nio-8080-exec-6] DEBUG c.r.c.aspect.ServiceLoggingAspect - Выполнение метода: CheeseService.getAllCheesesWithGraph с аргументами: []
2026-04-27 15:23:02.516 [http-nio-8080-exec-6] DEBUG c.r.c.aspect.ServiceLoggingAspect - Метод CheeseService.getAllCheesesWithGraph выполнился за 10 мс
2026-04-27 15:23:02.526 [http-nio-8080-exec-7] DEBUG c.r.c.aspect.ServiceLoggingAspect - Выполнение метода: ProducerService.getAllProducers с аргументами: []
2026-04-27 15:23:02.526 [http-nio-8080-exec-7] DEBUG c.r.c.aspect.ServiceLoggingAspect - Метод ProducerService.getAllProducers выполнился за 0 мс
2026-04-27 15:23:02.535 [http-nio-8080-exec-8] DEBUG c.r.c.aspect.ServiceLoggingAspect - Выполнение метода: ShopService.getAllShops с аргументами: [Page request [number: 0, size 200, sort: id: ASC]]
2026-04-27 15:23:02.537 [http-nio-8080-exec-8] DEBUG c.r.c.aspect.ServiceLoggingAspect - Метод ShopService.getAllShops выполнился за 2 мс
2026-04-27 15:23:02.543 [http-nio-8080-exec-9] DEBUG c.r.c.aspect.ServiceLoggingAspect - Выполнение метода: CategoryService.getAllCategories с аргументами: []
2026-04-27 15:23:02.544 [http-nio-8080-exec-9] DEBUG c.r.c.aspect.ServiceLoggingAspect - Метод CategoryService.getAllCategories выполнился за 1 мс
2026-04-27 15:23:02.553 [http-nio-8080-exec-10] DEBUG c.r.c.aspect.ServiceLoggingAspect - Выполнение метода: ShopService.getAllShops с аргументами: [Page request [number: 0, size 5, sort: id: ASC]]
2026-04-27 15:23:02.556 [http-nio-8080-exec-10] DEBUG c.r.c.aspect.ServiceLoggingAspect - Метод ShopService.getAllShops выполнился за 3 мс
2026-04-27 15:23:08.553 [http-nio-8080-exec-1] DEBUG c.r.c.aspect.ServiceLoggingAspect - Выполнение метода: ShopService.getAllShops с аргументами: [Page request [number: 1, size 5, sort: id: ASC]]
2026-04-27 15:23:08.563 [http-nio-8080-exec-1] DEBUG c.r.c.aspect.ServiceLoggingAspect - Метод ShopService.getAllShops выполнился за 10 мс
2026-04-27 15:23:13.107 [http-nio-8080-exec-2] DEBUG c.r.c.aspect.ServiceLoggingAspect - Выполнение метода: ShopService.getAllShops с аргументами: [Page request [number: 2, size 5, sort: id: ASC]]
2026-04-27 15:23:13.111 [http-nio-8080-exec-2] DEBUG c.r.c.aspect.ServiceLoggingAspect - Метод ShopService.getAllShops выполнился за 3 мс
2026-04-27 15:23:16.311 [http-nio-8080-exec-3] DEBUG c.r.c.aspect.ServiceLoggingAspect - Выполнение метода: ShopService.getAllShops с аргументами: [Page request [number: 2, size 5, sort: id: ASC]]
2026-04-27 15:23:16.313 [http-nio-8080-exec-3] DEBUG c.r.c.aspect.ServiceLoggingAspect - Метод ShopService.getAllShops выполнился за 2 мс
2026-04-27 15:23:18.162 [http-nio-8080-exec-4] DEBUG c.r.c.aspect.ServiceLoggingAspect - Выполнение метода: CheeseService.getAllCheesesWithGraph с аргументами: []
2026-04-27 15:23:18.172 [http-nio-8080-exec-4] DEBUG c.r.c.aspect.ServiceLoggingAspect - Метод CheeseService.getAllCheesesWithGraph выполнился за 9 мс
2026-04-27 15:23:18.182 [http-nio-8080-exec-5] DEBUG c.r.c.aspect.ServiceLoggingAspect - Выполнение метода: ProducerService.getAllProducers с аргументами: []
2026-04-27 15:23:18.182 [http-nio-8080-exec-5] DEBUG c.r.c.aspect.ServiceLoggingAspect - Метод ProducerService.getAllProducers выполнился за 0 мс
2026-04-27 15:23:18.188 [http-nio-8080-exec-6] DEBUG c.r.c.aspect.ServiceLoggingAspect - Выполнение метода: ShopService.getAllShops с аргументами: [Page request [number: 0, size 200, sort: id: ASC]]
2026-04-27 15:23:18.189 [http-nio-8080-exec-6] DEBUG c.r.c.aspect.ServiceLoggingAspect - Метод ShopService.getAllShops выполнился за 1 мс
2026-04-27 15:23:18.194 [http-nio-8080-exec-7] DEBUG c.r.c.aspect.ServiceLoggingAspect - Выполнение метода: CategoryService.getAllCategories с аргументами: []
2026-04-27 15:23:18.195 [http-nio-8080-exec-7] DEBUG c.r.c.aspect.ServiceLoggingAspect - Метод CategoryService.getAllCategories выполнился за 1 мс
2026-04-27 15:23:18.200 [http-nio-8080-exec-8] DEBUG c.r.c.aspect.ServiceLoggingAspect - Выполнение метода: ShopService.getAllShops с аргументами: [Page request [number: 0, size 5, sort: id: ASC]]
2026-04-27 15:23:18.201 [http-nio-8080-exec-8] DEBUG c.r.c.aspect.ServiceLoggingAspect - Метод ShopService.getAllShops выполнился за 1 мс
2026-04-27 15:23:27.674 [http-nio-8080-exec-9] DEBUG c.r.c.aspect.ServiceLoggingAspect - Выполнение метода: ShopService.getAllShops с аргументами: [Page request [number: 1, size 5, sort: id: ASC]]
2026-04-27 15:23:27.679 [http-nio-8080-exec-9] DEBUG c.r.c.aspect.ServiceLoggingAspect - Метод ShopService.getAllShops выполнился за 4 мс
2026-04-27 15:23:32.470 [http-nio-8080-exec-10] DEBUG c.r.c.aspect.ServiceLoggingAspect - Выполнение метода: CheeseService.getAllCheesesWithGraph с аргументами: []
2026-04-27 15:23:32.476 [http-nio-8080-exec-10] DEBUG c.r.c.aspect.ServiceLoggingAspect - Метод CheeseService.getAllCheesesWithGraph выполнился за 5 мс
2026-04-27 15:23:32.485 [http-nio-8080-exec-1] DEBUG c.r.c.aspect.ServiceLoggingAspect - Выполнение метода: ProducerService.getAllProducers с аргументами: []
2026-04-27 15:23:32.485 [http-nio-8080-exec-1] DEBUG c.r.c.aspect.ServiceLoggingAspect - Метод ProducerService.getAllProducers выполнился за 0 мс
2026-04-27 15:23:32.492 [http-nio-8080-exec-2] DEBUG c.r.c.aspect.ServiceLoggingAspect - Выполнение метода: ShopService.getAllShops с аргументами: [Page request [number: 0, size 200, sort: id: ASC]]
2026-04-27 15:23:32.495 [http-nio-8080-exec-2] DEBUG c.r.c.aspect.ServiceLoggingAspect - Метод ShopService.getAllShops выполнился за 3 мс
2026-04-27 15:23:32.501 [http-nio-8080-exec-3] DEBUG c.r.c.aspect.ServiceLoggingAspect - Выполнение метода: CategoryService.getAllCategories с аргументами: []
2026-04-27 15:23:32.503 [http-nio-8080-exec-3] DEBUG c.r.c.aspect.ServiceLoggingAspect - Метод CategoryService.getAllCategories выполнился за 1 мс
2026-04-27 15:23:32.510 [http-nio-8080-exec-4] DEBUG c.r.c.aspect.ServiceLoggingAspect - Выполнение метода: ShopService.getAllShops с аргументами: [Page request [number: 0, size 5, sort: id: ASC]]
2026-04-27 15:23:32.513 [http-nio-8080-exec-4] DEBUG c.r.c.aspect.ServiceLoggingAspect - Метод ShopService.getAllShops выполнился за 2 мс
2026-04-27 15:23:47.473 [http-nio-8080-exec-5] DEBUG c.r.c.aspect.ServiceLoggingAspect - Выполнение метода: CheeseService.getAllCheesesWithGraph с аргументами: []
2026-04-27 15:23:47.479 [http-nio-8080-exec-5] DEBUG c.r.c.aspect.ServiceLoggingAspect - Метод CheeseService.getAllCheesesWithGraph выполнился за 6 мс
2026-04-27 15:23:47.487 [http-nio-8080-exec-6] DEBUG c.r.c.aspect.ServiceLoggingAspect - Выполнение метода: ProducerService.getAllProducers с аргументами: []
2026-04-27 15:23:47.487 [http-nio-8080-exec-6] DEBUG c.r.c.aspect.ServiceLoggingAspect - Метод ProducerService.getAllProducers выполнился за 0 мс
2026-04-27 15:23:47.492 [http-nio-8080-exec-7] DEBUG c.r.c.aspect.ServiceLoggingAspect - Выполнение метода: ShopService.getAllShops с аргументами: [Page request [number: 0, size 200, sort: id: ASC]]
2026-04-27 15:23:47.494 [http-nio-8080-exec-7] DEBUG c.r.c.aspect.ServiceLoggingAspect - Метод ShopService.getAllShops выполнился за 2 мс
2026-04-27 15:23:47.499 [http-nio-8080-exec-8] DEBUG c.r.c.aspect.ServiceLoggingAspect - Выполнение метода: CategoryService.getAllCategories с аргументами: []
2026-04-27 15:23:47.500 [http-nio-8080-exec-8] DEBUG c.r.c.aspect.ServiceLoggingAspect - Метод CategoryService.getAllCategories выполнился за 1 мс
2026-04-27 15:23:47.504 [http-nio-8080-exec-9] DEBUG c.r.c.aspect.ServiceLoggingAspect - Выполнение метода: ShopService.getAllShops с аргументами: [Page request [number: 0, size 5, sort: id: ASC]]
2026-04-27 15:23:47.506 [http-nio-8080-exec-9] DEBUG c.r.c.aspect.ServiceLoggingAspect - Метод ShopService.getAllShops выполнился за 2 мс
2026-04-27 15:24:02.472 [http-nio-8080-exec-10] DEBUG c.r.c.aspect.ServiceLoggingAspect - Выполнение метода: CheeseService.getAllCheesesWithGraph с аргументами: []
2026-04-27 15:24:02.478 [http-nio-8080-exec-10] DEBUG c.r.c.aspect.ServiceLoggingAspect - Метод CheeseService.getAllCheesesWithGraph выполнился за 6 мс
2026-04-27 15:24:02.487 [http-nio-8080-exec-1] DEBUG c.r.c.aspect.ServiceLoggingAspect - Выполнение метода: ProducerService.getAllProducers с аргументами: []
2026-04-27 15:24:02.488 [http-nio-8080-exec-1] DEBUG c.r.c.aspect.ServiceLoggingAspect - Метод ProducerService.getAllProducers выполнился за 0 мс
2026-04-27 15:24:02.493 [http-nio-8080-exec-2] DEBUG c.r.c.aspect.ServiceLoggingAspect - Выполнение метода: ShopService.getAllShops с аргументами: [Page request [number: 0, size 200, sort: id: ASC]]
2026-04-27 15:24:02.495 [http-nio-8080-exec-2] DEBUG c.r.c.aspect.ServiceLoggingAspect - Метод ShopService.getAllShops выполнился за 2 мс
2026-04-27 15:24:02.502 [http-nio-8080-exec-3] DEBUG c.r.c.aspect.ServiceLoggingAspect - Выполнение метода: CategoryService.getAllCategories с аргументами: []
2026-04-27 15:24:02.503 [http-nio-8080-exec-3] DEBUG c.r.c.aspect.ServiceLoggingAspect - Метод CategoryService.getAllCategories выполнился за 1 мс
2026-04-27 15:24:02.509 [http-nio-8080-exec-4] DEBUG c.r.c.aspect.ServiceLoggingAspect - Выполнение метода: ShopService.getAllShops с аргументами: [Page request [number: 0, size 5, sort: id: ASC]]
2026-04-27 15:24:02.513 [http-nio-8080-exec-4] DEBUG c.r.c.aspect.ServiceLoggingAspect - Метод ShopService.getAllShops выполнился за 3 мс
2026-04-27 15:24:17.481 [http-nio-8080-exec-5] DEBUG c.r.c.aspect.ServiceLoggingAspect - Выполнение метода: CheeseService.getAllCheesesWithGraph с аргументами: []
2026-04-27 15:24:17.488 [http-nio-8080-exec-5] DEBUG c.r.c.aspect.ServiceLoggingAspect - Метод CheeseService.getAllCheesesWithGraph выполнился за 6 мс
2026-04-27 15:24:17.496 [http-nio-8080-exec-6] DEBUG c.r.c.aspect.ServiceLoggingAspect - Выполнение метода: ProducerService.getAllProducers с аргументами: []
2026-04-27 15:24:17.496 [http-nio-8080-exec-6] DEBUG c.r.c.aspect.ServiceLoggingAspect - Метод ProducerService.getAllProducers выполнился за 0 мс
2026-04-27 15:24:17.502 [http-nio-8080-exec-7] DEBUG c.r.c.aspect.ServiceLoggingAspect - Выполнение метода: ShopService.getAllShops с аргументами: [Page request [number: 0, size 200, sort: id: ASC]]
2026-04-27 15:24:17.504 [http-nio-8080-exec-7] DEBUG c.r.c.aspect.ServiceLoggingAspect - Метод ShopService.getAllShops выполнился за 2 мс
2026-04-27 15:24:17.510 [http-nio-8080-exec-8] DEBUG c.r.c.aspect.ServiceLoggingAspect - Выполнение метода: CategoryService.getAllCategories с аргументами: []
2026-04-27 15:24:17.512 [http-nio-8080-exec-8] DEBUG c.r.c.aspect.ServiceLoggingAspect - Метод CategoryService.getAllCategories выполнился за 2 мс
2026-04-27 15:24:17.520 [http-nio-8080-exec-9] DEBUG c.r.c.aspect.ServiceLoggingAspect - Выполнение метода: ShopService.getAllShops с аргументами: [Page request [number: 0, size 5, sort: id: ASC]]
2026-04-27 15:24:17.522 [http-nio-8080-exec-9] DEBUG c.r.c.aspect.ServiceLoggingAspect - Метод ShopService.getAllShops выполнился за 1 мс
2026-04-27 15:24:32.472 [http-nio-8080-exec-10] DEBUG c.r.c.aspect.ServiceLoggingAspect - Выполнение метода: CheeseService.getAllCheesesWithGraph с аргументами: []
2026-04-27 15:24:32.478 [http-nio-8080-exec-10] DEBUG c.r.c.aspect.ServiceLoggingAspect - Метод CheeseService.getAllCheesesWithGraph выполнился за 6 мс
2026-04-27 15:24:32.488 [http-nio-8080-exec-1] DEBUG c.r.c.aspect.ServiceLoggingAspect - Выполнение метода: ProducerService.getAllProducers с аргументами: []
2026-04-27 15:24:32.489 [http-nio-8080-exec-1] DEBUG c.r.c.aspect.ServiceLoggingAspect - Метод ProducerService.getAllProducers выполнился за 0 мс
2026-04-27 15:24:32.494 [http-nio-8080-exec-2] DEBUG c.r.c.aspect.ServiceLoggingAspect - Выполнение метода: ShopService.getAllShops с аргументами: [Page request [number: 0, size 200, sort: id: ASC]]
2026-04-27 15:24:32.496 [http-nio-8080-exec-2] DEBUG c.r.c.aspect.ServiceLoggingAspect - Метод ShopService.getAllShops выполнился за 1 мс
2026-04-27 15:24:32.501 [http-nio-8080-exec-3] DEBUG c.r.c.aspect.ServiceLoggingAspect - Выполнение метода: CategoryService.getAllCategories с аргументами: []
2026-04-27 15:24:32.503 [http-nio-8080-exec-3] DEBUG c.r.c.aspect.ServiceLoggingAspect - Метод CategoryService.getAllCategories выполнился за 1 мс
2026-04-27 15:24:32.507 [http-nio-8080-exec-4] DEBUG c.r.c.aspect.ServiceLoggingAspect - Выполнение метода: ShopService.getAllShops с аргументами: [Page request [number: 0, size 5, sort: id: ASC]]
2026-04-27 15:24:32.511 [http-nio-8080-exec-4] DEBUG c.r.c.aspect.ServiceLoggingAspect - Метод ShopService.getAllShops выполнился за 3 мс
2026-04-27 15:24:47.470 [http-nio-8080-exec-5] DEBUG c.r.c.aspect.ServiceLoggingAspect - Выполнение метода: CheeseService.getAllCheesesWithGraph с аргументами: []
2026-04-27 15:24:47.475 [http-nio-8080-exec-5] DEBUG c.r.c.aspect.ServiceLoggingAspect - Метод CheeseService.getAllCheesesWithGraph выполнился за 4 мс
2026-04-27 15:24:47.486 [http-nio-8080-exec-6] DEBUG c.r.c.aspect.ServiceLoggingAspect - Выполнение метода: ProducerService.getAllProducers с аргументами: []
2026-04-27 15:24:47.486 [http-nio-8080-exec-6] DEBUG c.r.c.aspect.ServiceLoggingAspect - Метод ProducerService.getAllProducers выполнился за 0 мс
2026-04-27 15:24:47.492 [http-nio-8080-exec-7] DEBUG c.r.c.aspect.ServiceLoggingAspect - Выполнение метода: ShopService.getAllShops с аргументами: [Page request [number: 0, size 200, sort: id: ASC]]
2026-04-27 15:24:47.495 [http-nio-8080-exec-7] DEBUG c.r.c.aspect.ServiceLoggingAspect - Метод ShopService.getAllShops выполнился за 2 мс
2026-04-27 15:24:47.499 [http-nio-8080-exec-8] DEBUG c.r.c.aspect.ServiceLoggingAspect - Выполнение метода: CategoryService.getAllCategories с аргументами: []
2026-04-27 15:24:47.501 [http-nio-8080-exec-8] DEBUG c.r.c.aspect.ServiceLoggingAspect - Метод CategoryService.getAllCategories выполнился за 1 мс
2026-04-27 15:24:47.505 [http-nio-8080-exec-9] DEBUG c.r.c.aspect.ServiceLoggingAspect - Выполнение метода: ShopService.getAllShops с аргументами: [Page request [number: 0, size 5, sort: id: ASC]]
2026-04-27 15:24:47.506 [http-nio-8080-exec-9] DEBUG c.r.c.aspect.ServiceLoggingAspect - Метод ShopService.getAllShops выполнился за 1 мс
2026-04-27 15:25:02.473 [http-nio-8080-exec-10] DEBUG c.r.c.aspect.ServiceLoggingAspect - Выполнение метода: CheeseService.getAllCheesesWithGraph с аргументами: []
2026-04-27 15:25:02.478 [http-nio-8080-exec-10] DEBUG c.r.c.aspect.ServiceLoggingAspect - Метод CheeseService.getAllCheesesWithGraph выполнился за 5 мс
2026-04-27 15:25:02.488 [http-nio-8080-exec-1] DEBUG c.r.c.aspect.ServiceLoggingAspect - Выполнение метода: ProducerService.getAllProducers с аргументами: []
2026-04-27 15:25:02.488 [http-nio-8080-exec-1] DEBUG c.r.c.aspect.ServiceLoggingAspect - Метод ProducerService.getAllProducers выполнился за 0 мс
2026-04-27 15:25:02.493 [http-nio-8080-exec-2] DEBUG c.r.c.aspect.ServiceLoggingAspect - Выполнение метода: ShopService.getAllShops с аргументами: [Page request [number: 0, size 200, sort: id: ASC]]
2026-04-27 15:25:02.495 [http-nio-8080-exec-2] DEBUG c.r.c.aspect.ServiceLoggingAspect - Метод ShopService.getAllShops выполнился за 1 мс
2026-04-27 15:25:02.499 [http-nio-8080-exec-3] DEBUG c.r.c.aspect.ServiceLoggingAspect - Выполнение метода: CategoryService.getAllCategories с аргументами: []
2026-04-27 15:25:02.500 [http-nio-8080-exec-3] DEBUG c.r.c.aspect.ServiceLoggingAspect - Метод CategoryService.getAllCategories выполнился за 1 мс
2026-04-27 15:25:02.504 [http-nio-8080-exec-4] DEBUG c.r.c.aspect.ServiceLoggingAspect - Выполнение метода: ShopService.getAllShops с аргументами: [Page request [number: 0, size 5, sort: id: ASC]]
2026-04-27 15:25:02.505 [http-nio-8080-exec-4] DEBUG c.r.c.aspect.ServiceLoggingAspect - Метод ShopService.getAllShops выполнился за 1 мс
2026-04-27 15:25:17.473 [http-nio-8080-exec-5] DEBUG c.r.c.aspect.ServiceLoggingAspect - Выполнение метода: CheeseService.getAllCheesesWithGraph с аргументами: []
2026-04-27 15:25:17.479 [http-nio-8080-exec-5] DEBUG c.r.c.aspect.ServiceLoggingAspect - Метод CheeseService.getAllCheesesWithGraph выполнился за 5 мс
2026-04-27 15:25:17.487 [http-nio-8080-exec-6] DEBUG c.r.c.aspect.ServiceLoggingAspect - Выполнение метода: ProducerService.getAllProducers с аргументами: []
2026-04-27 15:25:17.487 [http-nio-8080-exec-6] DEBUG c.r.c.aspect.ServiceLoggingAspect - Метод ProducerService.getAllProducers выполнился за 0 мс
2026-04-27 15:25:17.493 [http-nio-8080-exec-7] DEBUG c.r.c.aspect.ServiceLoggingAspect - Выполнение метода: ShopService.getAllShops с аргументами: [Page request [number: 0, size 200, sort: id: ASC]]
2026-04-27 15:25:17.495 [http-nio-8080-exec-7] DEBUG c.r.c.aspect.ServiceLoggingAspect - Метод ShopService.getAllShops выполнился за 1 мс
2026-04-27 15:25:17.499 [http-nio-8080-exec-8] DEBUG c.r.c.aspect.ServiceLoggingAspect - Выполнение метода: CategoryService.getAllCategories с аргументами: []
2026-04-27 15:25:17.500 [http-nio-8080-exec-8] DEBUG c.r.c.aspect.ServiceLoggingAspect - Метод CategoryService.getAllCategories выполнился за 1 мс
2026-04-27 15:25:17.504 [http-nio-8080-exec-9] DEBUG c.r.c.aspect.ServiceLoggingAspect - Выполнение метода: ShopService.getAllShops с аргументами: [Page request [number: 0, size 5, sort: id: ASC]]
2026-04-27 15:25:17.505 [http-nio-8080-exec-9] DEBUG c.r.c.aspect.ServiceLoggingAspect - Метод ShopService.getAllShops выполнился за 1 мс
2026-04-27 15:25:32.470 [http-nio-8080-exec-10] DEBUG c.r.c.aspect.ServiceLoggingAspect - Выполнение метода: CheeseService.getAllCheesesWithGraph с аргументами: []
2026-04-27 15:25:32.476 [http-nio-8080-exec-10] DEBUG c.r.c.aspect.ServiceLoggingAspect - Метод CheeseService.getAllCheesesWithGraph выполнился за 6 мс
2026-04-27 15:25:32.487 [http-nio-8080-exec-1] DEBUG c.r.c.aspect.ServiceLoggingAspect - Выполнение метода: ProducerService.getAllProducers с аргументами: []
2026-04-27 15:25:32.487 [http-nio-8080-exec-1] DEBUG c.r.c.aspect.ServiceLoggingAspect - Метод ProducerService.getAllProducers выполнился за 0 мс
2026-04-27 15:25:32.494 [http-nio-8080-exec-2] DEBUG c.r.c.aspect.ServiceLoggingAspect - Выполнение метода: ShopService.getAllShops с аргументами: [Page request [number: 0, size 200, sort: id: ASC]]
2026-04-27 15:25:32.496 [http-nio-8080-exec-2] DEBUG c.r.c.aspect.ServiceLoggingAspect - Метод ShopService.getAllShops выполнился за 2 мс
2026-04-27 15:25:32.501 [http-nio-8080-exec-3] DEBUG c.r.c.aspect.ServiceLoggingAspect - Выполнение метода: CategoryService.getAllCategories с аргументами: []
2026-04-27 15:25:32.502 [http-nio-8080-exec-3] DEBUG c.r.c.aspect.ServiceLoggingAspect - Метод CategoryService.getAllCategories выполнился за 1 мс
2026-04-27 15:25:32.506 [http-nio-8080-exec-4] DEBUG c.r.c.aspect.ServiceLoggingAspect - Выполнение метода: ShopService.getAllShops с аргументами: [Page request [number: 0, size 5, sort: id: ASC]]
2026-04-27 15:25:32.508 [http-nio-8080-exec-4] DEBUG c.r.c.aspect.ServiceLoggingAspect - Метод ShopService.getAllShops выполнился за 1 мс
2026-04-27 15:25:47.470 [http-nio-8080-exec-5] DEBUG c.r.c.aspect.ServiceLoggingAspect - Выполнение метода: CheeseService.getAllCheesesWithGraph с аргументами: []
2026-04-27 15:25:47.474 [http-nio-8080-exec-5] DEBUG c.r.c.aspect.ServiceLoggingAspect - Метод CheeseService.getAllCheesesWithGraph выполнился за 4 мс
2026-04-27 15:25:47.485 [http-nio-8080-exec-6] DEBUG c.r.c.aspect.ServiceLoggingAspect - Выполнение метода: ProducerService.getAllProducers с аргументами: []
2026-04-27 15:25:47.485 [http-nio-8080-exec-6] DEBUG c.r.c.aspect.ServiceLoggingAspect - Метод ProducerService.getAllProducers выполнился за 0 мс
2026-04-27 15:25:47.491 [http-nio-8080-exec-7] DEBUG c.r.c.aspect.ServiceLoggingAspect - Выполнение метода: ShopService.getAllShops с аргументами: [Page request [number: 0, size 200, sort: id: ASC]]
2026-04-27 15:25:47.492 [http-nio-8080-exec-7] DEBUG c.r.c.aspect.ServiceLoggingAspect - Метод ShopService.getAllShops выполнился за 1 мс
2026-04-27 15:25:47.500 [http-nio-8080-exec-8] DEBUG c.r.c.aspect.ServiceLoggingAspect - Выполнение метода: CategoryService.getAllCategories с аргументами: []
2026-04-27 15:25:47.501 [http-nio-8080-exec-8] DEBUG c.r.c.aspect.ServiceLoggingAspect - Метод CategoryService.getAllCategories выполнился за 1 мс
2026-04-27 15:25:47.506 [http-nio-8080-exec-9] DEBUG c.r.c.aspect.ServiceLoggingAspect - Выполнение метода: ShopService.getAllShops с аргументами: [Page request [number: 0, size 5, sort: id: ASC]]
2026-04-27 15:25:47.508 [http-nio-8080-exec-9] DEBUG c.r.c.aspect.ServiceLoggingAspect - Метод ShopService.getAllShops выполнился за 2 мс
2026-04-27 15:26:02.471 [http-nio-8080-exec-10] DEBUG c.r.c.aspect.ServiceLoggingAspect - Выполнение метода: CheeseService.getAllCheesesWithGraph с аргументами: []
2026-04-27 15:26:02.475 [http-nio-8080-exec-10] DEBUG c.r.c.aspect.ServiceLoggingAspect - Метод CheeseService.getAllCheesesWithGraph выполнился за 4 мс
2026-04-27 15:26:02.486 [http-nio-8080-exec-1] DEBUG c.r.c.aspect.ServiceLoggingAspect - Выполнение метода: ProducerService.getAllProducers с аргументами: []
2026-04-27 15:26:02.486 [http-nio-8080-exec-1] DEBUG c.r.c.aspect.ServiceLoggingAspect - Метод ProducerService.getAllProducers выполнился за 0 мс
2026-04-27 15:26:02.491 [http-nio-8080-exec-2] DEBUG c.r.c.aspect.ServiceLoggingAspect - Выполнение метода: ShopService.getAllShops с аргументами: [Page request [number: 0, size 200, sort: id: ASC]]
2026-04-27 15:26:02.493 [http-nio-8080-exec-2] DEBUG c.r.c.aspect.ServiceLoggingAspect - Метод ShopService.getAllShops выполнился за 1 мс
2026-04-27 15:26:02.498 [http-nio-8080-exec-3] DEBUG c.r.c.aspect.ServiceLoggingAspect - Выполнение метода: CategoryService.getAllCategories с аргументами: []
2026-04-27 15:26:02.499 [http-nio-8080-exec-3] DEBUG c.r.c.aspect.ServiceLoggingAspect - Метод CategoryService.getAllCategories выполнился за 1 мс
2026-04-27 15:26:02.502 [http-nio-8080-exec-4] DEBUG c.r.c.aspect.ServiceLoggingAspect - Выполнение метода: ShopService.getAllShops с аргументами: [Page request [number: 0, size 5, sort: id: ASC]]
2026-04-27 15:26:02.504 [http-nio-8080-exec-4] DEBUG c.r.c.aspect.ServiceLoggingAspect - Метод ShopService.getAllShops выполнился за 1 мс
2026-04-27 15:26:17.469 [http-nio-8080-exec-5] DEBUG c.r.c.aspect.ServiceLoggingAspect - Выполнение метода: CheeseService.getAllCheesesWithGraph с аргументами: []
2026-04-27 15:26:17.474 [http-nio-8080-exec-5] DEBUG c.r.c.aspect.ServiceLoggingAspect - Метод CheeseService.getAllCheesesWithGraph выполнился за 4 мс
2026-04-27 15:26:17.485 [http-nio-8080-exec-6] DEBUG c.r.c.aspect.ServiceLoggingAspect - Выполнение метода: ProducerService.getAllProducers с аргументами: []
2026-04-27 15:26:17.485 [http-nio-8080-exec-6] DEBUG c.r.c.aspect.ServiceLoggingAspect - Метод ProducerService.getAllProducers выполнился за 0 мс
2026-04-27 15:26:17.493 [http-nio-8080-exec-7] DEBUG c.r.c.aspect.ServiceLoggingAspect - Выполнение метода: ShopService.getAllShops с аргументами: [Page request [number: 0, size 200, sort: id: ASC]]
2026-04-27 15:26:17.496 [http-nio-8080-exec-7] DEBUG c.r.c.aspect.ServiceLoggingAspect - Метод ShopService.getAllShops выполнился за 2 мс
2026-04-27 15:26:17.502 [http-nio-8080-exec-8] DEBUG c.r.c.aspect.ServiceLoggingAspect - Выполнение метода: CategoryService.getAllCategories с аргументами: []
2026-04-27 15:26:17.503 [http-nio-8080-exec-8] DEBUG c.r.c.aspect.ServiceLoggingAspect - Метод CategoryService.getAllCategories выполнился за 1 мс
2026-04-27 15:26:17.509 [http-nio-8080-exec-9] DEBUG c.r.c.aspect.ServiceLoggingAspect - Выполнение метода: ShopService.getAllShops с аргументами: [Page request [number: 0, size 5, sort: id: ASC]]
2026-04-27 15:26:17.514 [http-nio-8080-exec-9] DEBUG c.r.c.aspect.ServiceLoggingAspect - Метод ShopService.getAllShops выполнился за 4 мс
2026-04-27 15:26:32.472 [http-nio-8080-exec-10] DEBUG c.r.c.aspect.ServiceLoggingAspect - Выполнение метода: CheeseService.getAllCheesesWithGraph с аргументами: []
2026-04-27 15:26:32.479 [http-nio-8080-exec-10] DEBUG c.r.c.aspect.ServiceLoggingAspect - Метод CheeseService.getAllCheesesWithGraph выполнился за 6 мс
2026-04-27 15:26:32.487 [http-nio-8080-exec-1] DEBUG c.r.c.aspect.ServiceLoggingAspect - Выполнение метода: ProducerService.getAllProducers с аргументами: []
2026-04-27 15:26:32.487 [http-nio-8080-exec-1] DEBUG c.r.c.aspect.ServiceLoggingAspect - Метод ProducerService.getAllProducers выполнился за 0 мс
2026-04-27 15:26:32.492 [http-nio-8080-exec-2] DEBUG c.r.c.aspect.ServiceLoggingAspect - Выполнение метода: ShopService.getAllShops с аргументами: [Page request [number: 0, size 200, sort: id: ASC]]
2026-04-27 15:26:32.493 [http-nio-8080-exec-2] DEBUG c.r.c.aspect.ServiceLoggingAspect - Метод ShopService.getAllShops выполнился за 1 мс
2026-04-27 15:26:32.498 [http-nio-8080-exec-3] DEBUG c.r.c.aspect.ServiceLoggingAspect - Выполнение метода: CategoryService.getAllCategories с аргументами: []
2026-04-27 15:26:32.499 [http-nio-8080-exec-3] DEBUG c.r.c.aspect.ServiceLoggingAspect - Метод CategoryService.getAllCategories выполнился за 1 мс
2026-04-27 15:26:32.504 [http-nio-8080-exec-4] DEBUG c.r.c.aspect.ServiceLoggingAspect - Выполнение метода: ShopService.getAllShops с аргументами: [Page request [number: 0, size 5, sort: id: ASC]]
2026-04-27 15:26:32.505 [http-nio-8080-exec-4] DEBUG c.r.c.aspect.ServiceLoggingAspect - Метод ShopService.getAllShops выполнился за 1 мс
2026-04-27 15:26:47.470 [http-nio-8080-exec-5] DEBUG c.r.c.aspect.ServiceLoggingAspect - Выполнение метода: CheeseService.getAllCheesesWithGraph с аргументами: []
2026-04-27 15:26:47.475 [http-nio-8080-exec-5] DEBUG c.r.c.aspect.ServiceLoggingAspect - Метод CheeseService.getAllCheesesWithGraph выполнился за 5 мс
2026-04-27 15:26:47.486 [http-nio-8080-exec-6] DEBUG c.r.c.aspect.ServiceLoggingAspect - Выполнение метода: ProducerService.getAllProducers с аргументами: []
2026-04-27 15:26:47.486 [http-nio-8080-exec-6] DEBUG c.r.c.aspect.ServiceLoggingAspect - Метод ProducerService.getAllProducers выполнился за 0 мс
2026-04-27 15:26:47.492 [http-nio-8080-exec-7] DEBUG c.r.c.aspect.ServiceLoggingAspect - Выполнение метода: ShopService.getAllShops с аргументами: [Page request [number: 0, size 200, sort: id: ASC]]
2026-04-27 15:26:47.494 [http-nio-8080-exec-7] DEBUG c.r.c.aspect.ServiceLoggingAspect - Метод ShopService.getAllShops выполнился за 2 мс
2026-04-27 15:26:47.500 [http-nio-8080-exec-8] DEBUG c.r.c.aspect.ServiceLoggingAspect - Выполнение метода: CategoryService.getAllCategories с аргументами: []
2026-04-27 15:26:47.502 [http-nio-8080-exec-8] DEBUG c.r.c.aspect.ServiceLoggingAspect - Метод CategoryService.getAllCategories выполнился за 2 мс
2026-04-27 15:26:47.508 [http-nio-8080-exec-9] DEBUG c.r.c.aspect.ServiceLoggingAspect - Выполнение метода: ShopService.getAllShops с аргументами: [Page request [number: 0, size 5, sort: id: ASC]]
2026-04-27 15:26:47.511 [http-nio-8080-exec-9] DEBUG c.r.c.aspect.ServiceLoggingAspect - Метод ShopService.getAllShops выполнился за 3 мс
2026-04-27 15:27:02.470 [http-nio-8080-exec-10] DEBUG c.r.c.aspect.ServiceLoggingAspect - Выполнение метода: CheeseService.getAllCheesesWithGraph с аргументами: []
2026-04-27 15:27:02.482 [http-nio-8080-exec-10] DEBUG c.r.c.aspect.ServiceLoggingAspect - Метод CheeseService.getAllCheesesWithGraph выполнился за 11 мс
2026-04-27 15:27:02.490 [http-nio-8080-exec-1] DEBUG c.r.c.aspect.ServiceLoggingAspect - Выполнение метода: ProducerService.getAllProducers с аргументами: []
2026-04-27 15:27:02.490 [http-nio-8080-exec-1] DEBUG c.r.c.aspect.ServiceLoggingAspect - Метод ProducerService.getAllProducers выполнился за 0 мс
2026-04-27 15:27:02.495 [http-nio-8080-exec-2] DEBUG c.r.c.aspect.ServiceLoggingAspect - Выполнение метода: ShopService.getAllShops с аргументами: [Page request [number: 0, size 200, sort: id: ASC]]
2026-04-27 15:27:02.498 [http-nio-8080-exec-2] DEBUG c.r.c.aspect.ServiceLoggingAspect - Метод ShopService.getAllShops выполнился за 2 мс
2026-04-27 15:27:02.503 [http-nio-8080-exec-3] DEBUG c.r.c.aspect.ServiceLoggingAspect - Выполнение метода: CategoryService.getAllCategories с аргументами: []
2026-04-27 15:27:02.504 [http-nio-8080-exec-3] DEBUG c.r.c.aspect.ServiceLoggingAspect - Метод CategoryService.getAllCategories выполнился за 1 мс
2026-04-27 15:27:02.510 [http-nio-8080-exec-4] DEBUG c.r.c.aspect.ServiceLoggingAspect - Выполнение метода: ShopService.getAllShops с аргументами: [Page request [number: 0, size 5, sort: id: ASC]]
2026-04-27 15:27:02.514 [http-nio-8080-exec-4] DEBUG c.r.c.aspect.ServiceLoggingAspect - Метод ShopService.getAllShops выполнился за 4 мс
2026-04-27 15:27:17.471 [http-nio-8080-exec-5] DEBUG c.r.c.aspect.ServiceLoggingAspect - Выполнение метода: CheeseService.getAllCheesesWithGraph с аргументами: []
2026-04-27 15:27:17.476 [http-nio-8080-exec-5] DEBUG c.r.c.aspect.ServiceLoggingAspect - Метод CheeseService.getAllCheesesWithGraph выполнился за 4 мс
2026-04-27 15:27:17.485 [http-nio-8080-exec-6] DEBUG c.r.c.aspect.ServiceLoggingAspect - Выполнение метода: ProducerService.getAllProducers с аргументами: []
2026-04-27 15:27:17.485 [http-nio-8080-exec-6] DEBUG c.r.c.aspect.ServiceLoggingAspect - Метод ProducerService.getAllProducers выполнился за 0 мс
2026-04-27 15:27:17.490 [http-nio-8080-exec-7] DEBUG c.r.c.aspect.ServiceLoggingAspect - Выполнение метода: ShopService.getAllShops с аргументами: [Page request [number: 0, size 200, sort: id: ASC]]
2026-04-27 15:27:17.491 [http-nio-8080-exec-7] DEBUG c.r.c.aspect.ServiceLoggingAspect - Метод ShopService.getAllShops выполнился за 1 мс
2026-04-27 15:27:17.496 [http-nio-8080-exec-8] DEBUG c.r.c.aspect.ServiceLoggingAspect - Выполнение метода: CategoryService.getAllCategories с аргументами: []
2026-04-27 15:27:17.497 [http-nio-8080-exec-8] DEBUG c.r.c.aspect.ServiceLoggingAspect - Метод CategoryService.getAllCategories выполнился за 1 мс
2026-04-27 15:27:17.500 [http-nio-8080-exec-9] DEBUG c.r.c.aspect.ServiceLoggingAspect - Выполнение метода: ShopService.getAllShops с аргументами: [Page request [number: 0, size 5, sort: id: ASC]]
2026-04-27 15:27:17.502 [http-nio-8080-exec-9] DEBUG c.r.c.aspect.ServiceLoggingAspect - Метод ShopService.getAllShops выполнился за 1 мс
2026-04-27 15:27:32.469 [http-nio-8080-exec-10] DEBUG c.r.c.aspect.ServiceLoggingAspect - Выполнение метода: CheeseService.getAllCheesesWithGraph с аргументами: []
2026-04-27 15:27:32.475 [http-nio-8080-exec-10] DEBUG c.r.c.aspect.ServiceLoggingAspect - Метод CheeseService.getAllCheesesWithGraph выполнился за 6 мс
2026-04-27 15:27:32.485 [http-nio-8080-exec-1] DEBUG c.r.c.aspect.ServiceLoggingAspect - Выполнение метода: ProducerService.getAllProducers с аргументами: []
2026-04-27 15:27:32.485 [http-nio-8080-exec-1] DEBUG c.r.c.aspect.ServiceLoggingAspect - Метод ProducerService.getAllProducers выполнился за 0 мс
2026-04-27 15:27:32.489 [http-nio-8080-exec-2] DEBUG c.r.c.aspect.ServiceLoggingAspect - Выполнение метода: ShopService.getAllShops с аргументами: [Page request [number: 0, size 200, sort: id: ASC]]
2026-04-27 15:27:32.491 [http-nio-8080-exec-2] DEBUG c.r.c.aspect.ServiceLoggingAspect - Метод ShopService.getAllShops выполнился за 1 мс
2026-04-27 15:27:32.495 [http-nio-8080-exec-3] DEBUG c.r.c.aspect.ServiceLoggingAspect - Выполнение метода: CategoryService.getAllCategories с аргументами: []
2026-04-27 15:27:32.496 [http-nio-8080-exec-3] DEBUG c.r.c.aspect.ServiceLoggingAspect - Метод CategoryService.getAllCategories выполнился за 0 мс
2026-04-27 15:27:32.500 [http-nio-8080-exec-4] DEBUG c.r.c.aspect.ServiceLoggingAspect - Выполнение метода: ShopService.getAllShops с аргументами: [Page request [number: 0, size 5, sort: id: ASC]]
2026-04-27 15:27:32.501 [http-nio-8080-exec-4] DEBUG c.r.c.aspect.ServiceLoggingAspect - Метод ShopService.getAllShops выполнился за 1 мс
2026-04-27 15:27:47.470 [http-nio-8080-exec-5] DEBUG c.r.c.aspect.ServiceLoggingAspect - Выполнение метода: CheeseService.getAllCheesesWithGraph с аргументами: []
2026-04-27 15:27:47.479 [http-nio-8080-exec-5] DEBUG c.r.c.aspect.ServiceLoggingAspect - Метод CheeseService.getAllCheesesWithGraph выполнился за 9 мс
2026-04-27 15:27:47.488 [http-nio-8080-exec-6] DEBUG c.r.c.aspect.ServiceLoggingAspect - Выполнение метода: ProducerService.getAllProducers с аргументами: []
2026-04-27 15:27:47.488 [http-nio-8080-exec-6] DEBUG c.r.c.aspect.ServiceLoggingAspect - Метод ProducerService.getAllProducers выполнился за 0 мс
2026-04-27 15:27:47.493 [http-nio-8080-exec-7] DEBUG c.r.c.aspect.ServiceLoggingAspect - Выполнение метода: ShopService.getAllShops с аргументами: [Page request [number: 0, size 200, sort: id: ASC]]
2026-04-27 15:27:47.495 [http-nio-8080-exec-7] DEBUG c.r.c.aspect.ServiceLoggingAspect - Метод ShopService.getAllShops выполнился за 1 мс
2026-04-27 15:27:47.501 [http-nio-8080-exec-8] DEBUG c.r.c.aspect.ServiceLoggingAspect - Выполнение метода: CategoryService.getAllCategories с аргументами: []
2026-04-27 15:27:47.502 [http-nio-8080-exec-8] DEBUG c.r.c.aspect.ServiceLoggingAspect - Метод CategoryService.getAllCategories выполнился за 1 мс
2026-04-27 15:27:47.507 [http-nio-8080-exec-9] DEBUG c.r.c.aspect.ServiceLoggingAspect - Выполнение метода: ShopService.getAllShops с аргументами: [Page request [number: 0, size 5, sort: id: ASC]]
2026-04-27 15:27:47.510 [http-nio-8080-exec-9] DEBUG c.r.c.aspect.ServiceLoggingAspect - Метод ShopService.getAllShops выполнился за 2 мс
2026-04-27 15:28:02.567 [http-nio-8080-exec-10] DEBUG c.r.c.aspect.ServiceLoggingAspect - Выполнение метода: CheeseService.getAllCheesesWithGraph с аргументами: []
2026-04-27 15:28:02.583 [http-nio-8080-exec-10] DEBUG c.r.c.aspect.ServiceLoggingAspect - Метод CheeseService.getAllCheesesWithGraph выполнился за 16 мс
2026-04-27 15:28:02.611 [http-nio-8080-exec-1] DEBUG c.r.c.aspect.ServiceLoggingAspect - Выполнение метода: ProducerService.getAllProducers с аргументами: []
2026-04-27 15:28:02.611 [http-nio-8080-exec-1] DEBUG c.r.c.aspect.ServiceLoggingAspect - Метод ProducerService.getAllProducers выполнился за 0 мс
2026-04-27 15:28:02.618 [http-nio-8080-exec-2] DEBUG c.r.c.aspect.ServiceLoggingAspect - Выполнение метода: ShopService.getAllShops с аргументами: [Page request [number: 0, size 200, sort: id: ASC]]
2026-04-27 15:28:02.620 [http-nio-8080-exec-2] DEBUG c.r.c.aspect.ServiceLoggingAspect - Метод ShopService.getAllShops выполнился за 2 мс
2026-04-27 15:28:02.631 [http-nio-8080-exec-3] DEBUG c.r.c.aspect.ServiceLoggingAspect - Выполнение метода: CategoryService.getAllCategories с аргументами: []
2026-04-27 15:28:02.632 [http-nio-8080-exec-3] DEBUG c.r.c.aspect.ServiceLoggingAspect - Метод CategoryService.getAllCategories выполнился за 1 мс
2026-04-27 15:28:02.637 [http-nio-8080-exec-4] DEBUG c.r.c.aspect.ServiceLoggingAspect - Выполнение метода: ShopService.getAllShops с аргументами: [Page request [number: 0, size 5, sort: id: ASC]]
2026-04-27 15:28:02.640 [http-nio-8080-exec-4] DEBUG c.r.c.aspect.ServiceLoggingAspect - Метод ShopService.getAllShops выполнился за 2 мс
2026-04-27 15:28:17.481 [http-nio-8080-exec-5] DEBUG c.r.c.aspect.ServiceLoggingAspect - Выполнение метода: CheeseService.getAllCheesesWithGraph с аргументами: []
2026-04-27 15:28:17.484 [http-nio-8080-exec-5] DEBUG c.r.c.aspect.ServiceLoggingAspect - Метод CheeseService.getAllCheesesWithGraph выполнился за 3 мс
2026-04-27 15:28:17.492 [http-nio-8080-exec-6] DEBUG c.r.c.aspect.ServiceLoggingAspect - Выполнение метода: ProducerService.getAllProducers с аргументами: []
2026-04-27 15:28:17.492 [http-nio-8080-exec-6] DEBUG c.r.c.aspect.ServiceLoggingAspect - Метод ProducerService.getAllProducers выполнился за 0 мс
2026-04-27 15:28:17.499 [http-nio-8080-exec-7] DEBUG c.r.c.aspect.ServiceLoggingAspect - Выполнение метода: ShopService.getAllShops с аргументами: [Page request [number: 0, size 200, sort: id: ASC]]
2026-04-27 15:28:17.501 [http-nio-8080-exec-7] DEBUG c.r.c.aspect.ServiceLoggingAspect - Метод ShopService.getAllShops выполнился за 2 мс
2026-04-27 15:28:17.506 [http-nio-8080-exec-8] DEBUG c.r.c.aspect.ServiceLoggingAspect - Выполнение метода: CategoryService.getAllCategories с аргументами: []
2026-04-27 15:28:17.508 [http-nio-8080-exec-8] DEBUG c.r.c.aspect.ServiceLoggingAspect - Метод CategoryService.getAllCategories выполнился за 1 мс
2026-04-27 15:28:17.529 [http-nio-8080-exec-9] DEBUG c.r.c.aspect.ServiceLoggingAspect - Выполнение метода: ShopService.getAllShops с аргументами: [Page request [number: 0, size 5, sort: id: ASC]]
2026-04-27 15:28:17.535 [http-nio-8080-exec-9] DEBUG c.r.c.aspect.ServiceLoggingAspect - Метод ShopService.getAllShops выполнился за 5 мс
2026-04-27 15:28:32.470 [http-nio-8080-exec-10] DEBUG c.r.c.aspect.ServiceLoggingAspect - Выполнение метода: CheeseService.getAllCheesesWithGraph с аргументами: []
2026-04-27 15:28:32.474 [http-nio-8080-exec-10] DEBUG c.r.c.aspect.ServiceLoggingAspect - Метод CheeseService.getAllCheesesWithGraph выполнился за 4 мс
2026-04-27 15:28:32.486 [http-nio-8080-exec-1] DEBUG c.r.c.aspect.ServiceLoggingAspect - Выполнение метода: ProducerService.getAllProducers с аргументами: []
2026-04-27 15:28:32.486 [http-nio-8080-exec-1] DEBUG c.r.c.aspect.ServiceLoggingAspect - Метод ProducerService.getAllProducers выполнился за 0 мс
2026-04-27 15:28:32.495 [http-nio-8080-exec-2] DEBUG c.r.c.aspect.ServiceLoggingAspect - Выполнение метода: ShopService.getAllShops с аргументами: [Page request [number: 0, size 200, sort: id: ASC]]
2026-04-27 15:28:32.498 [http-nio-8080-exec-2] DEBUG c.r.c.aspect.ServiceLoggingAspect - Метод ShopService.getAllShops выполнился за 2 мс
2026-04-27 15:28:32.504 [http-nio-8080-exec-3] DEBUG c.r.c.aspect.ServiceLoggingAspect - Выполнение метода: CategoryService.getAllCategories с аргументами: []
2026-04-27 15:28:32.506 [http-nio-8080-exec-3] DEBUG c.r.c.aspect.ServiceLoggingAspect - Метод CategoryService.getAllCategories выполнился за 1 мс
2026-04-27 15:28:32.514 [http-nio-8080-exec-4] DEBUG c.r.c.aspect.ServiceLoggingAspect - Выполнение метода: ShopService.getAllShops с аргументами: [Page request [number: 0, size 5, sort: id: ASC]]
2026-04-27 15:28:32.518 [http-nio-8080-exec-4] DEBUG c.r.c.aspect.ServiceLoggingAspect - Метод ShopService.getAllShops выполнился за 4 мс
2026-04-27 15:28:47.469 [http-nio-8080-exec-5] DEBUG c.r.c.aspect.ServiceLoggingAspect - Выполнение метода: CheeseService.getAllCheesesWithGraph с аргументами: []
2026-04-27 15:28:47.474 [http-nio-8080-exec-5] DEBUG c.r.c.aspect.ServiceLoggingAspect - Метод CheeseService.getAllCheesesWithGraph выполнился за 4 мс
2026-04-27 15:28:47.485 [http-nio-8080-exec-6] DEBUG c.r.c.aspect.ServiceLoggingAspect - Выполнение метода: ProducerService.getAllProducers с аргументами: []
2026-04-27 15:28:47.485 [http-nio-8080-exec-6] DEBUG c.r.c.aspect.ServiceLoggingAspect - Метод ProducerService.getAllProducers выполнился за 0 мс
2026-04-27 15:28:47.491 [http-nio-8080-exec-7] DEBUG c.r.c.aspect.ServiceLoggingAspect - Выполнение метода: ShopService.getAllShops с аргументами: [Page request [number: 0, size 200, sort: id: ASC]]
2026-04-27 15:28:47.493 [http-nio-8080-exec-7] DEBUG c.r.c.aspect.ServiceLoggingAspect - Метод ShopService.getAllShops выполнился за 1 мс
2026-04-27 15:28:47.499 [http-nio-8080-exec-8] DEBUG c.r.c.aspect.ServiceLoggingAspect - Выполнение метода: CategoryService.getAllCategories с аргументами: []
2026-04-27 15:28:47.501 [http-nio-8080-exec-8] DEBUG c.r.c.aspect.ServiceLoggingAspect - Метод CategoryService.getAllCategories выполнился за 1 мс
2026-04-27 15:28:47.506 [http-nio-8080-exec-9] DEBUG c.r.c.aspect.ServiceLoggingAspect - Выполнение метода: ShopService.getAllShops с аргументами: [Page request [number: 0, size 5, sort: id: ASC]]
2026-04-27 15:28:47.509 [http-nio-8080-exec-9] DEBUG c.r.c.aspect.ServiceLoggingAspect - Метод ShopService.getAllShops выполнился за 3 мс
2026-04-27 15:29:02.471 [http-nio-8080-exec-10] DEBUG c.r.c.aspect.ServiceLoggingAspect - Выполнение метода: CheeseService.getAllCheesesWithGraph с аргументами: []
2026-04-27 15:29:02.476 [http-nio-8080-exec-10] DEBUG c.r.c.aspect.ServiceLoggingAspect - Метод CheeseService.getAllCheesesWithGraph выполнился за 5 мс
2026-04-27 15:29:02.487 [http-nio-8080-exec-1] DEBUG c.r.c.aspect.ServiceLoggingAspect - Выполнение метода: ProducerService.getAllProducers с аргументами: []
2026-04-27 15:29:02.487 [http-nio-8080-exec-1] DEBUG c.r.c.aspect.ServiceLoggingAspect - Метод ProducerService.getAllProducers выполнился за 0 мс
2026-04-27 15:29:02.495 [http-nio-8080-exec-2] DEBUG c.r.c.aspect.ServiceLoggingAspect - Выполнение метода: ShopService.getAllShops с аргументами: [Page request [number: 0, size 200, sort: id: ASC]]
2026-04-27 15:29:02.496 [http-nio-8080-exec-2] DEBUG c.r.c.aspect.ServiceLoggingAspect - Метод ShopService.getAllShops выполнился за 1 мс
2026-04-27 15:29:02.500 [http-nio-8080-exec-3] DEBUG c.r.c.aspect.ServiceLoggingAspect - Выполнение метода: CategoryService.getAllCategories с аргументами: []
2026-04-27 15:29:02.501 [http-nio-8080-exec-3] DEBUG c.r.c.aspect.ServiceLoggingAspect - Метод CategoryService.getAllCategories выполнился за 1 мс
2026-04-27 15:29:02.505 [http-nio-8080-exec-4] DEBUG c.r.c.aspect.ServiceLoggingAspect - Выполнение метода: ShopService.getAllShops с аргументами: [Page request [number: 0, size 5, sort: id: ASC]]
2026-04-27 15:29:02.507 [http-nio-8080-exec-4] DEBUG c.r.c.aspect.ServiceLoggingAspect - Метод ShopService.getAllShops выполнился за 2 мс
2026-04-27 15:29:17.476 [http-nio-8080-exec-5] DEBUG c.r.c.aspect.ServiceLoggingAspect - Выполнение метода: CheeseService.getAllCheesesWithGraph с аргументами: []
2026-04-27 15:29:17.483 [http-nio-8080-exec-5] DEBUG c.r.c.aspect.ServiceLoggingAspect - Метод CheeseService.getAllCheesesWithGraph выполнился за 6 мс
2026-04-27 15:29:17.492 [http-nio-8080-exec-6] DEBUG c.r.c.aspect.ServiceLoggingAspect - Выполнение метода: ProducerService.getAllProducers с аргументами: []
2026-04-27 15:29:17.492 [http-nio-8080-exec-6] DEBUG c.r.c.aspect.ServiceLoggingAspect - Метод ProducerService.getAllProducers выполнился за 0 мс
2026-04-27 15:29:17.498 [http-nio-8080-exec-7] DEBUG c.r.c.aspect.ServiceLoggingAspect - Выполнение метода: ShopService.getAllShops с аргументами: [Page request [number: 0, size 200, sort: id: ASC]]
2026-04-27 15:29:17.499 [http-nio-8080-exec-7] DEBUG c.r.c.aspect.ServiceLoggingAspect - Метод ShopService.getAllShops выполнился за 1 мс
2026-04-27 15:29:17.504 [http-nio-8080-exec-8] DEBUG c.r.c.aspect.ServiceLoggingAspect - Выполнение метода: CategoryService.getAllCategories с аргументами: []
2026-04-27 15:29:17.506 [http-nio-8080-exec-8] DEBUG c.r.c.aspect.ServiceLoggingAspect - Метод CategoryService.getAllCategories выполнился за 1 мс
2026-04-27 15:29:17.511 [http-nio-8080-exec-9] DEBUG c.r.c.aspect.ServiceLoggingAspect - Выполнение метода: ShopService.getAllShops с аргументами: [Page request [number: 0, size 5, sort: id: ASC]]
2026-04-27 15:29:17.513 [http-nio-8080-exec-9] DEBUG c.r.c.aspect.ServiceLoggingAspect - Метод ShopService.getAllShops выполнился за 2 мс
2026-04-27 15:29:32.471 [http-nio-8080-exec-10] DEBUG c.r.c.aspect.ServiceLoggingAspect - Выполнение метода: CheeseService.getAllCheesesWithGraph с аргументами: []
2026-04-27 15:29:32.476 [http-nio-8080-exec-10] DEBUG c.r.c.aspect.ServiceLoggingAspect - Метод CheeseService.getAllCheesesWithGraph выполнился за 5 мс
2026-04-27 15:29:32.486 [http-nio-8080-exec-1] DEBUG c.r.c.aspect.ServiceLoggingAspect - Выполнение метода: ProducerService.getAllProducers с аргументами: []
2026-04-27 15:29:32.487 [http-nio-8080-exec-1] DEBUG c.r.c.aspect.ServiceLoggingAspect - Метод ProducerService.getAllProducers выполнился за 0 мс
2026-04-27 15:29:32.494 [http-nio-8080-exec-2] DEBUG c.r.c.aspect.ServiceLoggingAspect - Выполнение метода: ShopService.getAllShops с аргументами: [Page request [number: 0, size 200, sort: id: ASC]]
2026-04-27 15:29:32.496 [http-nio-8080-exec-2] DEBUG c.r.c.aspect.ServiceLoggingAspect - Метод ShopService.getAllShops выполнился за 2 мс
2026-04-27 15:29:32.501 [http-nio-8080-exec-3] DEBUG c.r.c.aspect.ServiceLoggingAspect - Выполнение метода: CategoryService.getAllCategories с аргументами: []
2026-04-27 15:29:32.502 [http-nio-8080-exec-3] DEBUG c.r.c.aspect.ServiceLoggingAspect - Метод CategoryService.getAllCategories выполнился за 1 мс
2026-04-27 15:29:32.508 [http-nio-8080-exec-4] DEBUG c.r.c.aspect.ServiceLoggingAspect - Выполнение метода: ShopService.getAllShops с аргументами: [Page request [number: 0, size 5, sort: id: ASC]]
2026-04-27 15:29:32.512 [http-nio-8080-exec-4] DEBUG c.r.c.aspect.ServiceLoggingAspect - Метод ShopService.getAllShops выполнился за 3 мс
2026-04-27 15:29:47.469 [http-nio-8080-exec-5] DEBUG c.r.c.aspect.ServiceLoggingAspect - Выполнение метода: CheeseService.getAllCheesesWithGraph с аргументами: []
2026-04-27 15:29:47.475 [http-nio-8080-exec-5] DEBUG c.r.c.aspect.ServiceLoggingAspect - Метод CheeseService.getAllCheesesWithGraph выполнился за 6 мс
2026-04-27 15:29:47.485 [http-nio-8080-exec-6] DEBUG c.r.c.aspect.ServiceLoggingAspect - Выполнение метода: ProducerService.getAllProducers с аргументами: []
2026-04-27 15:29:47.486 [http-nio-8080-exec-6] DEBUG c.r.c.aspect.ServiceLoggingAspect - Метод ProducerService.getAllProducers выполнился за 0 мс
2026-04-27 15:29:47.492 [http-nio-8080-exec-7] DEBUG c.r.c.aspect.ServiceLoggingAspect - Выполнение метода: ShopService.getAllShops с аргументами: [Page request [number: 0, size 200, sort: id: ASC]]
2026-04-27 15:29:47.494 [http-nio-8080-exec-7] DEBUG c.r.c.aspect.ServiceLoggingAspect - Метод ShopService.getAllShops выполнился за 2 мс
2026-04-27 15:29:47.500 [http-nio-8080-exec-8] DEBUG c.r.c.aspect.ServiceLoggingAspect - Выполнение метода: CategoryService.getAllCategories с аргументами: []
2026-04-27 15:29:47.501 [http-nio-8080-exec-8] DEBUG c.r.c.aspect.ServiceLoggingAspect - Метод CategoryService.getAllCategories выполнился за 1 мс
2026-04-27 15:29:47.507 [http-nio-8080-exec-9] DEBUG c.r.c.aspect.ServiceLoggingAspect - Выполнение метода: ShopService.getAllShops с аргументами: [Page request [number: 0, size 5, sort: id: ASC]]
2026-04-27 15:29:47.511 [http-nio-8080-exec-9] DEBUG c.r.c.aspect.ServiceLoggingAspect - Метод ShopService.getAllShops выполнился за 4 мс
2026-04-27 15:30:02.485 [http-nio-8080-exec-10] DEBUG c.r.c.aspect.ServiceLoggingAspect - Выполнение метода: CheeseService.getAllCheesesWithGraph с аргументами: []
2026-04-27 15:30:02.491 [http-nio-8080-exec-10] DEBUG c.r.c.aspect.ServiceLoggingAspect - Метод CheeseService.getAllCheesesWithGraph выполнился за 5 мс
2026-04-27 15:30:02.501 [http-nio-8080-exec-1] DEBUG c.r.c.aspect.ServiceLoggingAspect - Выполнение метода: ProducerService.getAllProducers с аргументами: []
2026-04-27 15:30:02.501 [http-nio-8080-exec-1] DEBUG c.r.c.aspect.ServiceLoggingAspect - Метод ProducerService.getAllProducers выполнился за 0 мс
2026-04-27 15:30:02.507 [http-nio-8080-exec-2] DEBUG c.r.c.aspect.ServiceLoggingAspect - Выполнение метода: ShopService.getAllShops с аргументами: [Page request [number: 0, size 200, sort: id: ASC]]
2026-04-27 15:30:02.510 [http-nio-8080-exec-2] DEBUG c.r.c.aspect.ServiceLoggingAspect - Метод ShopService.getAllShops выполнился за 2 мс
2026-04-27 15:30:02.516 [http-nio-8080-exec-3] DEBUG c.r.c.aspect.ServiceLoggingAspect - Выполнение метода: CategoryService.getAllCategories с аргументами: []
2026-04-27 15:30:02.517 [http-nio-8080-exec-3] DEBUG c.r.c.aspect.ServiceLoggingAspect - Метод CategoryService.getAllCategories выполнился за 1 мс
2026-04-27 15:30:02.523 [http-nio-8080-exec-4] DEBUG c.r.c.aspect.ServiceLoggingAspect - Выполнение метода: ShopService.getAllShops с аргументами: [Page request [number: 0, size 5, sort: id: ASC]]
2026-04-27 15:30:02.526 [http-nio-8080-exec-4] DEBUG c.r.c.aspect.ServiceLoggingAspect - Метод ShopService.getAllShops выполнился за 3 мс
2026-04-27 15:30:17.468 [http-nio-8080-exec-5] DEBUG c.r.c.aspect.ServiceLoggingAspect - Выполнение метода: CheeseService.getAllCheesesWithGraph с аргументами: []
2026-04-27 15:30:17.477 [http-nio-8080-exec-5] DEBUG c.r.c.aspect.ServiceLoggingAspect - Метод CheeseService.getAllCheesesWithGraph выполнился за 9 мс
2026-04-27 15:30:17.491 [http-nio-8080-exec-6] DEBUG c.r.c.aspect.ServiceLoggingAspect - Выполнение метода: ProducerService.getAllProducers с аргументами: []
2026-04-27 15:30:17.502 [http-nio-8080-exec-6] DEBUG c.r.c.aspect.ServiceLoggingAspect - Метод ProducerService.getAllProducers выполнился за 10 мс
2026-04-27 15:30:17.510 [http-nio-8080-exec-7] DEBUG c.r.c.aspect.ServiceLoggingAspect - Выполнение метода: ShopService.getAllShops с аргументами: [Page request [number: 0, size 200, sort: id: ASC]]
2026-04-27 15:30:17.513 [http-nio-8080-exec-7] DEBUG c.r.c.aspect.ServiceLoggingAspect - Метод ShopService.getAllShops выполнился за 3 мс
2026-04-27 15:30:17.522 [http-nio-8080-exec-8] DEBUG c.r.c.aspect.ServiceLoggingAspect - Выполнение метода: CategoryService.getAllCategories с аргументами: []
2026-04-27 15:30:17.524 [http-nio-8080-exec-8] DEBUG c.r.c.aspect.ServiceLoggingAspect - Метод CategoryService.getAllCategories выполнился за 1 мс
2026-04-27 15:30:17.530 [http-nio-8080-exec-9] DEBUG c.r.c.aspect.ServiceLoggingAspect - Выполнение метода: ShopService.getAllShops с аргументами: [Page request [number: 0, size 5, sort: id: ASC]]
2026-04-27 15:30:17.532 [http-nio-8080-exec-9] DEBUG c.r.c.aspect.ServiceLoggingAspect - Метод ShopService.getAllShops выполнился за 2 мс
2026-04-27 15:30:32.471 [http-nio-8080-exec-10] DEBUG c.r.c.aspect.ServiceLoggingAspect - Выполнение метода: CheeseService.getAllCheesesWithGraph с аргументами: []
2026-04-27 15:30:32.477 [http-nio-8080-exec-10] DEBUG c.r.c.aspect.ServiceLoggingAspect - Метод CheeseService.getAllCheesesWithGraph выполнился за 6 мс
2026-04-27 15:30:32.486 [http-nio-8080-exec-1] DEBUG c.r.c.aspect.ServiceLoggingAspect - Выполнение метода: ProducerService.getAllProducers с аргументами: []
2026-04-27 15:30:32.486 [http-nio-8080-exec-1] DEBUG c.r.c.aspect.ServiceLoggingAspect - Метод ProducerService.getAllProducers выполнился за 0 мс
2026-04-27 15:30:32.512 [http-nio-8080-exec-2] DEBUG c.r.c.aspect.ServiceLoggingAspect - Выполнение метода: ShopService.getAllShops с аргументами: [Page request [number: 0, size 200, sort: id: ASC]]
2026-04-27 15:30:32.516 [http-nio-8080-exec-2] DEBUG c.r.c.aspect.ServiceLoggingAspect - Метод ShopService.getAllShops выполнился за 3 мс
2026-04-27 15:30:32.523 [http-nio-8080-exec-3] DEBUG c.r.c.aspect.ServiceLoggingAspect - Выполнение метода: CategoryService.getAllCategories с аргументами: []
2026-04-27 15:30:32.526 [http-nio-8080-exec-3] DEBUG c.r.c.aspect.ServiceLoggingAspect - Метод CategoryService.getAllCategories выполнился за 2 мс
2026-04-27 15:30:32.531 [http-nio-8080-exec-4] DEBUG c.r.c.aspect.ServiceLoggingAspect - Выполнение метода: ShopService.getAllShops с аргументами: [Page request [number: 0, size 5, sort: id: ASC]]
2026-04-27 15:30:32.533 [http-nio-8080-exec-4] DEBUG c.r.c.aspect.ServiceLoggingAspect - Метод ShopService.getAllShops выполнился за 2 мс
2026-04-27 15:30:47.466 [http-nio-8080-exec-5] DEBUG c.r.c.aspect.ServiceLoggingAspect - Выполнение метода: CheeseService.getAllCheesesWithGraph с аргументами: []
2026-04-27 15:30:47.470 [http-nio-8080-exec-5] DEBUG c.r.c.aspect.ServiceLoggingAspect - Метод CheeseService.getAllCheesesWithGraph выполнился за 4 мс
2026-04-27 15:30:47.481 [http-nio-8080-exec-6] DEBUG c.r.c.aspect.ServiceLoggingAspect - Выполнение метода: ProducerService.getAllProducers с аргументами: []
2026-04-27 15:30:47.481 [http-nio-8080-exec-6] DEBUG c.r.c.aspect.ServiceLoggingAspect - Метод ProducerService.getAllProducers выполнился за 0 мс
2026-04-27 15:30:47.489 [http-nio-8080-exec-7] DEBUG c.r.c.aspect.ServiceLoggingAspect - Выполнение метода: ShopService.getAllShops с аргументами: [Page request [number: 0, size 200, sort: id: ASC]]
2026-04-27 15:30:47.491 [http-nio-8080-exec-7] DEBUG c.r.c.aspect.ServiceLoggingAspect - Метод ShopService.getAllShops выполнился за 2 мс
2026-04-27 15:30:47.497 [http-nio-8080-exec-8] DEBUG c.r.c.aspect.ServiceLoggingAspect - Выполнение метода: CategoryService.getAllCategories с аргументами: []
2026-04-27 15:30:47.498 [http-nio-8080-exec-8] DEBUG c.r.c.aspect.ServiceLoggingAspect - Метод CategoryService.getAllCategories выполнился за 1 мс
2026-04-27 15:30:47.503 [http-nio-8080-exec-9] DEBUG c.r.c.aspect.ServiceLoggingAspect - Выполнение метода: ShopService.getAllShops с аргументами: [Page request [number: 0, size 5, sort: id: ASC]]
2026-04-27 15:30:47.505 [http-nio-8080-exec-9] DEBUG c.r.c.aspect.ServiceLoggingAspect - Метод ShopService.getAllShops выполнился за 2 мс
2026-04-27 15:31:02.470 [http-nio-8080-exec-10] DEBUG c.r.c.aspect.ServiceLoggingAspect - Выполнение метода: CheeseService.getAllCheesesWithGraph с аргументами: []
2026-04-27 15:31:02.475 [http-nio-8080-exec-10] DEBUG c.r.c.aspect.ServiceLoggingAspect - Метод CheeseService.getAllCheesesWithGraph выполнился за 5 мс
2026-04-27 15:31:02.485 [http-nio-8080-exec-1] DEBUG c.r.c.aspect.ServiceLoggingAspect - Выполнение метода: ProducerService.getAllProducers с аргументами: []
2026-04-27 15:31:02.485 [http-nio-8080-exec-1] DEBUG c.r.c.aspect.ServiceLoggingAspect - Метод ProducerService.getAllProducers выполнился за 0 мс
2026-04-27 15:31:02.490 [http-nio-8080-exec-2] DEBUG c.r.c.aspect.ServiceLoggingAspect - Выполнение метода: ShopService.getAllShops с аргументами: [Page request [number: 0, size 200, sort: id: ASC]]
2026-04-27 15:31:02.492 [http-nio-8080-exec-2] DEBUG c.r.c.aspect.ServiceLoggingAspect - Метод ShopService.getAllShops выполнился за 1 мс
2026-04-27 15:31:02.498 [http-nio-8080-exec-3] DEBUG c.r.c.aspect.ServiceLoggingAspect - Выполнение метода: CategoryService.getAllCategories с аргументами: []
2026-04-27 15:31:02.499 [http-nio-8080-exec-3] DEBUG c.r.c.aspect.ServiceLoggingAspect - Метод CategoryService.getAllCategories выполнился за 1 мс
2026-04-27 15:31:02.503 [http-nio-8080-exec-4] DEBUG c.r.c.aspect.ServiceLoggingAspect - Выполнение метода: ShopService.getAllShops с аргументами: [Page request [number: 0, size 5, sort: id: ASC]]
2026-04-27 15:31:02.505 [http-nio-8080-exec-4] DEBUG c.r.c.aspect.ServiceLoggingAspect - Метод ShopService.getAllShops выполнился за 1 мс
2026-04-27 15:31:17.469 [http-nio-8080-exec-5] DEBUG c.r.c.aspect.ServiceLoggingAspect - Выполнение метода: CheeseService.getAllCheesesWithGraph с аргументами: []
2026-04-27 15:31:17.477 [http-nio-8080-exec-5] DEBUG c.r.c.aspect.ServiceLoggingAspect - Метод CheeseService.getAllCheesesWithGraph выполнился за 8 мс
2026-04-27 15:31:17.486 [http-nio-8080-exec-6] DEBUG c.r.c.aspect.ServiceLoggingAspect - Выполнение метода: ProducerService.getAllProducers с аргументами: []
2026-04-27 15:31:17.487 [http-nio-8080-exec-6] DEBUG c.r.c.aspect.ServiceLoggingAspect - Метод ProducerService.getAllProducers выполнился за 0 мс
2026-04-27 15:31:17.494 [http-nio-8080-exec-7] DEBUG c.r.c.aspect.ServiceLoggingAspect - Выполнение метода: ShopService.getAllShops с аргументами: [Page request [number: 0, size 200, sort: id: ASC]]
2026-04-27 15:31:17.497 [http-nio-8080-exec-7] DEBUG c.r.c.aspect.ServiceLoggingAspect - Метод ShopService.getAllShops выполнился за 2 мс
2026-04-27 15:31:17.506 [http-nio-8080-exec-8] DEBUG c.r.c.aspect.ServiceLoggingAspect - Выполнение метода: CategoryService.getAllCategories с аргументами: []
2026-04-27 15:31:17.512 [http-nio-8080-exec-8] DEBUG c.r.c.aspect.ServiceLoggingAspect - Метод CategoryService.getAllCategories выполнился за 5 мс
2026-04-27 15:31:17.523 [http-nio-8080-exec-9] DEBUG c.r.c.aspect.ServiceLoggingAspect - Выполнение метода: ShopService.getAllShops с аргументами: [Page request [number: 0, size 5, sort: id: ASC]]
2026-04-27 15:31:17.526 [http-nio-8080-exec-9] DEBUG c.r.c.aspect.ServiceLoggingAspect - Метод ShopService.getAllShops выполнился за 3 мс
2026-04-27 15:31:32.473 [http-nio-8080-exec-10] DEBUG c.r.c.aspect.ServiceLoggingAspect - Выполнение метода: CheeseService.getAllCheesesWithGraph с аргументами: []
2026-04-27 15:31:32.481 [http-nio-8080-exec-10] DEBUG c.r.c.aspect.ServiceLoggingAspect - Метод CheeseService.getAllCheesesWithGraph выполнился за 8 мс
2026-04-27 15:31:32.504 [http-nio-8080-exec-1] DEBUG c.r.c.aspect.ServiceLoggingAspect - Выполнение метода: ProducerService.getAllProducers с аргументами: []
2026-04-27 15:31:32.505 [http-nio-8080-exec-1] DEBUG c.r.c.aspect.ServiceLoggingAspect - Метод ProducerService.getAllProducers выполнился за 0 мс
2026-04-27 15:31:32.516 [http-nio-8080-exec-2] DEBUG c.r.c.aspect.ServiceLoggingAspect - Выполнение метода: ShopService.getAllShops с аргументами: [Page request [number: 0, size 200, sort: id: ASC]]
2026-04-27 15:31:32.519 [http-nio-8080-exec-2] DEBUG c.r.c.aspect.ServiceLoggingAspect - Метод ShopService.getAllShops выполнился за 2 мс
2026-04-27 15:31:32.527 [http-nio-8080-exec-3] DEBUG c.r.c.aspect.ServiceLoggingAspect - Выполнение метода: CategoryService.getAllCategories с аргументами: []
2026-04-27 15:31:32.529 [http-nio-8080-exec-3] DEBUG c.r.c.aspect.ServiceLoggingAspect - Метод CategoryService.getAllCategories выполнился за 2 мс
2026-04-27 15:31:32.540 [http-nio-8080-exec-4] DEBUG c.r.c.aspect.ServiceLoggingAspect - Выполнение метода: ShopService.getAllShops с аргументами: [Page request [number: 0, size 5, sort: id: ASC]]
2026-04-27 15:31:32.543 [http-nio-8080-exec-4] DEBUG c.r.c.aspect.ServiceLoggingAspect - Метод ShopService.getAllShops выполнился за 2 мс
2026-04-27 15:31:47.470 [http-nio-8080-exec-5] DEBUG c.r.c.aspect.ServiceLoggingAspect - Выполнение метода: CheeseService.getAllCheesesWithGraph с аргументами: []
2026-04-27 15:31:47.493 [http-nio-8080-exec-5] DEBUG c.r.c.aspect.ServiceLoggingAspect - Метод CheeseService.getAllCheesesWithGraph выполнился за 23 мс
2026-04-27 15:31:47.506 [http-nio-8080-exec-6] DEBUG c.r.c.aspect.ServiceLoggingAspect - Выполнение метода: ProducerService.getAllProducers с аргументами: []
2026-04-27 15:31:47.506 [http-nio-8080-exec-6] DEBUG c.r.c.aspect.ServiceLoggingAspect - Метод ProducerService.getAllProducers выполнился за 0 мс
2026-04-27 15:31:47.513 [http-nio-8080-exec-7] DEBUG c.r.c.aspect.ServiceLoggingAspect - Выполнение метода: ShopService.getAllShops с аргументами: [Page request [number: 0, size 200, sort: id: ASC]]
2026-04-27 15:31:47.515 [http-nio-8080-exec-7] DEBUG c.r.c.aspect.ServiceLoggingAspect - Метод ShopService.getAllShops выполнился за 2 мс
2026-04-27 15:31:47.523 [http-nio-8080-exec-8] DEBUG c.r.c.aspect.ServiceLoggingAspect - Выполнение метода: CategoryService.getAllCategories с аргументами: []
2026-04-27 15:31:47.524 [http-nio-8080-exec-8] DEBUG c.r.c.aspect.ServiceLoggingAspect - Метод CategoryService.getAllCategories выполнился за 1 мс
2026-04-27 15:31:47.531 [http-nio-8080-exec-9] DEBUG c.r.c.aspect.ServiceLoggingAspect - Выполнение метода: ShopService.getAllShops с аргументами: [Page request [number: 0, size 5, sort: id: ASC]]
2026-04-27 15:31:47.540 [http-nio-8080-exec-9] DEBUG c.r.c.aspect.ServiceLoggingAspect - Метод ShopService.getAllShops выполнился за 9 мс
2026-04-27 15:31:53.535 [http-nio-8080-exec-10] DEBUG c.r.c.aspect.ServiceLoggingAspect - Выполнение метода: ShopService.getAllShops с аргументами: [Page request [number: 1, size 5, sort: id: ASC]]
2026-04-27 15:31:53.540 [http-nio-8080-exec-10] DEBUG c.r.c.aspect.ServiceLoggingAspect - Метод ShopService.getAllShops выполнился за 4 мс
2026-04-27 15:31:54.229 [http-nio-8080-exec-1] DEBUG c.r.c.aspect.ServiceLoggingAspect - Выполнение метода: ShopService.getAllShops с аргументами: [Page request [number: 2, size 5, sort: id: ASC]]
2026-04-27 15:31:54.232 [http-nio-8080-exec-1] DEBUG c.r.c.aspect.ServiceLoggingAspect - Метод ShopService.getAllShops выполнился за 3 мс
2026-04-27 15:31:55.115 [http-nio-8080-exec-2] DEBUG c.r.c.aspect.ServiceLoggingAspect - Выполнение метода: ShopService.getAllShops с аргументами: [Page request [number: 1, size 5, sort: id: ASC]]
2026-04-27 15:31:55.120 [http-nio-8080-exec-2] DEBUG c.r.c.aspect.ServiceLoggingAspect - Метод ShopService.getAllShops выполнился за 4 мс
2026-04-27 15:31:56.618 [http-nio-8080-exec-3] DEBUG c.r.c.aspect.ServiceLoggingAspect - Выполнение метода: ShopService.getAllShops с аргументами: [Page request [number: 0, size 5, sort: id: ASC]]
2026-04-27 15:31:56.622 [http-nio-8080-exec-3] DEBUG c.r.c.aspect.ServiceLoggingAspect - Метод ShopService.getAllShops выполнился за 3 мс
2026-04-27 15:32:02.471 [http-nio-8080-exec-4] DEBUG c.r.c.aspect.ServiceLoggingAspect - Выполнение метода: CheeseService.getAllCheesesWithGraph с аргументами: []
2026-04-27 15:32:02.482 [http-nio-8080-exec-4] DEBUG c.r.c.aspect.ServiceLoggingAspect - Метод CheeseService.getAllCheesesWithGraph выполнился за 10 мс
2026-04-27 15:32:02.491 [http-nio-8080-exec-5] DEBUG c.r.c.aspect.ServiceLoggingAspect - Выполнение метода: ProducerService.getAllProducers с аргументами: []
2026-04-27 15:32:02.491 [http-nio-8080-exec-5] DEBUG c.r.c.aspect.ServiceLoggingAspect - Метод ProducerService.getAllProducers выполнился за 0 мс
2026-04-27 15:32:02.497 [http-nio-8080-exec-6] DEBUG c.r.c.aspect.ServiceLoggingAspect - Выполнение метода: ShopService.getAllShops с аргументами: [Page request [number: 0, size 200, sort: id: ASC]]
2026-04-27 15:32:02.499 [http-nio-8080-exec-6] DEBUG c.r.c.aspect.ServiceLoggingAspect - Метод ShopService.getAllShops выполнился за 1 мс
2026-04-27 15:32:02.504 [http-nio-8080-exec-7] DEBUG c.r.c.aspect.ServiceLoggingAspect - Выполнение метода: CategoryService.getAllCategories с аргументами: []
2026-04-27 15:32:02.505 [http-nio-8080-exec-7] DEBUG c.r.c.aspect.ServiceLoggingAspect - Метод CategoryService.getAllCategories выполнился за 1 мс
2026-04-27 15:32:02.513 [http-nio-8080-exec-8] DEBUG c.r.c.aspect.ServiceLoggingAspect - Выполнение метода: ShopService.getAllShops с аргументами: [Page request [number: 0, size 5, sort: id: ASC]]
2026-04-27 15:32:02.515 [http-nio-8080-exec-8] DEBUG c.r.c.aspect.ServiceLoggingAspect - Метод ShopService.getAllShops выполнился за 2 мс
2026-04-27 15:32:17.470 [http-nio-8080-exec-9] DEBUG c.r.c.aspect.ServiceLoggingAspect - Выполнение метода: CheeseService.getAllCheesesWithGraph с аргументами: []
2026-04-27 15:32:17.477 [http-nio-8080-exec-9] DEBUG c.r.c.aspect.ServiceLoggingAspect - Метод CheeseService.getAllCheesesWithGraph выполнился за 7 мс
2026-04-27 15:32:17.486 [http-nio-8080-exec-10] DEBUG c.r.c.aspect.ServiceLoggingAspect - Выполнение метода: ProducerService.getAllProducers с аргументами: []
2026-04-27 15:32:17.486 [http-nio-8080-exec-10] DEBUG c.r.c.aspect.ServiceLoggingAspect - Метод ProducerService.getAllProducers выполнился за 0 мс
2026-04-27 15:32:17.495 [http-nio-8080-exec-1] DEBUG c.r.c.aspect.ServiceLoggingAspect - Выполнение метода: ShopService.getAllShops с аргументами: [Page request [number: 0, size 200, sort: id: ASC]]
2026-04-27 15:32:17.497 [http-nio-8080-exec-1] DEBUG c.r.c.aspect.ServiceLoggingAspect - Метод ShopService.getAllShops выполнился за 2 мс
2026-04-27 15:32:17.504 [http-nio-8080-exec-2] DEBUG c.r.c.aspect.ServiceLoggingAspect - Выполнение метода: CategoryService.getAllCategories с аргументами: []
2026-04-27 15:32:17.506 [http-nio-8080-exec-2] DEBUG c.r.c.aspect.ServiceLoggingAspect - Метод CategoryService.getAllCategories выполнился за 1 мс
2026-04-27 15:32:17.513 [http-nio-8080-exec-3] DEBUG c.r.c.aspect.ServiceLoggingAspect - Выполнение метода: ShopService.getAllShops с аргументами: [Page request [number: 0, size 5, sort: id: ASC]]
2026-04-27 15:32:17.517 [http-nio-8080-exec-3] DEBUG c.r.c.aspect.ServiceLoggingAspect - Метод ShopService.getAllShops выполнился за 3 мс
2026-04-27 15:32:33.194 [http-nio-8080-exec-4] DEBUG c.r.c.aspect.ServiceLoggingAspect - Выполнение метода: CheeseService.getAllCheesesWithGraph с аргументами: []
2026-04-27 15:32:33.215 [http-nio-8080-exec-4] DEBUG c.r.c.aspect.ServiceLoggingAspect - Метод CheeseService.getAllCheesesWithGraph выполнился за 21 мс
2026-04-27 15:32:33.232 [http-nio-8080-exec-5] DEBUG c.r.c.aspect.ServiceLoggingAspect - Выполнение метода: ProducerService.getAllProducers с аргументами: []
2026-04-27 15:32:33.232 [http-nio-8080-exec-5] DEBUG c.r.c.aspect.ServiceLoggingAspect - Метод ProducerService.getAllProducers выполнился за 0 мс
2026-04-27 15:32:33.243 [http-nio-8080-exec-6] DEBUG c.r.c.aspect.ServiceLoggingAspect - Выполнение метода: ShopService.getAllShops с аргументами: [Page request [number: 0, size 200, sort: id: ASC]]
2026-04-27 15:32:33.247 [http-nio-8080-exec-6] DEBUG c.r.c.aspect.ServiceLoggingAspect - Метод ShopService.getAllShops выполнился за 3 мс
2026-04-27 15:32:33.252 [http-nio-8080-exec-7] DEBUG c.r.c.aspect.ServiceLoggingAspect - Выполнение метода: CategoryService.getAllCategories с аргументами: []
2026-04-27 15:32:33.253 [http-nio-8080-exec-7] DEBUG c.r.c.aspect.ServiceLoggingAspect - Метод CategoryService.getAllCategories выполнился за 0 мс
2026-04-27 15:32:33.257 [http-nio-8080-exec-8] DEBUG c.r.c.aspect.ServiceLoggingAspect - Выполнение метода: ShopService.getAllShops с аргументами: [Page request [number: 0, size 5, sort: id: ASC]]
2026-04-27 15:32:33.263 [http-nio-8080-exec-8] DEBUG c.r.c.aspect.ServiceLoggingAspect - Метод ShopService.getAllShops выполнился за 5 мс
2026-04-27 15:32:48.219 [http-nio-8080-exec-9] DEBUG c.r.c.aspect.ServiceLoggingAspect - Выполнение метода: CheeseService.getAllCheesesWithGraph с аргументами: []
2026-04-27 15:32:48.245 [http-nio-8080-exec-9] DEBUG c.r.c.aspect.ServiceLoggingAspect - Метод CheeseService.getAllCheesesWithGraph выполнился за 25 мс
2026-04-27 15:32:48.259 [http-nio-8080-exec-10] DEBUG c.r.c.aspect.ServiceLoggingAspect - Выполнение метода: ProducerService.getAllProducers с аргументами: []
2026-04-27 15:32:48.259 [http-nio-8080-exec-10] DEBUG c.r.c.aspect.ServiceLoggingAspect - Метод ProducerService.getAllProducers выполнился за 0 мс
2026-04-27 15:32:48.275 [http-nio-8080-exec-1] DEBUG c.r.c.aspect.ServiceLoggingAspect - Выполнение метода: ShopService.getAllShops с аргументами: [Page request [number: 0, size 200, sort: id: ASC]]
2026-04-27 15:32:48.277 [http-nio-8080-exec-1] DEBUG c.r.c.aspect.ServiceLoggingAspect - Метод ShopService.getAllShops выполнился за 2 мс
2026-04-27 15:32:48.285 [http-nio-8080-exec-2] DEBUG c.r.c.aspect.ServiceLoggingAspect - Выполнение метода: CategoryService.getAllCategories с аргументами: []
2026-04-27 15:32:48.286 [http-nio-8080-exec-2] DEBUG c.r.c.aspect.ServiceLoggingAspect - Метод CategoryService.getAllCategories выполнился за 1 мс
2026-04-27 15:32:48.296 [http-nio-8080-exec-3] DEBUG c.r.c.aspect.ServiceLoggingAspect - Выполнение метода: ShopService.getAllShops с аргументами: [Page request [number: 0, size 5, sort: id: ASC]]
2026-04-27 15:32:48.298 [http-nio-8080-exec-3] DEBUG c.r.c.aspect.ServiceLoggingAspect - Метод ShopService.getAllShops выполнился за 1 мс
2026-04-27 15:33:03.185 [http-nio-8080-exec-4] DEBUG c.r.c.aspect.ServiceLoggingAspect - Выполнение метода: CheeseService.getAllCheesesWithGraph с аргументами: []
2026-04-27 15:33:03.192 [http-nio-8080-exec-4] DEBUG c.r.c.aspect.ServiceLoggingAspect - Метод CheeseService.getAllCheesesWithGraph выполнился за 7 мс
2026-04-27 15:33:03.203 [http-nio-8080-exec-5] DEBUG c.r.c.aspect.ServiceLoggingAspect - Выполнение метода: CheeseService.getAllCheesesWithGraph с аргументами: []
2026-04-27 15:33:03.207 [http-nio-8080-exec-5] DEBUG c.r.c.aspect.ServiceLoggingAspect - Метод CheeseService.getAllCheesesWithGraph выполнился за 4 мс
2026-04-27 15:33:03.208 [http-nio-8080-exec-6] DEBUG c.r.c.aspect.ServiceLoggingAspect - Выполнение метода: ProducerService.getAllProducers с аргументами: []
2026-04-27 15:33:03.208 [http-nio-8080-exec-6] DEBUG c.r.c.aspect.ServiceLoggingAspect - Метод ProducerService.getAllProducers выполнился за 0 мс
2026-04-27 15:33:03.217 [http-nio-8080-exec-7] DEBUG c.r.c.aspect.ServiceLoggingAspect - Выполнение метода: ProducerService.getAllProducers с аргументами: []
2026-04-27 15:33:03.217 [http-nio-8080-exec-7] DEBUG c.r.c.aspect.ServiceLoggingAspect - Метод ProducerService.getAllProducers выполнился за 0 мс
2026-04-27 15:33:03.218 [http-nio-8080-exec-8] DEBUG c.r.c.aspect.ServiceLoggingAspect - Выполнение метода: ShopService.getAllShops с аргументами: [Page request [number: 0, size 200, sort: id: ASC]]
2026-04-27 15:33:03.220 [http-nio-8080-exec-8] DEBUG c.r.c.aspect.ServiceLoggingAspect - Метод ShopService.getAllShops выполнился за 2 мс
2026-04-27 15:33:03.224 [http-nio-8080-exec-9] DEBUG c.r.c.aspect.ServiceLoggingAspect - Выполнение метода: ShopService.getAllShops с аргументами: [Page request [number: 0, size 200, sort: id: ASC]]
2026-04-27 15:33:03.225 [http-nio-8080-exec-9] DEBUG c.r.c.aspect.ServiceLoggingAspect - Метод ShopService.getAllShops выполнился за 0 мс
2026-04-27 15:33:03.235 [http-nio-8080-exec-10] DEBUG c.r.c.aspect.ServiceLoggingAspect - Выполнение метода: CategoryService.getAllCategories с аргументами: []
2026-04-27 15:33:03.236 [http-nio-8080-exec-10] DEBUG c.r.c.aspect.ServiceLoggingAspect - Метод CategoryService.getAllCategories выполнился за 1 мс
2026-04-27 15:33:03.243 [http-nio-8080-exec-1] DEBUG c.r.c.aspect.ServiceLoggingAspect - Выполнение метода: CategoryService.getAllCategories с аргументами: []
2026-04-27 15:33:03.243 [http-nio-8080-exec-2] DEBUG c.r.c.aspect.ServiceLoggingAspect - Выполнение метода: ShopService.getAllShops с аргументами: [Page request [number: 0, size 5, sort: id: ASC]]
2026-04-27 15:33:03.244 [http-nio-8080-exec-1] DEBUG c.r.c.aspect.ServiceLoggingAspect - Метод CategoryService.getAllCategories выполнился за 0 мс
2026-04-27 15:33:03.268 [http-nio-8080-exec-2] DEBUG c.r.c.aspect.ServiceLoggingAspect - Метод ShopService.getAllShops выполнился за 24 мс
2026-04-27 15:33:03.272 [http-nio-8080-exec-3] DEBUG c.r.c.aspect.ServiceLoggingAspect - Выполнение метода: ShopService.getAllShops с аргументами: [Page request [number: 0, size 5, sort: id: ASC]]
2026-04-27 15:33:03.274 [http-nio-8080-exec-3] DEBUG c.r.c.aspect.ServiceLoggingAspect - Метод ShopService.getAllShops выполнился за 1 мс
2026-04-27 15:33:19.211 [http-nio-8080-exec-4] DEBUG c.r.c.aspect.ServiceLoggingAspect - Выполнение метода: CheeseService.getAllCheesesWithGraph с аргументами: []
2026-04-27 15:33:19.228 [http-nio-8080-exec-4] DEBUG c.r.c.aspect.ServiceLoggingAspect - Метод CheeseService.getAllCheesesWithGraph выполнился за 16 мс
2026-04-27 15:33:19.248 [http-nio-8080-exec-5] DEBUG c.r.c.aspect.ServiceLoggingAspect - Выполнение метода: ProducerService.getAllProducers с аргументами: []
2026-04-27 15:33:19.248 [http-nio-8080-exec-5] DEBUG c.r.c.aspect.ServiceLoggingAspect - Метод ProducerService.getAllProducers выполнился за 0 мс
2026-04-27 15:33:19.263 [http-nio-8080-exec-6] DEBUG c.r.c.aspect.ServiceLoggingAspect - Выполнение метода: ShopService.getAllShops с аргументами: [Page request [number: 0, size 200, sort: id: ASC]]
2026-04-27 15:33:19.268 [http-nio-8080-exec-6] DEBUG c.r.c.aspect.ServiceLoggingAspect - Метод ShopService.getAllShops выполнился за 4 мс
2026-04-27 15:33:19.276 [http-nio-8080-exec-7] DEBUG c.r.c.aspect.ServiceLoggingAspect - Выполнение метода: CategoryService.getAllCategories с аргументами: []
2026-04-27 15:33:19.277 [http-nio-8080-exec-7] DEBUG c.r.c.aspect.ServiceLoggingAspect - Метод CategoryService.getAllCategories выполнился за 1 мс
2026-04-27 15:33:19.285 [http-nio-8080-exec-8] DEBUG c.r.c.aspect.ServiceLoggingAspect - Выполнение метода: ShopService.getAllShops с аргументами: [Page request [number: 0, size 5, sort: id: ASC]]
2026-04-27 15:33:19.288 [http-nio-8080-exec-8] DEBUG c.r.c.aspect.ServiceLoggingAspect - Метод ShopService.getAllShops выполнился за 2 мс
2026-04-27 15:33:34.178 [http-nio-8080-exec-9] DEBUG c.r.c.aspect.ServiceLoggingAspect - Выполнение метода: CheeseService.getAllCheesesWithGraph с аргументами: []
2026-04-27 15:33:34.184 [http-nio-8080-exec-9] DEBUG c.r.c.aspect.ServiceLoggingAspect - Метод CheeseService.getAllCheesesWithGraph выполнился за 5 мс
2026-04-27 15:33:34.197 [http-nio-8080-exec-10] DEBUG c.r.c.aspect.ServiceLoggingAspect - Выполнение метода: ProducerService.getAllProducers с аргументами: []
2026-04-27 15:33:34.197 [http-nio-8080-exec-10] DEBUG c.r.c.aspect.ServiceLoggingAspect - Метод ProducerService.getAllProducers выполнился за 0 мс
2026-04-27 15:33:34.208 [http-nio-8080-exec-1] DEBUG c.r.c.aspect.ServiceLoggingAspect - Выполнение метода: ShopService.getAllShops с аргументами: [Page request [number: 0, size 200, sort: id: ASC]]
2026-04-27 15:33:34.211 [http-nio-8080-exec-1] DEBUG c.r.c.aspect.ServiceLoggingAspect - Метод ShopService.getAllShops выполнился за 2 мс
2026-04-27 15:33:34.221 [http-nio-8080-exec-2] DEBUG c.r.c.aspect.ServiceLoggingAspect - Выполнение метода: CategoryService.getAllCategories с аргументами: []
2026-04-27 15:33:34.225 [http-nio-8080-exec-2] DEBUG c.r.c.aspect.ServiceLoggingAspect - Метод CategoryService.getAllCategories выполнился за 4 мс
2026-04-27 15:33:34.236 [http-nio-8080-exec-3] DEBUG c.r.c.aspect.ServiceLoggingAspect - Выполнение метода: ShopService.getAllShops с аргументами: [Page request [number: 0, size 5, sort: id: ASC]]
2026-04-27 15:33:34.239 [http-nio-8080-exec-3] DEBUG c.r.c.aspect.ServiceLoggingAspect - Метод ShopService.getAllShops выполнился за 3 мс
2026-04-27 15:33:43.687 [http-nio-8080-exec-4] DEBUG c.r.c.aspect.ServiceLoggingAspect - Выполнение метода: CheeseService.getAllCheesesWithGraph с аргументами: []
2026-04-27 15:33:43.710 [http-nio-8080-exec-4] DEBUG c.r.c.aspect.ServiceLoggingAspect - Метод CheeseService.getAllCheesesWithGraph выполнился за 23 мс
2026-04-27 15:33:45.665 [http-nio-8080-exec-5] DEBUG c.r.c.aspect.ServiceLoggingAspect - Выполнение метода: CheeseService.getAllCheesesWithGraph с аргументами: []
2026-04-27 15:33:45.669 [http-nio-8080-exec-5] DEBUG c.r.c.aspect.ServiceLoggingAspect - Метод CheeseService.getAllCheesesWithGraph выполнился за 3 мс
2026-04-27 15:33:45.679 [http-nio-8080-exec-6] DEBUG c.r.c.aspect.ServiceLoggingAspect - Выполнение метода: ProducerService.getAllProducers с аргументами: []
2026-04-27 15:33:45.679 [http-nio-8080-exec-6] DEBUG c.r.c.aspect.ServiceLoggingAspect - Метод ProducerService.getAllProducers выполнился за 0 мс
2026-04-27 15:33:45.686 [http-nio-8080-exec-7] DEBUG c.r.c.aspect.ServiceLoggingAspect - Выполнение метода: ShopService.getAllShops с аргументами: [Page request [number: 0, size 200, sort: id: ASC]]
2026-04-27 15:33:45.689 [http-nio-8080-exec-7] DEBUG c.r.c.aspect.ServiceLoggingAspect - Метод ShopService.getAllShops выполнился за 2 мс
2026-04-27 15:33:45.694 [http-nio-8080-exec-8] DEBUG c.r.c.aspect.ServiceLoggingAspect - Выполнение метода: CategoryService.getAllCategories с аргументами: []
2026-04-27 15:33:45.695 [http-nio-8080-exec-8] DEBUG c.r.c.aspect.ServiceLoggingAspect - Метод CategoryService.getAllCategories выполнился за 1 мс
2026-04-27 15:33:45.706 [http-nio-8080-exec-9] DEBUG c.r.c.aspect.ServiceLoggingAspect - Выполнение метода: ShopService.getAllShops с аргументами: [Page request [number: 0, size 5, sort: id: ASC]]
2026-04-27 15:33:45.709 [http-nio-8080-exec-9] DEBUG c.r.c.aspect.ServiceLoggingAspect - Метод ShopService.getAllShops выполнился за 3 мс
2026-04-27 15:33:48.240 [http-nio-8080-exec-10] DEBUG c.r.c.aspect.ServiceLoggingAspect - Выполнение метода: CheeseService.getAllCheesesWithGraph с аргументами: []
2026-04-27 15:33:48.244 [http-nio-8080-exec-10] DEBUG c.r.c.aspect.ServiceLoggingAspect - Метод CheeseService.getAllCheesesWithGraph выполнился за 4 мс
2026-04-27 15:33:52.455 [http-nio-8080-exec-1] DEBUG c.r.c.aspect.ServiceLoggingAspect - Выполнение метода: CheeseService.getAllCheesesWithGraph с аргументами: []
2026-04-27 15:33:52.471 [http-nio-8080-exec-1] DEBUG c.r.c.aspect.ServiceLoggingAspect - Метод CheeseService.getAllCheesesWithGraph выполнился за 16 мс
2026-04-27 15:33:52.482 [http-nio-8080-exec-2] DEBUG c.r.c.aspect.ServiceLoggingAspect - Выполнение метода: ProducerService.getAllProducers с аргументами: []
2026-04-27 15:33:52.482 [http-nio-8080-exec-2] DEBUG c.r.c.aspect.ServiceLoggingAspect - Метод ProducerService.getAllProducers выполнился за 0 мс
2026-04-27 15:33:52.487 [http-nio-8080-exec-3] DEBUG c.r.c.aspect.ServiceLoggingAspect - Выполнение метода: ShopService.getAllShops с аргументами: [Page request [number: 0, size 200, sort: id: ASC]]
2026-04-27 15:33:52.488 [http-nio-8080-exec-3] DEBUG c.r.c.aspect.ServiceLoggingAspect - Метод ShopService.getAllShops выполнился за 1 мс
2026-04-27 15:33:52.492 [http-nio-8080-exec-4] DEBUG c.r.c.aspect.ServiceLoggingAspect - Выполнение метода: CategoryService.getAllCategories с аргументами: []
2026-04-27 15:33:52.493 [http-nio-8080-exec-4] DEBUG c.r.c.aspect.ServiceLoggingAspect - Метод CategoryService.getAllCategories выполнился за 1 мс
2026-04-27 15:33:52.497 [http-nio-8080-exec-5] DEBUG c.r.c.aspect.ServiceLoggingAspect - Выполнение метода: ShopService.getAllShops с аргументами: [Page request [number: 0, size 5, sort: id: ASC]]
2026-04-27 15:33:52.498 [http-nio-8080-exec-5] DEBUG c.r.c.aspect.ServiceLoggingAspect - Метод ShopService.getAllShops выполнился за 1 мс
2026-04-27 15:34:07.473 [http-nio-8080-exec-6] DEBUG c.r.c.aspect.ServiceLoggingAspect - Выполнение метода: CheeseService.getAllCheesesWithGraph с аргументами: []
2026-04-27 15:34:07.501 [http-nio-8080-exec-6] DEBUG c.r.c.aspect.ServiceLoggingAspect - Метод CheeseService.getAllCheesesWithGraph выполнился за 27 мс
2026-04-27 15:34:07.513 [http-nio-8080-exec-7] DEBUG c.r.c.aspect.ServiceLoggingAspect - Выполнение метода: ProducerService.getAllProducers с аргументами: []
2026-04-27 15:34:07.513 [http-nio-8080-exec-7] DEBUG c.r.c.aspect.ServiceLoggingAspect - Метод ProducerService.getAllProducers выполнился за 0 мс
2026-04-27 15:34:07.519 [http-nio-8080-exec-8] DEBUG c.r.c.aspect.ServiceLoggingAspect - Выполнение метода: ShopService.getAllShops с аргументами: [Page request [number: 0, size 200, sort: id: ASC]]
2026-04-27 15:34:07.523 [http-nio-8080-exec-8] DEBUG c.r.c.aspect.ServiceLoggingAspect - Метод ShopService.getAllShops выполнился за 3 мс
2026-04-27 15:34:07.528 [http-nio-8080-exec-9] DEBUG c.r.c.aspect.ServiceLoggingAspect - Выполнение метода: CategoryService.getAllCategories с аргументами: []
2026-04-27 15:34:07.529 [http-nio-8080-exec-9] DEBUG c.r.c.aspect.ServiceLoggingAspect - Метод CategoryService.getAllCategories выполнился за 0 мс
2026-04-27 15:34:07.532 [http-nio-8080-exec-10] DEBUG c.r.c.aspect.ServiceLoggingAspect - Выполнение метода: ShopService.getAllShops с аргументами: [Page request [number: 0, size 5, sort: id: ASC]]
2026-04-27 15:34:07.536 [http-nio-8080-exec-10] DEBUG c.r.c.aspect.ServiceLoggingAspect - Метод ShopService.getAllShops выполнился за 3 мс
2026-04-27 15:34:08.750 [http-nio-8080-exec-1] DEBUG c.r.c.aspect.ServiceLoggingAspect - Выполнение метода: ShopService.getAllShops с аргументами: [Page request [number: 1, size 5, sort: id: ASC]]
2026-04-27 15:34:08.755 [http-nio-8080-exec-1] DEBUG c.r.c.aspect.ServiceLoggingAspect - Метод ShopService.getAllShops выполнился за 4 мс
2026-04-27 15:34:23.205 [http-nio-8080-exec-2] DEBUG c.r.c.aspect.ServiceLoggingAspect - Выполнение метода: CheeseService.getAllCheesesWithGraph с аргументами: []
2026-04-27 15:34:23.221 [http-nio-8080-exec-2] DEBUG c.r.c.aspect.ServiceLoggingAspect - Метод CheeseService.getAllCheesesWithGraph выполнился за 16 мс
2026-04-27 15:34:23.242 [http-nio-8080-exec-3] DEBUG c.r.c.aspect.ServiceLoggingAspect - Выполнение метода: ProducerService.getAllProducers с аргументами: []
2026-04-27 15:34:23.242 [http-nio-8080-exec-3] DEBUG c.r.c.aspect.ServiceLoggingAspect - Метод ProducerService.getAllProducers выполнился за 0 мс
2026-04-27 15:34:23.257 [http-nio-8080-exec-4] DEBUG c.r.c.aspect.ServiceLoggingAspect - Выполнение метода: ShopService.getAllShops с аргументами: [Page request [number: 0, size 200, sort: id: ASC]]
2026-04-27 15:34:23.266 [http-nio-8080-exec-4] DEBUG c.r.c.aspect.ServiceLoggingAspect - Метод ShopService.getAllShops выполнился за 8 мс
2026-04-27 15:34:23.273 [http-nio-8080-exec-5] DEBUG c.r.c.aspect.ServiceLoggingAspect - Выполнение метода: CategoryService.getAllCategories с аргументами: []
2026-04-27 15:34:23.274 [http-nio-8080-exec-5] DEBUG c.r.c.aspect.ServiceLoggingAspect - Метод CategoryService.getAllCategories выполнился за 0 мс
2026-04-27 15:34:23.279 [http-nio-8080-exec-6] DEBUG c.r.c.aspect.ServiceLoggingAspect - Выполнение метода: ShopService.getAllShops с аргументами: [Page request [number: 0, size 5, sort: id: ASC]]
2026-04-27 15:34:23.281 [http-nio-8080-exec-6] DEBUG c.r.c.aspect.ServiceLoggingAspect - Метод ShopService.getAllShops выполнился за 2 мс
2026-04-27 15:34:38.183 [http-nio-8080-exec-7] DEBUG c.r.c.aspect.ServiceLoggingAspect - Выполнение метода: CheeseService.getAllCheesesWithGraph с аргументами: []
2026-04-27 15:34:38.192 [http-nio-8080-exec-7] DEBUG c.r.c.aspect.ServiceLoggingAspect - Метод CheeseService.getAllCheesesWithGraph выполнился за 9 мс
2026-04-27 15:34:38.208 [http-nio-8080-exec-8] DEBUG c.r.c.aspect.ServiceLoggingAspect - Выполнение метода: ProducerService.getAllProducers с аргументами: []
2026-04-27 15:34:38.208 [http-nio-8080-exec-8] DEBUG c.r.c.aspect.ServiceLoggingAspect - Метод ProducerService.getAllProducers выполнился за 0 мс
2026-04-27 15:34:38.218 [http-nio-8080-exec-9] DEBUG c.r.c.aspect.ServiceLoggingAspect - Выполнение метода: ShopService.getAllShops с аргументами: [Page request [number: 0, size 200, sort: id: ASC]]
2026-04-27 15:34:38.222 [http-nio-8080-exec-9] DEBUG c.r.c.aspect.ServiceLoggingAspect - Метод ShopService.getAllShops выполнился за 3 мс
2026-04-27 15:34:38.234 [http-nio-8080-exec-10] DEBUG c.r.c.aspect.ServiceLoggingAspect - Выполнение метода: CategoryService.getAllCategories с аргументами: []
2026-04-27 15:34:38.236 [http-nio-8080-exec-10] DEBUG c.r.c.aspect.ServiceLoggingAspect - Метод CategoryService.getAllCategories выполнился за 1 мс
2026-04-27 15:34:38.246 [http-nio-8080-exec-1] DEBUG c.r.c.aspect.ServiceLoggingAspect - Выполнение метода: ShopService.getAllShops с аргументами: [Page request [number: 0, size 5, sort: id: ASC]]
2026-04-27 15:34:38.251 [http-nio-8080-exec-1] DEBUG c.r.c.aspect.ServiceLoggingAspect - Метод ShopService.getAllShops выполнился за 4 мс
2026-04-27 15:34:53.203 [http-nio-8080-exec-2] DEBUG c.r.c.aspect.ServiceLoggingAspect - Выполнение метода: CheeseService.getAllCheesesWithGraph с аргументами: []
2026-04-27 15:34:53.221 [http-nio-8080-exec-2] DEBUG c.r.c.aspect.ServiceLoggingAspect - Метод CheeseService.getAllCheesesWithGraph выполнился за 18 мс
2026-04-27 15:34:53.241 [http-nio-8080-exec-3] DEBUG c.r.c.aspect.ServiceLoggingAspect - Выполнение метода: ProducerService.getAllProducers с аргументами: []
2026-04-27 15:34:53.242 [http-nio-8080-exec-3] DEBUG c.r.c.aspect.ServiceLoggingAspect - Метод ProducerService.getAllProducers выполнился за 0 мс
2026-04-27 15:34:53.247 [http-nio-8080-exec-4] DEBUG c.r.c.aspect.ServiceLoggingAspect - Выполнение метода: ShopService.getAllShops с аргументами: [Page request [number: 0, size 200, sort: id: ASC]]
2026-04-27 15:34:53.250 [http-nio-8080-exec-4] DEBUG c.r.c.aspect.ServiceLoggingAspect - Метод ShopService.getAllShops выполнился за 2 мс
2026-04-27 15:34:53.255 [http-nio-8080-exec-5] DEBUG c.r.c.aspect.ServiceLoggingAspect - Выполнение метода: CategoryService.getAllCategories с аргументами: []
2026-04-27 15:34:53.256 [http-nio-8080-exec-5] DEBUG c.r.c.aspect.ServiceLoggingAspect - Метод CategoryService.getAllCategories выполнился за 0 мс
2026-04-27 15:34:53.259 [http-nio-8080-exec-6] DEBUG c.r.c.aspect.ServiceLoggingAspect - Выполнение метода: ShopService.getAllShops с аргументами: [Page request [number: 0, size 5, sort: id: ASC]]
2026-04-27 15:34:53.262 [http-nio-8080-exec-6] DEBUG c.r.c.aspect.ServiceLoggingAspect - Метод ShopService.getAllShops выполнился за 3 мс
2026-04-27 15:35:01.181 [http-nio-8080-exec-7] DEBUG c.r.c.aspect.ServiceLoggingAspect - Выполнение метода: CheeseService.getAllCheesesWithGraph с аргументами: []
2026-04-27 15:35:01.184 [http-nio-8080-exec-7] DEBUG c.r.c.aspect.ServiceLoggingAspect - Метод CheeseService.getAllCheesesWithGraph выполнился за 2 мс
2026-04-27 15:35:01.193 [http-nio-8080-exec-8] DEBUG c.r.c.aspect.ServiceLoggingAspect - Выполнение метода: ProducerService.getAllProducers с аргументами: []
2026-04-27 15:35:01.193 [http-nio-8080-exec-8] DEBUG c.r.c.aspect.ServiceLoggingAspect - Метод ProducerService.getAllProducers выполнился за 0 мс
2026-04-27 15:35:01.199 [http-nio-8080-exec-9] DEBUG c.r.c.aspect.ServiceLoggingAspect - Выполнение метода: ShopService.getAllShops с аргументами: [Page request [number: 0, size 200, sort: id: ASC]]
2026-04-27 15:35:01.200 [http-nio-8080-exec-9] DEBUG c.r.c.aspect.ServiceLoggingAspect - Метод ShopService.getAllShops выполнился за 1 мс
2026-04-27 15:35:01.205 [http-nio-8080-exec-10] DEBUG c.r.c.aspect.ServiceLoggingAspect - Выполнение метода: CategoryService.getAllCategories с аргументами: []
2026-04-27 15:35:01.206 [http-nio-8080-exec-10] DEBUG c.r.c.aspect.ServiceLoggingAspect - Метод CategoryService.getAllCategories выполнился за 1 мс
2026-04-27 15:35:01.211 [http-nio-8080-exec-1] DEBUG c.r.c.aspect.ServiceLoggingAspect - Выполнение метода: ShopService.getAllShops с аргументами: [Page request [number: 0, size 5, sort: id: ASC]]
2026-04-27 15:35:01.213 [http-nio-8080-exec-1] DEBUG c.r.c.aspect.ServiceLoggingAspect - Метод ShopService.getAllShops выполнился за 1 мс
2026-04-27 15:35:17.196 [http-nio-8080-exec-2] DEBUG c.r.c.aspect.ServiceLoggingAspect - Выполнение метода: CheeseService.getAllCheesesWithGraph с аргументами: []
2026-04-27 15:35:17.215 [http-nio-8080-exec-2] DEBUG c.r.c.aspect.ServiceLoggingAspect - Метод CheeseService.getAllCheesesWithGraph выполнился за 19 мс
2026-04-27 15:35:17.232 [http-nio-8080-exec-3] DEBUG c.r.c.aspect.ServiceLoggingAspect - Выполнение метода: ProducerService.getAllProducers с аргументами: []
2026-04-27 15:35:17.232 [http-nio-8080-exec-3] DEBUG c.r.c.aspect.ServiceLoggingAspect - Метод ProducerService.getAllProducers выполнился за 0 мс
2026-04-27 15:35:17.242 [http-nio-8080-exec-4] DEBUG c.r.c.aspect.ServiceLoggingAspect - Выполнение метода: ShopService.getAllShops с аргументами: [Page request [number: 0, size 200, sort: id: ASC]]
2026-04-27 15:35:17.245 [http-nio-8080-exec-4] DEBUG c.r.c.aspect.ServiceLoggingAspect - Метод ShopService.getAllShops выполнился за 3 мс
2026-04-27 15:35:17.252 [http-nio-8080-exec-5] DEBUG c.r.c.aspect.ServiceLoggingAspect - Выполнение метода: CategoryService.getAllCategories с аргументами: []
2026-04-27 15:35:17.254 [http-nio-8080-exec-5] DEBUG c.r.c.aspect.ServiceLoggingAspect - Метод CategoryService.getAllCategories выполнился за 1 мс
2026-04-27 15:35:17.258 [http-nio-8080-exec-6] DEBUG c.r.c.aspect.ServiceLoggingAspect - Выполнение метода: ShopService.getAllShops с аргументами: [Page request [number: 0, size 5, sort: id: ASC]]
2026-04-27 15:35:17.261 [http-nio-8080-exec-6] DEBUG c.r.c.aspect.ServiceLoggingAspect - Метод ShopService.getAllShops выполнился за 2 мс
2026-04-27 15:35:32.185 [http-nio-8080-exec-7] DEBUG c.r.c.aspect.ServiceLoggingAspect - Выполнение метода: CheeseService.getAllCheesesWithGraph с аргументами: []
2026-04-27 15:35:32.195 [http-nio-8080-exec-7] DEBUG c.r.c.aspect.ServiceLoggingAspect - Метод CheeseService.getAllCheesesWithGraph выполнился за 10 мс
2026-04-27 15:35:32.213 [http-nio-8080-exec-8] DEBUG c.r.c.aspect.ServiceLoggingAspect - Выполнение метода: ProducerService.getAllProducers с аргументами: []
2026-04-27 15:35:32.214 [http-nio-8080-exec-8] DEBUG c.r.c.aspect.ServiceLoggingAspect - Метод ProducerService.getAllProducers выполнился за 0 мс
2026-04-27 15:35:32.225 [http-nio-8080-exec-9] DEBUG c.r.c.aspect.ServiceLoggingAspect - Выполнение метода: ShopService.getAllShops с аргументами: [Page request [number: 0, size 200, sort: id: ASC]]
2026-04-27 15:35:32.229 [http-nio-8080-exec-9] DEBUG c.r.c.aspect.ServiceLoggingAspect - Метод ShopService.getAllShops выполнился за 3 мс
2026-04-27 15:35:32.240 [http-nio-8080-exec-10] DEBUG c.r.c.aspect.ServiceLoggingAspect - Выполнение метода: CategoryService.getAllCategories с аргументами: []
2026-04-27 15:35:32.242 [http-nio-8080-exec-10] DEBUG c.r.c.aspect.ServiceLoggingAspect - Метод CategoryService.getAllCategories выполнился за 2 мс
2026-04-27 15:35:32.254 [http-nio-8080-exec-1] DEBUG c.r.c.aspect.ServiceLoggingAspect - Выполнение метода: ShopService.getAllShops с аргументами: [Page request [number: 0, size 5, sort: id: ASC]]
2026-04-27 15:35:32.258 [http-nio-8080-exec-1] DEBUG c.r.c.aspect.ServiceLoggingAspect - Метод ShopService.getAllShops выполнился за 3 мс
2026-04-27 15:35:42.326 [http-nio-8080-exec-2] DEBUG c.r.c.aspect.ServiceLoggingAspect - Выполнение метода: CheeseService.getAllCheesesWithGraph с аргументами: []
2026-04-27 15:35:42.340 [http-nio-8080-exec-2] DEBUG c.r.c.aspect.ServiceLoggingAspect - Метод CheeseService.getAllCheesesWithGraph выполнился за 14 мс
2026-04-27 15:39:14.396 [http-nio-8080-exec-3] DEBUG c.r.c.aspect.ServiceLoggingAspect - Выполнение метода: CheeseService.getAllCheesesWithGraph с аргументами: []
2026-04-27 15:39:14.404 [http-nio-8080-exec-3] DEBUG c.r.c.aspect.ServiceLoggingAspect - Метод CheeseService.getAllCheesesWithGraph выполнился за 7 мс
2026-04-27 15:39:14.414 [http-nio-8080-exec-4] DEBUG c.r.c.aspect.ServiceLoggingAspect - Выполнение метода: ProducerService.getAllProducers с аргументами: []
2026-04-27 15:39:14.414 [http-nio-8080-exec-4] DEBUG c.r.c.aspect.ServiceLoggingAspect - Метод ProducerService.getAllProducers выполнился за 0 мс
2026-04-27 15:39:14.425 [http-nio-8080-exec-5] DEBUG c.r.c.aspect.ServiceLoggingAspect - Выполнение метода: ShopService.getAllShops с аргументами: [Page request [number: 0, size 200, sort: id: ASC]]
2026-04-27 15:39:14.431 [http-nio-8080-exec-5] DEBUG c.r.c.aspect.ServiceLoggingAspect - Метод ShopService.getAllShops выполнился за 6 мс
2026-04-27 15:39:14.437 [http-nio-8080-exec-6] DEBUG c.r.c.aspect.ServiceLoggingAspect - Выполнение метода: CategoryService.getAllCategories с аргументами: []
2026-04-27 15:39:14.438 [http-nio-8080-exec-6] DEBUG c.r.c.aspect.ServiceLoggingAspect - Метод CategoryService.getAllCategories выполнился за 1 мс
2026-04-27 15:39:14.445 [http-nio-8080-exec-7] DEBUG c.r.c.aspect.ServiceLoggingAspect - Выполнение метода: ShopService.getAllShops с аргументами: [Page request [number: 0, size 5, sort: id: ASC]]
2026-04-27 15:39:14.449 [http-nio-8080-exec-7] DEBUG c.r.c.aspect.ServiceLoggingAspect - Метод ShopService.getAllShops выполнился за 4 мс
2026-04-27 15:39:19.252 [http-nio-8080-exec-8] DEBUG c.r.c.aspect.ServiceLoggingAspect - Выполнение метода: CheeseService.getAllCheesesWithGraph с аргументами: []
2026-04-27 15:39:19.258 [http-nio-8080-exec-8] DEBUG c.r.c.aspect.ServiceLoggingAspect - Метод CheeseService.getAllCheesesWithGraph выполнился за 6 мс
2026-04-27 15:39:20.106 [http-nio-8080-exec-9] DEBUG c.r.c.aspect.ServiceLoggingAspect - Выполнение метода: CheeseService.getAllCheesesWithGraph с аргументами: []
2026-04-27 15:39:20.119 [http-nio-8080-exec-9] DEBUG c.r.c.aspect.ServiceLoggingAspect - Метод CheeseService.getAllCheesesWithGraph выполнился за 12 мс
2026-04-27 15:39:20.129 [http-nio-8080-exec-10] DEBUG c.r.c.aspect.ServiceLoggingAspect - Выполнение метода: ProducerService.getAllProducers с аргументами: []
2026-04-27 15:39:20.129 [http-nio-8080-exec-10] DEBUG c.r.c.aspect.ServiceLoggingAspect - Метод ProducerService.getAllProducers выполнился за 0 мс
2026-04-27 15:39:20.134 [http-nio-8080-exec-1] DEBUG c.r.c.aspect.ServiceLoggingAspect - Выполнение метода: ShopService.getAllShops с аргументами: [Page request [number: 0, size 200, sort: id: ASC]]
2026-04-27 15:39:20.136 [http-nio-8080-exec-1] DEBUG c.r.c.aspect.ServiceLoggingAspect - Метод ShopService.getAllShops выполнился за 1 мс
2026-04-27 15:39:20.143 [http-nio-8080-exec-2] DEBUG c.r.c.aspect.ServiceLoggingAspect - Выполнение метода: CategoryService.getAllCategories с аргументами: []
2026-04-27 15:39:20.144 [http-nio-8080-exec-2] DEBUG c.r.c.aspect.ServiceLoggingAspect - Метод CategoryService.getAllCategories выполнился за 1 мс
2026-04-27 15:39:20.152 [http-nio-8080-exec-3] DEBUG c.r.c.aspect.ServiceLoggingAspect - Выполнение метода: ShopService.getAllShops с аргументами: [Page request [number: 0, size 5, sort: id: ASC]]
2026-04-27 15:39:20.154 [http-nio-8080-exec-3] DEBUG c.r.c.aspect.ServiceLoggingAspect - Метод ShopService.getAllShops выполнился за 2 мс
2026-04-27 15:39:22.397 [http-nio-8080-exec-4] DEBUG c.r.c.aspect.ServiceLoggingAspect - Выполнение метода: CheeseService.getCheeseById с аргументами: [20]
2026-04-27 15:39:22.406 [http-nio-8080-exec-4] DEBUG c.r.c.aspect.ServiceLoggingAspect - Метод CheeseService.getCheeseById выполнился за 9 мс
2026-04-27 15:39:35.102 [http-nio-8080-exec-5] DEBUG c.r.c.aspect.ServiceLoggingAspect - Выполнение метода: CheeseService.getAllCheesesWithGraph с аргументами: []
2026-04-27 15:39:35.107 [http-nio-8080-exec-5] DEBUG c.r.c.aspect.ServiceLoggingAspect - Метод CheeseService.getAllCheesesWithGraph выполнился за 4 мс
2026-04-27 15:39:35.117 [http-nio-8080-exec-6] DEBUG c.r.c.aspect.ServiceLoggingAspect - Выполнение метода: ProducerService.getAllProducers с аргументами: []
2026-04-27 15:39:35.117 [http-nio-8080-exec-6] DEBUG c.r.c.aspect.ServiceLoggingAspect - Метод ProducerService.getAllProducers выполнился за 0 мс
2026-04-27 15:39:35.122 [http-nio-8080-exec-7] DEBUG c.r.c.aspect.ServiceLoggingAspect - Выполнение метода: ShopService.getAllShops с аргументами: [Page request [number: 0, size 200, sort: id: ASC]]
2026-04-27 15:39:35.124 [http-nio-8080-exec-7] DEBUG c.r.c.aspect.ServiceLoggingAspect - Метод ShopService.getAllShops выполнился за 1 мс
2026-04-27 15:39:35.128 [http-nio-8080-exec-8] DEBUG c.r.c.aspect.ServiceLoggingAspect - Выполнение метода: CategoryService.getAllCategories с аргументами: []
2026-04-27 15:39:35.129 [http-nio-8080-exec-8] DEBUG c.r.c.aspect.ServiceLoggingAspect - Метод CategoryService.getAllCategories выполнился за 0 мс
2026-04-27 15:39:35.133 [http-nio-8080-exec-9] DEBUG c.r.c.aspect.ServiceLoggingAspect - Выполнение метода: ShopService.getAllShops с аргументами: [Page request [number: 0, size 5, sort: id: ASC]]
2026-04-27 15:39:35.135 [http-nio-8080-exec-9] DEBUG c.r.c.aspect.ServiceLoggingAspect - Метод ShopService.getAllShops выполнился за 2 мс
2026-04-27 15:39:46.069 [http-nio-8080-exec-10] DEBUG c.r.c.aspect.ServiceLoggingAspect - Выполнение метода: CheeseService.getAllCheesesWithGraph с аргументами: []
2026-04-27 15:39:46.076 [http-nio-8080-exec-10] DEBUG c.r.c.aspect.ServiceLoggingAspect - Метод CheeseService.getAllCheesesWithGraph выполнился за 7 мс
2026-04-27 15:39:47.356 [http-nio-8080-exec-1] DEBUG c.r.c.aspect.ServiceLoggingAspect - Выполнение метода: CheeseService.getAllCheesesWithGraph с аргументами: []
2026-04-27 15:39:47.378 [http-nio-8080-exec-1] DEBUG c.r.c.aspect.ServiceLoggingAspect - Метод CheeseService.getAllCheesesWithGraph выполнился за 22 мс
2026-04-27 15:39:47.388 [http-nio-8080-exec-2] DEBUG c.r.c.aspect.ServiceLoggingAspect - Выполнение метода: ProducerService.getAllProducers с аргументами: []
2026-04-27 15:39:47.388 [http-nio-8080-exec-2] DEBUG c.r.c.aspect.ServiceLoggingAspect - Метод ProducerService.getAllProducers выполнился за 0 мс
2026-04-27 15:39:47.396 [http-nio-8080-exec-3] DEBUG c.r.c.aspect.ServiceLoggingAspect - Выполнение метода: ShopService.getAllShops с аргументами: [Page request [number: 0, size 200, sort: id: ASC]]
2026-04-27 15:39:47.399 [http-nio-8080-exec-3] DEBUG c.r.c.aspect.ServiceLoggingAspect - Метод ShopService.getAllShops выполнился за 3 мс
2026-04-27 15:39:47.409 [http-nio-8080-exec-4] DEBUG c.r.c.aspect.ServiceLoggingAspect - Выполнение метода: CategoryService.getAllCategories с аргументами: []
2026-04-27 15:39:47.410 [http-nio-8080-exec-4] DEBUG c.r.c.aspect.ServiceLoggingAspect - Метод CategoryService.getAllCategories выполнился за 1 мс
2026-04-27 15:39:47.417 [http-nio-8080-exec-5] DEBUG c.r.c.aspect.ServiceLoggingAspect - Выполнение метода: ShopService.getAllShops с аргументами: [Page request [number: 0, size 5, sort: id: ASC]]
2026-04-27 15:39:47.418 [http-nio-8080-exec-5] DEBUG c.r.c.aspect.ServiceLoggingAspect - Метод ShopService.getAllShops выполнился за 1 мс
2026-04-27 15:39:48.264 [http-nio-8080-exec-6] DEBUG c.r.c.aspect.ServiceLoggingAspect - Выполнение метода: CheeseService.getCheeseById с аргументами: [20]
2026-04-27 15:39:48.271 [http-nio-8080-exec-6] DEBUG c.r.c.aspect.ServiceLoggingAspect - Метод CheeseService.getCheeseById выполнился за 7 мс
2026-04-27 15:39:54.702 [http-nio-8080-exec-7] DEBUG c.r.c.aspect.ServiceLoggingAspect - Выполнение метода: CheeseService.createCheese с аргументами: [2, 5, CheeseRequestDto(name=Белая вежа, fats=50.0, description=Рассольный сыр, выдержанный в дубовых бочках, price=27.0)]
2026-04-27 15:39:54.713 [http-nio-8080-exec-7] DEBUG c.r.c.aspect.ServiceLoggingAspect - Метод CheeseService.createCheese выполнился за 10 мс
2026-04-27 15:39:54.732 [http-nio-8080-exec-8] DEBUG c.r.c.aspect.ServiceLoggingAspect - Выполнение метода: ReviewService.getReviewsByCheeseId с аргументами: [20]
2026-04-27 15:39:54.735 [http-nio-8080-exec-8] DEBUG c.r.c.aspect.ServiceLoggingAspect - Метод ReviewService.getReviewsByCheeseId выполнился за 2 мс
2026-04-27 15:39:54.741 [http-nio-8080-exec-9] DEBUG c.r.c.aspect.ServiceLoggingAspect - Выполнение метода: CheeseService.deleteCheese с аргументами: [20]
2026-04-27 15:39:54.745 [http-nio-8080-exec-9] DEBUG c.r.c.aspect.ServiceLoggingAspect - Метод CheeseService.deleteCheese выполнился за 3 мс
2026-04-27 15:39:54.756 [http-nio-8080-exec-10] DEBUG c.r.c.aspect.ServiceLoggingAspect - Выполнение метода: CheeseService.getAllCheesesWithGraph с аргументами: []
2026-04-27 15:39:54.760 [http-nio-8080-exec-10] DEBUG c.r.c.aspect.ServiceLoggingAspect - Метод CheeseService.getAllCheesesWithGraph выполнился за 3 мс
2026-04-27 15:39:54.767 [http-nio-8080-exec-1] DEBUG c.r.c.aspect.ServiceLoggingAspect - Выполнение метода: ProducerService.getAllProducers с аргументами: []
2026-04-27 15:39:54.767 [http-nio-8080-exec-1] DEBUG c.r.c.aspect.ServiceLoggingAspect - Метод ProducerService.getAllProducers выполнился за 0 мс
2026-04-27 15:39:54.771 [http-nio-8080-exec-2] DEBUG c.r.c.aspect.ServiceLoggingAspect - Выполнение метода: ShopService.getAllShops с аргументами: [Page request [number: 0, size 200, sort: id: ASC]]
2026-04-27 15:39:54.772 [http-nio-8080-exec-2] DEBUG c.r.c.aspect.ServiceLoggingAspect - Метод ShopService.getAllShops выполнился за 1 мс
2026-04-27 15:39:54.782 [http-nio-8080-exec-3] DEBUG c.r.c.aspect.ServiceLoggingAspect - Выполнение метода: CategoryService.getAllCategories с аргументами: []
2026-04-27 15:39:54.783 [http-nio-8080-exec-3] DEBUG c.r.c.aspect.ServiceLoggingAspect - Метод CategoryService.getAllCategories выполнился за 0 мс
2026-04-27 15:39:54.786 [http-nio-8080-exec-4] DEBUG c.r.c.aspect.ServiceLoggingAspect - Выполнение метода: ShopService.getAllShops с аргументами: [Page request [number: 0, size 5, sort: id: ASC]]
2026-04-27 15:39:54.787 [http-nio-8080-exec-4] DEBUG c.r.c.aspect.ServiceLoggingAspect - Метод ShopService.getAllShops выполнился за 1 мс
2026-04-27 15:39:56.272 [http-nio-8080-exec-5] DEBUG c.r.c.aspect.ServiceLoggingAspect - Выполнение метода: CheeseService.getAllCheesesWithGraph с аргументами: []
2026-04-27 15:39:56.278 [http-nio-8080-exec-5] DEBUG c.r.c.aspect.ServiceLoggingAspect - Метод CheeseService.getAllCheesesWithGraph выполнился за 5 мс
2026-04-27 15:39:58.351 [http-nio-8080-exec-6] DEBUG c.r.c.aspect.ServiceLoggingAspect - Выполнение метода: CheeseService.getAllCheesesWithGraph с аргументами: []
2026-04-27 15:39:58.368 [http-nio-8080-exec-6] DEBUG c.r.c.aspect.ServiceLoggingAspect - Метод CheeseService.getAllCheesesWithGraph выполнился за 16 мс
2026-04-27 15:39:58.379 [http-nio-8080-exec-7] DEBUG c.r.c.aspect.ServiceLoggingAspect - Выполнение метода: ProducerService.getAllProducers с аргументами: []
2026-04-27 15:39:58.379 [http-nio-8080-exec-7] DEBUG c.r.c.aspect.ServiceLoggingAspect - Метод ProducerService.getAllProducers выполнился за 0 мс
2026-04-27 15:39:58.385 [http-nio-8080-exec-8] DEBUG c.r.c.aspect.ServiceLoggingAspect - Выполнение метода: ShopService.getAllShops с аргументами: [Page request [number: 0, size 200, sort: id: ASC]]
2026-04-27 15:39:58.387 [http-nio-8080-exec-8] DEBUG c.r.c.aspect.ServiceLoggingAspect - Метод ShopService.getAllShops выполнился за 1 мс
2026-04-27 15:39:58.392 [http-nio-8080-exec-9] DEBUG c.r.c.aspect.ServiceLoggingAspect - Выполнение метода: CategoryService.getAllCategories с аргументами: []
2026-04-27 15:39:58.393 [http-nio-8080-exec-9] DEBUG c.r.c.aspect.ServiceLoggingAspect - Метод CategoryService.getAllCategories выполнился за 1 мс
2026-04-27 15:39:58.397 [http-nio-8080-exec-10] DEBUG c.r.c.aspect.ServiceLoggingAspect - Выполнение метода: ShopService.getAllShops с аргументами: [Page request [number: 0, size 5, sort: id: ASC]]
2026-04-27 15:39:58.398 [http-nio-8080-exec-10] DEBUG c.r.c.aspect.ServiceLoggingAspect - Метод ShopService.getAllShops выполнился за 1 мс
2026-04-27 15:39:59.581 [http-nio-8080-exec-1] DEBUG c.r.c.aspect.ServiceLoggingAspect - Выполнение метода: CheeseService.getCheeseById с аргументами: [23]
2026-04-27 15:39:59.587 [http-nio-8080-exec-1] DEBUG c.r.c.aspect.ServiceLoggingAspect - Метод CheeseService.getCheeseById выполнился за 6 мс
2026-04-27 15:40:11.516 [http-nio-8080-exec-2] DEBUG c.r.c.aspect.ServiceLoggingAspect - Выполнение метода: CheeseService.createCheese с аргументами: [2, 5, CheeseRequestDto(name=Белая вежа, fats=50.0, description=Рассольный сыр, выдержанный в дубовых бочках, price=27.0)]
2026-04-27 15:40:11.522 [http-nio-8080-exec-2] DEBUG c.r.c.aspect.ServiceLoggingAspect - Метод CheeseService.createCheese выполнился за 5 мс
2026-04-27 15:40:11.532 [http-nio-8080-exec-3] DEBUG c.r.c.aspect.ServiceLoggingAspect - Выполнение метода: CategoryService.createCategory с аргументами: [24, CategoryRequestDto(name=Мягкий, description=)]
2026-04-27 15:40:11.535 [http-nio-8080-exec-3] DEBUG c.r.c.aspect.ServiceLoggingAspect - Метод CategoryService.createCategory выполнился за 3 мс
2026-04-27 15:40:11.545 [http-nio-8080-exec-4] DEBUG c.r.c.aspect.ServiceLoggingAspect - Выполнение метода: CategoryService.createCategory с аргументами: [24, CategoryRequestDto(name=Нежный, description=)]
2026-04-27 15:40:11.550 [http-nio-8080-exec-4] DEBUG c.r.c.aspect.ServiceLoggingAspect - Метод CategoryService.createCategory выполнился за 4 мс
2026-04-27 15:40:11.558 [http-nio-8080-exec-5] DEBUG c.r.c.aspect.ServiceLoggingAspect - Выполнение метода: ReviewService.getReviewsByCheeseId с аргументами: [23]
2026-04-27 15:40:11.559 [http-nio-8080-exec-5] DEBUG c.r.c.aspect.ServiceLoggingAspect - Метод ReviewService.getReviewsByCheeseId выполнился за 1 мс
2026-04-27 15:40:11.563 [http-nio-8080-exec-6] DEBUG c.r.c.aspect.ServiceLoggingAspect - Выполнение метода: CheeseService.deleteCheese с аргументами: [23]
2026-04-27 15:40:11.566 [http-nio-8080-exec-6] DEBUG c.r.c.aspect.ServiceLoggingAspect - Метод CheeseService.deleteCheese выполнился за 2 мс
2026-04-27 15:40:11.572 [http-nio-8080-exec-7] DEBUG c.r.c.aspect.ServiceLoggingAspect - Выполнение метода: CheeseService.getAllCheesesWithGraph с аргументами: []
2026-04-27 15:40:11.576 [http-nio-8080-exec-7] DEBUG c.r.c.aspect.ServiceLoggingAspect - Метод CheeseService.getAllCheesesWithGraph выполнился за 4 мс
2026-04-27 15:40:11.583 [http-nio-8080-exec-8] DEBUG c.r.c.aspect.ServiceLoggingAspect - Выполнение метода: ProducerService.getAllProducers с аргументами: []
2026-04-27 15:40:11.583 [http-nio-8080-exec-8] DEBUG c.r.c.aspect.ServiceLoggingAspect - Метод ProducerService.getAllProducers выполнился за 0 мс
2026-04-27 15:40:11.587 [http-nio-8080-exec-9] DEBUG c.r.c.aspect.ServiceLoggingAspect - Выполнение метода: ShopService.getAllShops с аргументами: [Page request [number: 0, size 200, sort: id: ASC]]
2026-04-27 15:40:11.588 [http-nio-8080-exec-9] DEBUG c.r.c.aspect.ServiceLoggingAspect - Метод ShopService.getAllShops выполнился за 0 мс
2026-04-27 15:40:11.593 [http-nio-8080-exec-10] DEBUG c.r.c.aspect.ServiceLoggingAspect - Выполнение метода: CategoryService.getAllCategories с аргументами: []
2026-04-27 15:40:11.594 [http-nio-8080-exec-10] DEBUG c.r.c.aspect.ServiceLoggingAspect - Метод CategoryService.getAllCategories выполнился за 0 мс
2026-04-27 15:40:11.598 [http-nio-8080-exec-1] DEBUG c.r.c.aspect.ServiceLoggingAspect - Выполнение метода: ShopService.getAllShops с аргументами: [Page request [number: 0, size 5, sort: id: ASC]]
2026-04-27 15:40:11.599 [http-nio-8080-exec-1] DEBUG c.r.c.aspect.ServiceLoggingAspect - Метод ShopService.getAllShops выполнился за 1 мс
2026-04-27 15:40:13.352 [http-nio-8080-exec-2] DEBUG c.r.c.aspect.ServiceLoggingAspect - Выполнение метода: CheeseService.getAllCheesesWithGraph с аргументами: []
2026-04-27 15:40:13.366 [http-nio-8080-exec-2] DEBUG c.r.c.aspect.ServiceLoggingAspect - Метод CheeseService.getAllCheesesWithGraph выполнился за 13 мс
2026-04-27 15:40:13.376 [http-nio-8080-exec-3] DEBUG c.r.c.aspect.ServiceLoggingAspect - Выполнение метода: ProducerService.getAllProducers с аргументами: []
2026-04-27 15:40:13.376 [http-nio-8080-exec-3] DEBUG c.r.c.aspect.ServiceLoggingAspect - Метод ProducerService.getAllProducers выполнился за 0 мс
2026-04-27 15:40:13.381 [http-nio-8080-exec-4] DEBUG c.r.c.aspect.ServiceLoggingAspect - Выполнение метода: ShopService.getAllShops с аргументами: [Page request [number: 0, size 200, sort: id: ASC]]
2026-04-27 15:40:13.383 [http-nio-8080-exec-4] DEBUG c.r.c.aspect.ServiceLoggingAspect - Метод ShopService.getAllShops выполнился за 1 мс
2026-04-27 15:40:13.389 [http-nio-8080-exec-5] DEBUG c.r.c.aspect.ServiceLoggingAspect - Выполнение метода: CategoryService.getAllCategories с аргументами: []
2026-04-27 15:40:13.391 [http-nio-8080-exec-5] DEBUG c.r.c.aspect.ServiceLoggingAspect - Метод CategoryService.getAllCategories выполнился за 1 мс
2026-04-27 15:40:13.397 [http-nio-8080-exec-6] DEBUG c.r.c.aspect.ServiceLoggingAspect - Выполнение метода: ShopService.getAllShops с аргументами: [Page request [number: 0, size 5, sort: id: ASC]]
2026-04-27 15:40:13.399 [http-nio-8080-exec-6] DEBUG c.r.c.aspect.ServiceLoggingAspect - Метод ShopService.getAllShops выполнился за 1 мс
2026-04-27 15:40:15.075 [http-nio-8080-exec-7] DEBUG c.r.c.aspect.ServiceLoggingAspect - Выполнение метода: CheeseService.getAllCheesesWithGraph с аргументами: []
2026-04-27 15:40:15.086 [http-nio-8080-exec-7] DEBUG c.r.c.aspect.ServiceLoggingAspect - Метод CheeseService.getAllCheesesWithGraph выполнился за 10 мс
2026-04-27 15:56:55.534 [http-nio-8080-exec-8] DEBUG c.r.c.aspect.ServiceLoggingAspect - Выполнение метода: CheeseService.getAllCheesesWithGraph с аргументами: []
2026-04-27 15:56:55.570 [http-nio-8080-exec-8] DEBUG c.r.c.aspect.ServiceLoggingAspect - Метод CheeseService.getAllCheesesWithGraph выполнился за 35 мс
2026-04-27 15:56:55.584 [http-nio-8080-exec-9] DEBUG c.r.c.aspect.ServiceLoggingAspect - Выполнение метода: ProducerService.getAllProducers с аргументами: []
2026-04-27 15:56:55.584 [http-nio-8080-exec-9] DEBUG c.r.c.aspect.ServiceLoggingAspect - Метод ProducerService.getAllProducers выполнился за 0 мс
2026-04-27 15:56:55.597 [http-nio-8080-exec-10] DEBUG c.r.c.aspect.ServiceLoggingAspect - Выполнение метода: ShopService.getAllShops с аргументами: [Page request [number: 0, size 200, sort: id: ASC]]
2026-04-27 15:56:55.600 [http-nio-8080-exec-10] DEBUG c.r.c.aspect.ServiceLoggingAspect - Метод ShopService.getAllShops выполнился за 2 мс
2026-04-27 15:56:55.605 [http-nio-8080-exec-1] DEBUG c.r.c.aspect.ServiceLoggingAspect - Выполнение метода: CategoryService.getAllCategories с аргументами: []
2026-04-27 15:56:55.606 [http-nio-8080-exec-1] DEBUG c.r.c.aspect.ServiceLoggingAspect - Метод CategoryService.getAllCategories выполнился за 0 мс
2026-04-27 15:56:55.615 [http-nio-8080-exec-2] DEBUG c.r.c.aspect.ServiceLoggingAspect - Выполнение метода: ShopService.getAllShops с аргументами: [Page request [number: 0, size 5, sort: id: ASC]]
2026-04-27 15:56:55.624 [http-nio-8080-exec-2] DEBUG c.r.c.aspect.ServiceLoggingAspect - Метод ShopService.getAllShops выполнился за 8 мс
2026-04-27 15:57:10.467 [http-nio-8080-exec-3] DEBUG c.r.c.aspect.ServiceLoggingAspect - Выполнение метода: CheeseService.getAllCheesesWithGraph с аргументами: []
2026-04-27 15:57:10.520 [http-nio-8080-exec-3] DEBUG c.r.c.aspect.ServiceLoggingAspect - Метод CheeseService.getAllCheesesWithGraph выполнился за 53 мс
2026-04-27 15:57:10.530 [http-nio-8080-exec-4] DEBUG c.r.c.aspect.ServiceLoggingAspect - Выполнение метода: ProducerService.getAllProducers с аргументами: []
2026-04-27 15:57:10.531 [http-nio-8080-exec-4] DEBUG c.r.c.aspect.ServiceLoggingAspect - Метод ProducerService.getAllProducers выполнился за 0 мс
2026-04-27 15:57:10.537 [http-nio-8080-exec-5] DEBUG c.r.c.aspect.ServiceLoggingAspect - Выполнение метода: ShopService.getAllShops с аргументами: [Page request [number: 0, size 200, sort: id: ASC]]
2026-04-27 15:57:10.540 [http-nio-8080-exec-5] DEBUG c.r.c.aspect.ServiceLoggingAspect - Метод ShopService.getAllShops выполнился за 3 мс
2026-04-27 15:57:10.546 [http-nio-8080-exec-6] DEBUG c.r.c.aspect.ServiceLoggingAspect - Выполнение метода: CategoryService.getAllCategories с аргументами: []
2026-04-27 15:57:10.548 [http-nio-8080-exec-6] DEBUG c.r.c.aspect.ServiceLoggingAspect - Метод CategoryService.getAllCategories выполнился за 1 мс
2026-04-27 15:57:10.558 [http-nio-8080-exec-7] DEBUG c.r.c.aspect.ServiceLoggingAspect - Выполнение метода: ShopService.getAllShops с аргументами: [Page request [number: 0, size 5, sort: id: ASC]]
2026-04-27 15:57:10.562 [http-nio-8080-exec-7] DEBUG c.r.c.aspect.ServiceLoggingAspect - Метод ShopService.getAllShops выполнился за 3 мс
2026-04-27 15:57:25.463 [http-nio-8080-exec-8] DEBUG c.r.c.aspect.ServiceLoggingAspect - Выполнение метода: CheeseService.getAllCheesesWithGraph с аргументами: []
2026-04-27 15:57:25.476 [http-nio-8080-exec-8] DEBUG c.r.c.aspect.ServiceLoggingAspect - Метод CheeseService.getAllCheesesWithGraph выполнился за 12 мс
2026-04-27 15:57:25.486 [http-nio-8080-exec-9] DEBUG c.r.c.aspect.ServiceLoggingAspect - Выполнение метода: ProducerService.getAllProducers с аргументами: []
2026-04-27 15:57:25.486 [http-nio-8080-exec-9] DEBUG c.r.c.aspect.ServiceLoggingAspect - Метод ProducerService.getAllProducers выполнился за 0 мс
2026-04-27 15:57:25.490 [http-nio-8080-exec-10] DEBUG c.r.c.aspect.ServiceLoggingAspect - Выполнение метода: ShopService.getAllShops с аргументами: [Page request [number: 0, size 200, sort: id: ASC]]
2026-04-27 15:57:25.492 [http-nio-8080-exec-10] DEBUG c.r.c.aspect.ServiceLoggingAspect - Метод ShopService.getAllShops выполнился за 1 мс
2026-04-27 15:57:25.498 [http-nio-8080-exec-1] DEBUG c.r.c.aspect.ServiceLoggingAspect - Выполнение метода: CategoryService.getAllCategories с аргументами: []
2026-04-27 15:57:25.499 [http-nio-8080-exec-1] DEBUG c.r.c.aspect.ServiceLoggingAspect - Метод CategoryService.getAllCategories выполнился за 1 мс
2026-04-27 15:57:25.503 [http-nio-8080-exec-2] DEBUG c.r.c.aspect.ServiceLoggingAspect - Выполнение метода: ShopService.getAllShops с аргументами: [Page request [number: 0, size 5, sort: id: ASC]]
2026-04-27 15:57:25.505 [http-nio-8080-exec-2] DEBUG c.r.c.aspect.ServiceLoggingAspect - Метод ShopService.getAllShops выполнился за 2 мс
2026-04-27 15:57:40.461 [http-nio-8080-exec-3] DEBUG c.r.c.aspect.ServiceLoggingAspect - Выполнение метода: CheeseService.getAllCheesesWithGraph с аргументами: []
2026-04-27 15:57:40.470 [http-nio-8080-exec-3] DEBUG c.r.c.aspect.ServiceLoggingAspect - Метод CheeseService.getAllCheesesWithGraph выполнился за 8 мс
2026-04-27 15:57:40.479 [http-nio-8080-exec-4] DEBUG c.r.c.aspect.ServiceLoggingAspect - Выполнение метода: ProducerService.getAllProducers с аргументами: []
2026-04-27 15:57:40.480 [http-nio-8080-exec-4] DEBUG c.r.c.aspect.ServiceLoggingAspect - Метод ProducerService.getAllProducers выполнился за 0 мс
2026-04-27 15:57:40.487 [http-nio-8080-exec-5] DEBUG c.r.c.aspect.ServiceLoggingAspect - Выполнение метода: ShopService.getAllShops с аргументами: [Page request [number: 0, size 200, sort: id: ASC]]
2026-04-27 15:57:40.492 [http-nio-8080-exec-5] DEBUG c.r.c.aspect.ServiceLoggingAspect - Метод ShopService.getAllShops выполнился за 4 мс
2026-04-27 15:57:40.499 [http-nio-8080-exec-6] DEBUG c.r.c.aspect.ServiceLoggingAspect - Выполнение метода: CategoryService.getAllCategories с аргументами: []
2026-04-27 15:57:40.502 [http-nio-8080-exec-6] DEBUG c.r.c.aspect.ServiceLoggingAspect - Метод CategoryService.getAllCategories выполнился за 2 мс
2026-04-27 15:57:40.511 [http-nio-8080-exec-7] DEBUG c.r.c.aspect.ServiceLoggingAspect - Выполнение метода: ShopService.getAllShops с аргументами: [Page request [number: 0, size 5, sort: id: ASC]]
2026-04-27 15:57:40.515 [http-nio-8080-exec-7] DEBUG c.r.c.aspect.ServiceLoggingAspect - Метод ShopService.getAllShops выполнился за 3 мс
2026-04-27 15:57:40.881 [http-nio-8080-exec-8] DEBUG c.r.c.aspect.ServiceLoggingAspect - Выполнение метода: CheeseService.getAllCheesesWithGraph с аргументами: []
2026-04-27 15:57:40.889 [http-nio-8080-exec-8] DEBUG c.r.c.aspect.ServiceLoggingAspect - Метод CheeseService.getAllCheesesWithGraph выполнился за 8 мс
2026-04-27 15:57:46.033 [http-nio-8080-exec-9] DEBUG c.r.c.aspect.ServiceLoggingAspect - Выполнение метода: CheeseService.getAllCheesesWithGraph с аргументами: []
2026-04-27 15:57:46.039 [http-nio-8080-exec-9] DEBUG c.r.c.aspect.ServiceLoggingAspect - Метод CheeseService.getAllCheesesWithGraph выполнился за 5 мс
2026-04-27 15:57:46.046 [http-nio-8080-exec-10] DEBUG c.r.c.aspect.ServiceLoggingAspect - Выполнение метода: ProducerService.getAllProducers с аргументами: []
2026-04-27 15:57:46.047 [http-nio-8080-exec-10] DEBUG c.r.c.aspect.ServiceLoggingAspect - Метод ProducerService.getAllProducers выполнился за 0 мс
2026-04-27 15:57:46.057 [http-nio-8080-exec-1] DEBUG c.r.c.aspect.ServiceLoggingAspect - Выполнение метода: ShopService.getAllShops с аргументами: [Page request [number: 0, size 200, sort: id: ASC]]
2026-04-27 15:57:46.059 [http-nio-8080-exec-1] DEBUG c.r.c.aspect.ServiceLoggingAspect - Метод ShopService.getAllShops выполнился за 1 мс
2026-04-27 15:57:46.063 [http-nio-8080-exec-2] DEBUG c.r.c.aspect.ServiceLoggingAspect - Выполнение метода: CategoryService.getAllCategories с аргументами: []
2026-04-27 15:57:46.064 [http-nio-8080-exec-2] DEBUG c.r.c.aspect.ServiceLoggingAspect - Метод CategoryService.getAllCategories выполнился за 1 мс
2026-04-27 15:57:46.067 [http-nio-8080-exec-3] DEBUG c.r.c.aspect.ServiceLoggingAspect - Выполнение метода: ShopService.getAllShops с аргументами: [Page request [number: 0, size 5, sort: id: ASC]]
2026-04-27 15:57:46.070 [http-nio-8080-exec-3] DEBUG c.r.c.aspect.ServiceLoggingAspect - Метод ShopService.getAllShops выполнился за 2 мс
2026-04-27 15:58:01.034 [http-nio-8080-exec-4] DEBUG c.r.c.aspect.ServiceLoggingAspect - Выполнение метода: CheeseService.getAllCheesesWithGraph с аргументами: []
2026-04-27 15:58:01.046 [http-nio-8080-exec-4] DEBUG c.r.c.aspect.ServiceLoggingAspect - Метод CheeseService.getAllCheesesWithGraph выполнился за 12 мс
2026-04-27 15:58:01.056 [http-nio-8080-exec-5] DEBUG c.r.c.aspect.ServiceLoggingAspect - Выполнение метода: ProducerService.getAllProducers с аргументами: []
2026-04-27 15:58:01.057 [http-nio-8080-exec-5] DEBUG c.r.c.aspect.ServiceLoggingAspect - Метод ProducerService.getAllProducers выполнился за 0 мс
2026-04-27 15:58:01.064 [http-nio-8080-exec-6] DEBUG c.r.c.aspect.ServiceLoggingAspect - Выполнение метода: ShopService.getAllShops с аргументами: [Page request [number: 0, size 200, sort: id: ASC]]
2026-04-27 15:58:01.067 [http-nio-8080-exec-6] DEBUG c.r.c.aspect.ServiceLoggingAspect - Метод ShopService.getAllShops выполнился за 2 мс
2026-04-27 15:58:01.076 [http-nio-8080-exec-7] DEBUG c.r.c.aspect.ServiceLoggingAspect - Выполнение метода: CategoryService.getAllCategories с аргументами: []
2026-04-27 15:58:01.077 [http-nio-8080-exec-7] DEBUG c.r.c.aspect.ServiceLoggingAspect - Метод CategoryService.getAllCategories выполнился за 1 мс
2026-04-27 15:58:01.084 [http-nio-8080-exec-8] DEBUG c.r.c.aspect.ServiceLoggingAspect - Выполнение метода: ShopService.getAllShops с аргументами: [Page request [number: 0, size 5, sort: id: ASC]]
2026-04-27 15:58:01.101 [http-nio-8080-exec-8] DEBUG c.r.c.aspect.ServiceLoggingAspect - Метод ShopService.getAllShops выполнился за 17 мс
2026-04-27 15:58:16.035 [http-nio-8080-exec-9] DEBUG c.r.c.aspect.ServiceLoggingAspect - Выполнение метода: CheeseService.getAllCheesesWithGraph с аргументами: []
2026-04-27 15:58:16.040 [http-nio-8080-exec-9] DEBUG c.r.c.aspect.ServiceLoggingAspect - Метод CheeseService.getAllCheesesWithGraph выполнился за 4 мс
2026-04-27 15:58:16.049 [http-nio-8080-exec-10] DEBUG c.r.c.aspect.ServiceLoggingAspect - Выполнение метода: ProducerService.getAllProducers с аргументами: []
2026-04-27 15:58:16.050 [http-nio-8080-exec-10] DEBUG c.r.c.aspect.ServiceLoggingAspect - Метод ProducerService.getAllProducers выполнился за 0 мс
2026-04-27 15:58:16.055 [http-nio-8080-exec-1] DEBUG c.r.c.aspect.ServiceLoggingAspect - Выполнение метода: ShopService.getAllShops с аргументами: [Page request [number: 0, size 200, sort: id: ASC]]
2026-04-27 15:58:16.056 [http-nio-8080-exec-1] DEBUG c.r.c.aspect.ServiceLoggingAspect - Метод ShopService.getAllShops выполнился за 1 мс
2026-04-27 15:58:16.064 [http-nio-8080-exec-2] DEBUG c.r.c.aspect.ServiceLoggingAspect - Выполнение метода: CategoryService.getAllCategories с аргументами: []
2026-04-27 15:58:16.067 [http-nio-8080-exec-2] DEBUG c.r.c.aspect.ServiceLoggingAspect - Метод CategoryService.getAllCategories выполнился за 2 мс
2026-04-27 15:58:16.073 [http-nio-8080-exec-3] DEBUG c.r.c.aspect.ServiceLoggingAspect - Выполнение метода: ShopService.getAllShops с аргументами: [Page request [number: 0, size 5, sort: id: ASC]]
2026-04-27 15:58:16.076 [http-nio-8080-exec-3] DEBUG c.r.c.aspect.ServiceLoggingAspect - Метод ShopService.getAllShops выполнился за 3 мс
2026-04-27 15:58:31.035 [http-nio-8080-exec-4] DEBUG c.r.c.aspect.ServiceLoggingAspect - Выполнение метода: CheeseService.getAllCheesesWithGraph с аргументами: []
2026-04-27 15:58:31.044 [http-nio-8080-exec-4] DEBUG c.r.c.aspect.ServiceLoggingAspect - Метод CheeseService.getAllCheesesWithGraph выполнился за 8 мс
2026-04-27 15:58:31.051 [http-nio-8080-exec-5] DEBUG c.r.c.aspect.ServiceLoggingAspect - Выполнение метода: ProducerService.getAllProducers с аргументами: []
2026-04-27 15:58:31.051 [http-nio-8080-exec-5] DEBUG c.r.c.aspect.ServiceLoggingAspect - Метод ProducerService.getAllProducers выполнился за 0 мс
2026-04-27 15:58:31.060 [http-nio-8080-exec-6] DEBUG c.r.c.aspect.ServiceLoggingAspect - Выполнение метода: ShopService.getAllShops с аргументами: [Page request [number: 0, size 200, sort: id: ASC]]
2026-04-27 15:58:31.062 [http-nio-8080-exec-6] DEBUG c.r.c.aspect.ServiceLoggingAspect - Метод ShopService.getAllShops выполнился за 2 мс
2026-04-27 15:58:31.070 [http-nio-8080-exec-7] DEBUG c.r.c.aspect.ServiceLoggingAspect - Выполнение метода: CategoryService.getAllCategories с аргументами: []
2026-04-27 15:58:31.072 [http-nio-8080-exec-7] DEBUG c.r.c.aspect.ServiceLoggingAspect - Метод CategoryService.getAllCategories выполнился за 1 мс
2026-04-27 15:58:31.077 [http-nio-8080-exec-8] DEBUG c.r.c.aspect.ServiceLoggingAspect - Выполнение метода: ShopService.getAllShops с аргументами: [Page request [number: 0, size 5, sort: id: ASC]]
2026-04-27 15:58:31.080 [http-nio-8080-exec-8] DEBUG c.r.c.aspect.ServiceLoggingAspect - Метод ShopService.getAllShops выполнился за 2 мс
2026-04-27 15:58:46.214 [http-nio-8080-exec-9] DEBUG c.r.c.aspect.ServiceLoggingAspect - Выполнение метода: CheeseService.getAllCheesesWithGraph с аргументами: []
2026-04-27 15:58:46.245 [http-nio-8080-exec-9] DEBUG c.r.c.aspect.ServiceLoggingAspect - Метод CheeseService.getAllCheesesWithGraph выполнился за 31 мс
2026-04-27 15:58:46.257 [http-nio-8080-exec-10] DEBUG c.r.c.aspect.ServiceLoggingAspect - Выполнение метода: ProducerService.getAllProducers с аргументами: []
2026-04-27 15:58:46.258 [http-nio-8080-exec-10] DEBUG c.r.c.aspect.ServiceLoggingAspect - Метод ProducerService.getAllProducers выполнился за 0 мс
2026-04-27 15:58:46.262 [http-nio-8080-exec-1] DEBUG c.r.c.aspect.ServiceLoggingAspect - Выполнение метода: ShopService.getAllShops с аргументами: [Page request [number: 0, size 200, sort: id: ASC]]
2026-04-27 15:58:46.264 [http-nio-8080-exec-1] DEBUG c.r.c.aspect.ServiceLoggingAspect - Метод ShopService.getAllShops выполнился за 2 мс
2026-04-27 15:58:46.270 [http-nio-8080-exec-2] DEBUG c.r.c.aspect.ServiceLoggingAspect - Выполнение метода: CategoryService.getAllCategories с аргументами: []
2026-04-27 15:58:46.271 [http-nio-8080-exec-2] DEBUG c.r.c.aspect.ServiceLoggingAspect - Метод CategoryService.getAllCategories выполнился за 1 мс
2026-04-27 15:58:46.275 [http-nio-8080-exec-3] DEBUG c.r.c.aspect.ServiceLoggingAspect - Выполнение метода: ShopService.getAllShops с аргументами: [Page request [number: 0, size 5, sort: id: ASC]]
2026-04-27 15:58:46.277 [http-nio-8080-exec-3] DEBUG c.r.c.aspect.ServiceLoggingAspect - Метод ShopService.getAllShops выполнился за 1 мс
2026-04-27 15:59:01.200 [http-nio-8080-exec-4] DEBUG c.r.c.aspect.ServiceLoggingAspect - Выполнение метода: CheeseService.getAllCheesesWithGraph с аргументами: []
2026-04-27 15:59:01.215 [http-nio-8080-exec-4] DEBUG c.r.c.aspect.ServiceLoggingAspect - Метод CheeseService.getAllCheesesWithGraph выполнился за 14 мс
2026-04-27 15:59:01.229 [http-nio-8080-exec-5] DEBUG c.r.c.aspect.ServiceLoggingAspect - Выполнение метода: ProducerService.getAllProducers с аргументами: []
2026-04-27 15:59:01.230 [http-nio-8080-exec-5] DEBUG c.r.c.aspect.ServiceLoggingAspect - Метод ProducerService.getAllProducers выполнился за 0 мс
2026-04-27 15:59:01.239 [http-nio-8080-exec-6] DEBUG c.r.c.aspect.ServiceLoggingAspect - Выполнение метода: ShopService.getAllShops с аргументами: [Page request [number: 0, size 200, sort: id: ASC]]
2026-04-27 15:59:01.245 [http-nio-8080-exec-6] DEBUG c.r.c.aspect.ServiceLoggingAspect - Метод ShopService.getAllShops выполнился за 5 мс
2026-04-27 15:59:01.253 [http-nio-8080-exec-7] DEBUG c.r.c.aspect.ServiceLoggingAspect - Выполнение метода: CategoryService.getAllCategories с аргументами: []
2026-04-27 15:59:01.254 [http-nio-8080-exec-7] DEBUG c.r.c.aspect.ServiceLoggingAspect - Метод CategoryService.getAllCategories выполнился за 1 мс
2026-04-27 15:59:01.262 [http-nio-8080-exec-8] DEBUG c.r.c.aspect.ServiceLoggingAspect - Выполнение метода: ShopService.getAllShops с аргументами: [Page request [number: 0, size 5, sort: id: ASC]]
2026-04-27 15:59:01.264 [http-nio-8080-exec-8] DEBUG c.r.c.aspect.ServiceLoggingAspect - Метод ShopService.getAllShops выполнился за 1 мс
2026-04-27 15:59:16.176 [http-nio-8080-exec-9] DEBUG c.r.c.aspect.ServiceLoggingAspect - Выполнение метода: CheeseService.getAllCheesesWithGraph с аргументами: []
2026-04-27 15:59:16.182 [http-nio-8080-exec-9] DEBUG c.r.c.aspect.ServiceLoggingAspect - Метод CheeseService.getAllCheesesWithGraph выполнился за 5 мс
2026-04-27 15:59:16.207 [http-nio-8080-exec-10] DEBUG c.r.c.aspect.ServiceLoggingAspect - Выполнение метода: ProducerService.getAllProducers с аргументами: []
2026-04-27 15:59:16.207 [http-nio-8080-exec-10] DEBUG c.r.c.aspect.ServiceLoggingAspect - Метод ProducerService.getAllProducers выполнился за 0 мс
2026-04-27 15:59:16.215 [http-nio-8080-exec-1] DEBUG c.r.c.aspect.ServiceLoggingAspect - Выполнение метода: ShopService.getAllShops с аргументами: [Page request [number: 0, size 200, sort: id: ASC]]
2026-04-27 15:59:16.217 [http-nio-8080-exec-1] DEBUG c.r.c.aspect.ServiceLoggingAspect - Метод ShopService.getAllShops выполнился за 2 мс
2026-04-27 15:59:16.224 [http-nio-8080-exec-2] DEBUG c.r.c.aspect.ServiceLoggingAspect - Выполнение метода: CategoryService.getAllCategories с аргументами: []
2026-04-27 15:59:16.225 [http-nio-8080-exec-2] DEBUG c.r.c.aspect.ServiceLoggingAspect - Метод CategoryService.getAllCategories выполнился за 1 мс
2026-04-27 15:59:16.235 [http-nio-8080-exec-3] DEBUG c.r.c.aspect.ServiceLoggingAspect - Выполнение метода: ShopService.getAllShops с аргументами: [Page request [number: 0, size 5, sort: id: ASC]]
2026-04-27 15:59:16.237 [http-nio-8080-exec-3] DEBUG c.r.c.aspect.ServiceLoggingAspect - Метод ShopService.getAllShops выполнился за 2 мс
2026-04-27 15:59:31.196 [http-nio-8080-exec-4] DEBUG c.r.c.aspect.ServiceLoggingAspect - Выполнение метода: CheeseService.getAllCheesesWithGraph с аргументами: []
2026-04-27 15:59:31.217 [http-nio-8080-exec-4] DEBUG c.r.c.aspect.ServiceLoggingAspect - Метод CheeseService.getAllCheesesWithGraph выполнился за 20 мс
2026-04-27 15:59:31.231 [http-nio-8080-exec-5] DEBUG c.r.c.aspect.ServiceLoggingAspect - Выполнение метода: ProducerService.getAllProducers с аргументами: []
2026-04-27 15:59:31.231 [http-nio-8080-exec-5] DEBUG c.r.c.aspect.ServiceLoggingAspect - Метод ProducerService.getAllProducers выполнился за 0 мс
2026-04-27 15:59:31.238 [http-nio-8080-exec-6] DEBUG c.r.c.aspect.ServiceLoggingAspect - Выполнение метода: ShopService.getAllShops с аргументами: [Page request [number: 0, size 200, sort: id: ASC]]
2026-04-27 15:59:31.241 [http-nio-8080-exec-6] DEBUG c.r.c.aspect.ServiceLoggingAspect - Метод ShopService.getAllShops выполнился за 2 мс
2026-04-27 15:59:31.249 [http-nio-8080-exec-7] DEBUG c.r.c.aspect.ServiceLoggingAspect - Выполнение метода: CategoryService.getAllCategories с аргументами: []
2026-04-27 15:59:31.250 [http-nio-8080-exec-7] DEBUG c.r.c.aspect.ServiceLoggingAspect - Метод CategoryService.getAllCategories выполнился за 0 мс
2026-04-27 15:59:31.255 [http-nio-8080-exec-8] DEBUG c.r.c.aspect.ServiceLoggingAspect - Выполнение метода: ShopService.getAllShops с аргументами: [Page request [number: 0, size 5, sort: id: ASC]]
2026-04-27 15:59:31.257 [http-nio-8080-exec-8] DEBUG c.r.c.aspect.ServiceLoggingAspect - Метод ShopService.getAllShops выполнился за 1 мс
2026-04-27 16:00:41.234 [http-nio-8080-exec-9] DEBUG c.r.c.aspect.ServiceLoggingAspect - Выполнение метода: CheeseService.getAllCheesesWithGraph с аргументами: []
2026-04-27 16:00:41.253 [http-nio-8080-exec-9] DEBUG c.r.c.aspect.ServiceLoggingAspect - Метод CheeseService.getAllCheesesWithGraph выполнился за 19 мс
2026-04-27 16:00:41.267 [http-nio-8080-exec-10] DEBUG c.r.c.aspect.ServiceLoggingAspect - Выполнение метода: ProducerService.getAllProducers с аргументами: []
2026-04-27 16:00:41.267 [http-nio-8080-exec-10] DEBUG c.r.c.aspect.ServiceLoggingAspect - Метод ProducerService.getAllProducers выполнился за 0 мс
2026-04-27 16:00:41.271 [http-nio-8080-exec-1] DEBUG c.r.c.aspect.ServiceLoggingAspect - Выполнение метода: ShopService.getAllShops с аргументами: [Page request [number: 0, size 200, sort: id: ASC]]
2026-04-27 16:00:41.329 [http-nio-8080-exec-1] DEBUG c.r.c.aspect.ServiceLoggingAspect - Метод ShopService.getAllShops выполнился за 58 мс
2026-04-27 16:00:41.334 [http-nio-8080-exec-2] DEBUG c.r.c.aspect.ServiceLoggingAspect - Выполнение метода: CategoryService.getAllCategories с аргументами: []
2026-04-27 16:00:41.335 [http-nio-8080-exec-2] DEBUG c.r.c.aspect.ServiceLoggingAspect - Метод CategoryService.getAllCategories выполнился за 1 мс
2026-04-27 16:00:41.339 [http-nio-8080-exec-3] DEBUG c.r.c.aspect.ServiceLoggingAspect - Выполнение метода: ShopService.getAllShops с аргументами: [Page request [number: 0, size 5, sort: id: ASC]]
2026-04-27 16:00:41.341 [http-nio-8080-exec-3] DEBUG c.r.c.aspect.ServiceLoggingAspect - Метод ShopService.getAllShops выполнился за 2 мс
2026-04-27 16:01:34.204 [http-nio-8080-exec-4] DEBUG c.r.c.aspect.ServiceLoggingAspect - Выполнение метода: CheeseService.getAllCheesesWithGraph с аргументами: []
2026-04-27 16:01:34.227 [http-nio-8080-exec-4] DEBUG c.r.c.aspect.ServiceLoggingAspect - Метод CheeseService.getAllCheesesWithGraph выполнился за 22 мс
2026-04-27 16:01:34.254 [http-nio-8080-exec-5] DEBUG c.r.c.aspect.ServiceLoggingAspect - Выполнение метода: ProducerService.getAllProducers с аргументами: []
2026-04-27 16:01:34.254 [http-nio-8080-exec-5] DEBUG c.r.c.aspect.ServiceLoggingAspect - Метод ProducerService.getAllProducers выполнился за 0 мс
2026-04-27 16:01:34.269 [http-nio-8080-exec-6] DEBUG c.r.c.aspect.ServiceLoggingAspect - Выполнение метода: ShopService.getAllShops с аргументами: [Page request [number: 0, size 200, sort: id: ASC]]
2026-04-27 16:01:34.274 [http-nio-8080-exec-6] DEBUG c.r.c.aspect.ServiceLoggingAspect - Метод ShopService.getAllShops выполнился за 5 мс
2026-04-27 16:01:34.283 [http-nio-8080-exec-7] DEBUG c.r.c.aspect.ServiceLoggingAspect - Выполнение метода: CategoryService.getAllCategories с аргументами: []
2026-04-27 16:01:34.284 [http-nio-8080-exec-7] DEBUG c.r.c.aspect.ServiceLoggingAspect - Метод CategoryService.getAllCategories выполнился за 1 мс
2026-04-27 16:01:34.349 [http-nio-8080-exec-9] DEBUG c.r.c.aspect.ServiceLoggingAspect - Выполнение метода: ShopService.getAllShops с аргументами: [Page request [number: 0, size 5, sort: id: ASC]]
2026-04-27 16:01:34.350 [http-nio-8080-exec-9] DEBUG c.r.c.aspect.ServiceLoggingAspect - Метод ShopService.getAllShops выполнился за 1 мс
2026-04-27 16:01:50.210 [http-nio-8080-exec-10] DEBUG c.r.c.aspect.ServiceLoggingAspect - Выполнение метода: CheeseService.getAllCheesesWithGraph с аргументами: []
2026-04-27 16:01:50.222 [http-nio-8080-exec-10] DEBUG c.r.c.aspect.ServiceLoggingAspect - Метод CheeseService.getAllCheesesWithGraph выполнился за 12 мс
2026-04-27 16:01:50.249 [http-nio-8080-exec-2] DEBUG c.r.c.aspect.ServiceLoggingAspect - Выполнение метода: ProducerService.getAllProducers с аргументами: []
2026-04-27 16:01:50.249 [http-nio-8080-exec-2] DEBUG c.r.c.aspect.ServiceLoggingAspect - Метод ProducerService.getAllProducers выполнился за 0 мс
2026-04-27 16:01:50.260 [http-nio-8080-exec-3] DEBUG c.r.c.aspect.ServiceLoggingAspect - Выполнение метода: ShopService.getAllShops с аргументами: [Page request [number: 0, size 200, sort: id: ASC]]
2026-04-27 16:01:50.263 [http-nio-8080-exec-3] DEBUG c.r.c.aspect.ServiceLoggingAspect - Метод ShopService.getAllShops выполнился за 3 мс
2026-04-27 16:01:50.269 [http-nio-8080-exec-4] DEBUG c.r.c.aspect.ServiceLoggingAspect - Выполнение метода: CategoryService.getAllCategories с аргументами: []
2026-04-27 16:01:50.270 [http-nio-8080-exec-4] DEBUG c.r.c.aspect.ServiceLoggingAspect - Метод CategoryService.getAllCategories выполнился за 1 мс
2026-04-27 16:01:50.280 [http-nio-8080-exec-6] DEBUG c.r.c.aspect.ServiceLoggingAspect - Выполнение метода: ShopService.getAllShops с аргументами: [Page request [number: 0, size 5, sort: id: ASC]]
2026-04-27 16:01:50.287 [http-nio-8080-exec-6] DEBUG c.r.c.aspect.ServiceLoggingAspect - Метод ShopService.getAllShops выполнился за 7 мс
2026-04-27 16:01:52.180 [http-nio-8080-exec-7] DEBUG c.r.c.aspect.ServiceLoggingAspect - Выполнение метода: CheeseService.getAllCheesesWithGraph с аргументами: []
2026-04-27 16:01:52.186 [http-nio-8080-exec-7] DEBUG c.r.c.aspect.ServiceLoggingAspect - Метод CheeseService.getAllCheesesWithGraph выполнился за 6 мс
2026-04-27 16:01:52.211 [http-nio-8080-exec-8] DEBUG c.r.c.aspect.ServiceLoggingAspect - Выполнение метода: ProducerService.getAllProducers с аргументами: []
2026-04-27 16:01:52.212 [http-nio-8080-exec-8] DEBUG c.r.c.aspect.ServiceLoggingAspect - Метод ProducerService.getAllProducers выполнился за 0 мс
2026-04-27 16:01:52.223 [http-nio-8080-exec-9] DEBUG c.r.c.aspect.ServiceLoggingAspect - Выполнение метода: ShopService.getAllShops с аргументами: [Page request [number: 0, size 200, sort: id: ASC]]
2026-04-27 16:01:52.227 [http-nio-8080-exec-9] DEBUG c.r.c.aspect.ServiceLoggingAspect - Метод ShopService.getAllShops выполнился за 3 мс
2026-04-27 16:01:52.234 [http-nio-8080-exec-1] DEBUG c.r.c.aspect.ServiceLoggingAspect - Выполнение метода: CategoryService.getAllCategories с аргументами: []
2026-04-27 16:01:52.236 [http-nio-8080-exec-1] DEBUG c.r.c.aspect.ServiceLoggingAspect - Метод CategoryService.getAllCategories выполнился за 1 мс
2026-04-27 16:01:52.248 [http-nio-8080-exec-2] DEBUG c.r.c.aspect.ServiceLoggingAspect - Выполнение метода: ShopService.getAllShops с аргументами: [Page request [number: 0, size 5, sort: id: ASC]]
2026-04-27 16:01:52.251 [http-nio-8080-exec-2] DEBUG c.r.c.aspect.ServiceLoggingAspect - Метод ShopService.getAllShops выполнился за 3 мс
2026-04-27 16:02:08.196 [http-nio-8080-exec-3] DEBUG c.r.c.aspect.ServiceLoggingAspect - Выполнение метода: CheeseService.getAllCheesesWithGraph с аргументами: []
2026-04-27 16:02:08.211 [http-nio-8080-exec-3] DEBUG c.r.c.aspect.ServiceLoggingAspect - Метод CheeseService.getAllCheesesWithGraph выполнился за 15 мс
2026-04-27 16:02:08.232 [http-nio-8080-exec-4] DEBUG c.r.c.aspect.ServiceLoggingAspect - Выполнение метода: ProducerService.getAllProducers с аргументами: []
2026-04-27 16:02:08.233 [http-nio-8080-exec-4] DEBUG c.r.c.aspect.ServiceLoggingAspect - Метод ProducerService.getAllProducers выполнился за 0 мс
2026-04-27 16:02:08.242 [http-nio-8080-exec-5] DEBUG c.r.c.aspect.ServiceLoggingAspect - Выполнение метода: ShopService.getAllShops с аргументами: [Page request [number: 0, size 200, sort: id: ASC]]
2026-04-27 16:02:08.245 [http-nio-8080-exec-5] DEBUG c.r.c.aspect.ServiceLoggingAspect - Метод ShopService.getAllShops выполнился за 2 мс
2026-04-27 16:02:08.256 [http-nio-8080-exec-6] DEBUG c.r.c.aspect.ServiceLoggingAspect - Выполнение метода: CategoryService.getAllCategories с аргументами: []
2026-04-27 16:02:08.258 [http-nio-8080-exec-6] DEBUG c.r.c.aspect.ServiceLoggingAspect - Метод CategoryService.getAllCategories выполнился за 1 мс
2026-04-27 16:02:08.275 [http-nio-8080-exec-8] DEBUG c.r.c.aspect.ServiceLoggingAspect - Выполнение метода: ShopService.getAllShops с аргументами: [Page request [number: 0, size 5, sort: id: ASC]]
2026-04-27 16:02:08.278 [http-nio-8080-exec-8] DEBUG c.r.c.aspect.ServiceLoggingAspect - Метод ShopService.getAllShops выполнился за 2 мс
2026-04-27 16:02:23.182 [http-nio-8080-exec-9] DEBUG c.r.c.aspect.ServiceLoggingAspect - Выполнение метода: CheeseService.getAllCheesesWithGraph с аргументами: []
2026-04-27 16:02:23.190 [http-nio-8080-exec-9] DEBUG c.r.c.aspect.ServiceLoggingAspect - Метод CheeseService.getAllCheesesWithGraph выполнился за 8 мс
2026-04-27 16:02:23.205 [http-nio-8080-exec-1] DEBUG c.r.c.aspect.ServiceLoggingAspect - Выполнение метода: ProducerService.getAllProducers с аргументами: []
2026-04-27 16:02:23.205 [http-nio-8080-exec-1] DEBUG c.r.c.aspect.ServiceLoggingAspect - Метод ProducerService.getAllProducers выполнился за 0 мс
2026-04-27 16:02:23.218 [http-nio-8080-exec-10] DEBUG c.r.c.aspect.ServiceLoggingAspect - Выполнение метода: ShopService.getAllShops с аргументами: [Page request [number: 0, size 200, sort: id: ASC]]
2026-04-27 16:02:23.222 [http-nio-8080-exec-10] DEBUG c.r.c.aspect.ServiceLoggingAspect - Метод ShopService.getAllShops выполнился за 3 мс
2026-04-27 16:02:23.233 [http-nio-8080-exec-2] DEBUG c.r.c.aspect.ServiceLoggingAspect - Выполнение метода: CategoryService.getAllCategories с аргументами: []
2026-04-27 16:02:23.235 [http-nio-8080-exec-2] DEBUG c.r.c.aspect.ServiceLoggingAspect - Метод CategoryService.getAllCategories выполнился за 2 мс
2026-04-27 16:02:23.253 [http-nio-8080-exec-4] DEBUG c.r.c.aspect.ServiceLoggingAspect - Выполнение метода: ShopService.getAllShops с аргументами: [Page request [number: 0, size 5, sort: id: ASC]]
2026-04-27 16:02:23.257 [http-nio-8080-exec-4] DEBUG c.r.c.aspect.ServiceLoggingAspect - Метод ShopService.getAllShops выполнился за 3 мс
2026-04-27 16:02:38.178 [http-nio-8080-exec-5] DEBUG c.r.c.aspect.ServiceLoggingAspect - Выполнение метода: CheeseService.getAllCheesesWithGraph с аргументами: []
2026-04-27 16:02:38.181 [http-nio-8080-exec-5] DEBUG c.r.c.aspect.ServiceLoggingAspect - Метод CheeseService.getAllCheesesWithGraph выполнился за 2 мс
2026-04-27 16:02:38.188 [http-nio-8080-exec-6] DEBUG c.r.c.aspect.ServiceLoggingAspect - Выполнение метода: ProducerService.getAllProducers с аргументами: []
2026-04-27 16:02:38.188 [http-nio-8080-exec-6] DEBUG c.r.c.aspect.ServiceLoggingAspect - Метод ProducerService.getAllProducers выполнился за 0 мс
2026-04-27 16:02:38.194 [http-nio-8080-exec-7] DEBUG c.r.c.aspect.ServiceLoggingAspect - Выполнение метода: ShopService.getAllShops с аргументами: [Page request [number: 0, size 200, sort: id: ASC]]
2026-04-27 16:02:38.196 [http-nio-8080-exec-7] DEBUG c.r.c.aspect.ServiceLoggingAspect - Метод ShopService.getAllShops выполнился за 1 мс
2026-04-27 16:02:38.203 [http-nio-8080-exec-8] DEBUG c.r.c.aspect.ServiceLoggingAspect - Выполнение метода: CategoryService.getAllCategories с аргументами: []
2026-04-27 16:02:38.205 [http-nio-8080-exec-8] DEBUG c.r.c.aspect.ServiceLoggingAspect - Метод CategoryService.getAllCategories выполнился за 1 мс
2026-04-27 16:02:38.216 [http-nio-8080-exec-1] DEBUG c.r.c.aspect.ServiceLoggingAspect - Выполнение метода: ShopService.getAllShops с аргументами: [Page request [number: 0, size 5, sort: id: ASC]]
2026-04-27 16:02:38.218 [http-nio-8080-exec-1] DEBUG c.r.c.aspect.ServiceLoggingAspect - Метод ShopService.getAllShops выполнился за 2 мс
2026-04-27 16:02:53.188 [http-nio-8080-exec-10] DEBUG c.r.c.aspect.ServiceLoggingAspect - Выполнение метода: CheeseService.getAllCheesesWithGraph с аргументами: []
2026-04-27 16:02:53.200 [http-nio-8080-exec-10] DEBUG c.r.c.aspect.ServiceLoggingAspect - Метод CheeseService.getAllCheesesWithGraph выполнился за 11 мс
2026-04-27 16:02:53.219 [http-nio-8080-exec-2] DEBUG c.r.c.aspect.ServiceLoggingAspect - Выполнение метода: ProducerService.getAllProducers с аргументами: []
2026-04-27 16:02:53.219 [http-nio-8080-exec-2] DEBUG c.r.c.aspect.ServiceLoggingAspect - Метод ProducerService.getAllProducers выполнился за 0 мс
2026-04-27 16:02:53.229 [http-nio-8080-exec-3] DEBUG c.r.c.aspect.ServiceLoggingAspect - Выполнение метода: ShopService.getAllShops с аргументами: [Page request [number: 0, size 200, sort: id: ASC]]
2026-04-27 16:02:53.233 [http-nio-8080-exec-3] DEBUG c.r.c.aspect.ServiceLoggingAspect - Метод ShopService.getAllShops выполнился за 3 мс
2026-04-27 16:02:53.242 [http-nio-8080-exec-4] DEBUG c.r.c.aspect.ServiceLoggingAspect - Выполнение метода: CategoryService.getAllCategories с аргументами: []
2026-04-27 16:02:53.244 [http-nio-8080-exec-4] DEBUG c.r.c.aspect.ServiceLoggingAspect - Метод CategoryService.getAllCategories выполнился за 1 мс
2026-04-27 16:02:53.264 [http-nio-8080-exec-6] DEBUG c.r.c.aspect.ServiceLoggingAspect - Выполнение метода: ShopService.getAllShops с аргументами: [Page request [number: 0, size 5, sort: id: ASC]]
2026-04-27 16:02:53.268 [http-nio-8080-exec-6] DEBUG c.r.c.aspect.ServiceLoggingAspect - Метод ShopService.getAllShops выполнился за 3 мс
2026-04-27 16:03:08.196 [http-nio-8080-exec-7] DEBUG c.r.c.aspect.ServiceLoggingAspect - Выполнение метода: CheeseService.getAllCheesesWithGraph с аргументами: []
2026-04-27 16:03:08.219 [http-nio-8080-exec-7] DEBUG c.r.c.aspect.ServiceLoggingAspect - Метод CheeseService.getAllCheesesWithGraph выполнился за 22 мс
2026-04-27 16:03:08.234 [http-nio-8080-exec-8] DEBUG c.r.c.aspect.ServiceLoggingAspect - Выполнение метода: ProducerService.getAllProducers с аргументами: []
2026-04-27 16:03:08.234 [http-nio-8080-exec-8] DEBUG c.r.c.aspect.ServiceLoggingAspect - Метод ProducerService.getAllProducers выполнился за 0 мс
2026-04-27 16:03:08.242 [http-nio-8080-exec-9] DEBUG c.r.c.aspect.ServiceLoggingAspect - Выполнение метода: ShopService.getAllShops с аргументами: [Page request [number: 0, size 200, sort: id: ASC]]
2026-04-27 16:03:08.245 [http-nio-8080-exec-9] DEBUG c.r.c.aspect.ServiceLoggingAspect - Метод ShopService.getAllShops выполнился за 3 мс
2026-04-27 16:03:08.253 [http-nio-8080-exec-1] DEBUG c.r.c.aspect.ServiceLoggingAspect - Выполнение метода: CategoryService.getAllCategories с аргументами: []
2026-04-27 16:03:08.255 [http-nio-8080-exec-1] DEBUG c.r.c.aspect.ServiceLoggingAspect - Метод CategoryService.getAllCategories выполнился за 1 мс
2026-04-27 16:03:08.277 [http-nio-8080-exec-2] DEBUG c.r.c.aspect.ServiceLoggingAspect - Выполнение метода: ShopService.getAllShops с аргументами: [Page request [number: 0, size 5, sort: id: ASC]]
2026-04-27 16:03:08.279 [http-nio-8080-exec-2] DEBUG c.r.c.aspect.ServiceLoggingAspect - Метод ShopService.getAllShops выполнился за 1 мс
2026-04-27 16:03:22.213 [http-nio-8080-exec-3] DEBUG c.r.c.aspect.ServiceLoggingAspect - Выполнение метода: CheeseService.getAllCheesesWithGraph с аргументами: []
2026-04-27 16:03:22.231 [http-nio-8080-exec-3] DEBUG c.r.c.aspect.ServiceLoggingAspect - Метод CheeseService.getAllCheesesWithGraph выполнился за 18 мс
2026-04-27 16:03:22.255 [http-nio-8080-exec-4] DEBUG c.r.c.aspect.ServiceLoggingAspect - Выполнение метода: ProducerService.getAllProducers с аргументами: []
2026-04-27 16:03:22.255 [http-nio-8080-exec-4] DEBUG c.r.c.aspect.ServiceLoggingAspect - Метод ProducerService.getAllProducers выполнился за 0 мс
2026-04-27 16:03:22.263 [http-nio-8080-exec-5] DEBUG c.r.c.aspect.ServiceLoggingAspect - Выполнение метода: ShopService.getAllShops с аргументами: [Page request [number: 0, size 200, sort: id: ASC]]
2026-04-27 16:03:22.266 [http-nio-8080-exec-5] DEBUG c.r.c.aspect.ServiceLoggingAspect - Метод ShopService.getAllShops выполнился за 3 мс
2026-04-27 16:03:22.276 [http-nio-8080-exec-6] DEBUG c.r.c.aspect.ServiceLoggingAspect - Выполнение метода: CategoryService.getAllCategories с аргументами: []
2026-04-27 16:03:22.278 [http-nio-8080-exec-6] DEBUG c.r.c.aspect.ServiceLoggingAspect - Метод CategoryService.getAllCategories выполнился за 2 мс
2026-04-27 16:03:22.299 [http-nio-8080-exec-8] DEBUG c.r.c.aspect.ServiceLoggingAspect - Выполнение метода: ShopService.getAllShops с аргументами: [Page request [number: 0, size 5, sort: id: ASC]]
2026-04-27 16:03:22.308 [http-nio-8080-exec-8] DEBUG c.r.c.aspect.ServiceLoggingAspect - Метод ShopService.getAllShops выполнился за 8 мс
2026-04-27 16:03:25.706 [http-nio-8080-exec-9] DEBUG c.r.c.aspect.ServiceLoggingAspect - Выполнение метода: CheeseService.getAllCheesesWithGraph с аргументами: []
2026-04-27 16:03:25.715 [http-nio-8080-exec-9] DEBUG c.r.c.aspect.ServiceLoggingAspect - Метод CheeseService.getAllCheesesWithGraph выполнился за 8 мс
2026-04-27 16:03:29.725 [http-nio-8080-exec-1] DEBUG c.r.c.aspect.ServiceLoggingAspect - Выполнение метода: CheeseService.getAllCheesesWithGraph с аргументами: []
2026-04-27 16:03:29.735 [http-nio-8080-exec-1] DEBUG c.r.c.aspect.ServiceLoggingAspect - Метод CheeseService.getAllCheesesWithGraph выполнился за 9 мс
2026-04-27 16:03:29.776 [http-nio-8080-exec-10] DEBUG c.r.c.aspect.ServiceLoggingAspect - Выполнение метода: ProducerService.getAllProducers с аргументами: []
2026-04-27 16:03:29.777 [http-nio-8080-exec-10] DEBUG c.r.c.aspect.ServiceLoggingAspect - Метод ProducerService.getAllProducers выполнился за 0 мс
2026-04-27 16:03:29.782 [http-nio-8080-exec-2] DEBUG c.r.c.aspect.ServiceLoggingAspect - Выполнение метода: ShopService.getAllShops с аргументами: [Page request [number: 0, size 200, sort: id: ASC]]
2026-04-27 16:03:29.788 [http-nio-8080-exec-2] DEBUG c.r.c.aspect.ServiceLoggingAspect - Метод ShopService.getAllShops выполнился за 5 мс
2026-04-27 16:03:29.794 [http-nio-8080-exec-3] DEBUG c.r.c.aspect.ServiceLoggingAspect - Выполнение метода: CategoryService.getAllCategories с аргументами: []
2026-04-27 16:03:29.796 [http-nio-8080-exec-3] DEBUG c.r.c.aspect.ServiceLoggingAspect - Метод CategoryService.getAllCategories выполнился за 1 мс
2026-04-27 16:03:29.815 [http-nio-8080-exec-5] DEBUG c.r.c.aspect.ServiceLoggingAspect - Выполнение метода: ShopService.getAllShops с аргументами: [Page request [number: 0, size 5, sort: id: ASC]]
2026-04-27 16:03:29.823 [http-nio-8080-exec-5] DEBUG c.r.c.aspect.ServiceLoggingAspect - Метод ShopService.getAllShops выполнился за 7 мс
2026-04-27 16:03:37.061 [SpringApplicationShutdownHook] INFO  o.s.boot.tomcat.GracefulShutdown - Commencing graceful shutdown. Waiting for active requests to complete
2026-04-27 16:03:37.090 [tomcat-shutdown] INFO  o.s.boot.tomcat.GracefulShutdown - Graceful shutdown complete
2026-04-27 16:03:37.101 [SpringApplicationShutdownHook] INFO  o.s.o.j.LocalContainerEntityManagerFactoryBean - Closing JPA EntityManagerFactory for persistence unit 'default'
2026-04-27 16:03:37.110 [SpringApplicationShutdownHook] INFO  com.zaxxer.hikari.HikariDataSource - HikariPool-1 - Shutdown initiated...
2026-04-27 16:03:37.112 [SpringApplicationShutdownHook] INFO  com.zaxxer.hikari.HikariDataSource - HikariPool-1 - Shutdown completed.
2026-04-27 16:03:40.182 [main] INFO  c.ryabaya.cheese.CheeseApplication - Starting CheeseApplication using Java 21.0.10 with PID 9300 (/Users/kristinarabaa/Desktop/fix/target/classes started by kristinarabaa in /Users/kristinarabaa/Desktop/fix)
2026-04-27 16:03:40.183 [main] DEBUG c.ryabaya.cheese.CheeseApplication - Running with Spring Boot v4.0.2, Spring v7.0.3
2026-04-27 16:03:40.183 [main] INFO  c.ryabaya.cheese.CheeseApplication - No active profile set, falling back to 1 default profile: "default"
2026-04-27 16:03:40.515 [main] INFO  o.s.d.r.c.RepositoryConfigurationDelegate - Bootstrapping Spring Data JPA repositories in DEFAULT mode.
2026-04-27 16:03:40.538 [main] INFO  o.s.d.r.c.RepositoryConfigurationDelegate - Finished Spring Data repository scanning in 19 ms. Found 5 JPA repository interfaces.
2026-04-27 16:03:40.778 [main] INFO  o.s.boot.tomcat.TomcatWebServer - Tomcat initialized with port 8080 (http)
2026-04-27 16:03:40.783 [main] INFO  o.a.coyote.http11.Http11NioProtocol - Initializing ProtocolHandler ["http-nio-8080"]
2026-04-27 16:03:40.783 [main] INFO  o.a.catalina.core.StandardService - Starting service [Tomcat]
2026-04-27 16:03:40.783 [main] INFO  o.a.catalina.core.StandardEngine - Starting Servlet engine: [Apache Tomcat/11.0.15]
2026-04-27 16:03:40.800 [main] INFO  o.s.b.w.c.s.WebApplicationContextInitializer - Root WebApplicationContext: initialization completed in 599 ms
2026-04-27 16:03:41.088 [main] INFO  o.s.o.j.p.SpringPersistenceUnitInfo - No LoadTimeWeaver setup: ignoring JPA class transformer
2026-04-27 16:03:41.102 [main] INFO  com.zaxxer.hikari.HikariDataSource - HikariPool-1 - Starting...
2026-04-27 16:03:41.160 [main] INFO  com.zaxxer.hikari.pool.HikariPool - HikariPool-1 - Added connection org.postgresql.jdbc.PgConnection@79631db0
2026-04-27 16:03:41.161 [main] INFO  com.zaxxer.hikari.HikariDataSource - HikariPool-1 - Start completed.
2026-04-27 16:03:41.708 [main] INFO  o.s.o.j.LocalContainerEntityManagerFactoryBean - Initialized JPA EntityManagerFactory for persistence unit 'default'
2026-04-27 16:03:41.755 [main] INFO  o.s.d.j.r.q.QueryEnhancerFactories - Hibernate is in classpath; If applicable, HQL parser will be used.
2026-04-27 16:03:42.194 [main] WARN  o.s.b.j.a.JpaBaseConfiguration$JpaWebConfiguration - spring.jpa.open-in-view is enabled by default. Therefore, database queries may be performed during view rendering. Explicitly configure spring.jpa.open-in-view to disable this warning
2026-04-27 16:03:42.412 [main] INFO  o.a.coyote.http11.Http11NioProtocol - Starting ProtocolHandler ["http-nio-8080"]
2026-04-27 16:03:42.419 [main] INFO  o.s.boot.tomcat.TomcatWebServer - Tomcat started on port 8080 (http) with context path '/'
2026-04-27 16:03:42.421 [main] INFO  c.ryabaya.cheese.CheeseApplication - Started CheeseApplication in 2.446 seconds (process running for 2.79)
2026-04-27 16:03:42.422 [main] WARN  o.s.c.events.SpringDocAppInitializer - SpringDoc /v3/api-docs endpoint is enabled by default. To disable it in production, set the property 'springdoc.api-docs.enabled=false'
2026-04-27 16:03:42.422 [main] WARN  o.s.c.events.SpringDocAppInitializer - SpringDoc /swagger-ui.html endpoint is enabled by default. To disable it in production, set the property 'springdoc.swagger-ui.enabled=false'
2026-04-27 16:03:45.245 [http-nio-8080-exec-1] INFO  o.a.c.c.C.[Tomcat].[localhost].[/] - Initializing Spring DispatcherServlet 'dispatcherServlet'
2026-04-27 16:03:45.245 [http-nio-8080-exec-1] INFO  o.s.web.servlet.DispatcherServlet - Initializing Servlet 'dispatcherServlet'
2026-04-27 16:03:45.247 [http-nio-8080-exec-1] INFO  o.s.web.servlet.DispatcherServlet - Completed initialization in 2 ms
2026-04-27 16:03:45.268 [http-nio-8080-exec-1] DEBUG c.r.c.aspect.ServiceLoggingAspect - Выполнение метода: CheeseService.getAllCheesesWithGraph с аргументами: []
2026-04-27 16:03:45.317 [http-nio-8080-exec-1] DEBUG c.r.c.aspect.ServiceLoggingAspect - Метод CheeseService.getAllCheesesWithGraph выполнился за 49 мс
2026-04-27 16:03:45.362 [http-nio-8080-exec-2] DEBUG c.r.c.aspect.ServiceLoggingAspect - Выполнение метода: ProducerService.getAllProducers с аргументами: []
2026-04-27 16:03:45.369 [http-nio-8080-exec-2] DEBUG c.r.c.aspect.ServiceLoggingAspect - Метод ProducerService.getAllProducers выполнился за 7 мс
2026-04-27 16:03:45.382 [http-nio-8080-exec-3] DEBUG c.r.c.aspect.ServiceLoggingAspect - Выполнение метода: ShopService.getAllShops с аргументами: [Page request [number: 0, size 200, sort: id: ASC]]
2026-04-27 16:03:45.387 [http-nio-8080-exec-3] DEBUG c.r.c.aspect.ServiceLoggingAspect - Метод ShopService.getAllShops выполнился за 5 мс
2026-04-27 16:03:45.401 [http-nio-8080-exec-4] DEBUG c.r.c.aspect.ServiceLoggingAspect - Выполнение метода: CategoryService.getAllCategories с аргументами: []
2026-04-27 16:03:45.403 [http-nio-8080-exec-4] DEBUG c.r.c.aspect.ServiceLoggingAspect - Метод CategoryService.getAllCategories выполнился за 2 мс
2026-04-27 16:03:45.420 [http-nio-8080-exec-5] DEBUG c.r.c.aspect.ServiceLoggingAspect - Выполнение метода: CheeseService.getCheesesPage с аргументами: [Page request [number: 0, size 8, sort: name: ASC]]
2026-04-27 16:03:45.448 [http-nio-8080-exec-5] DEBUG c.r.c.aspect.ServiceLoggingAspect - Метод CheeseService.getCheesesPage выполнился за 28 мс
2026-04-27 16:03:45.453 [http-nio-8080-exec-6] DEBUG c.r.c.aspect.ServiceLoggingAspect - Выполнение метода: ShopService.getAllShops с аргументами: [Page request [number: 0, size 5, sort: id: ASC]]
2026-04-27 16:03:45.455 [http-nio-8080-exec-6] DEBUG c.r.c.aspect.ServiceLoggingAspect - Метод ShopService.getAllShops выполнился за 2 мс
2026-04-27 16:03:49.985 [http-nio-8080-exec-7] DEBUG c.r.c.aspect.ServiceLoggingAspect - Выполнение метода: CheeseService.getAllCheesesWithGraph с аргументами: []
2026-04-27 16:03:49.998 [http-nio-8080-exec-7] DEBUG c.r.c.aspect.ServiceLoggingAspect - Метод CheeseService.getAllCheesesWithGraph выполнился за 12 мс
2026-04-27 16:03:53.148 [http-nio-8080-exec-8] DEBUG c.r.c.aspect.ServiceLoggingAspect - Выполнение метода: CheeseService.getAllCheesesWithGraph с аргументами: []
2026-04-27 16:03:53.163 [http-nio-8080-exec-8] DEBUG c.r.c.aspect.ServiceLoggingAspect - Метод CheeseService.getAllCheesesWithGraph выполнился за 14 мс
2026-04-27 16:03:53.182 [http-nio-8080-exec-9] DEBUG c.r.c.aspect.ServiceLoggingAspect - Выполнение метода: ProducerService.getAllProducers с аргументами: []
2026-04-27 16:03:53.184 [http-nio-8080-exec-9] DEBUG c.r.c.aspect.ServiceLoggingAspect - Метод ProducerService.getAllProducers выполнился за 1 мс
2026-04-27 16:03:53.199 [http-nio-8080-exec-10] DEBUG c.r.c.aspect.ServiceLoggingAspect - Выполнение метода: ShopService.getAllShops с аргументами: [Page request [number: 0, size 200, sort: id: ASC]]
2026-04-27 16:03:53.233 [http-nio-8080-exec-10] DEBUG c.r.c.aspect.ServiceLoggingAspect - Метод ShopService.getAllShops выполнился за 34 мс
2026-04-27 16:03:53.247 [http-nio-8080-exec-1] DEBUG c.r.c.aspect.ServiceLoggingAspect - Выполнение метода: CategoryService.getAllCategories с аргументами: []
2026-04-27 16:03:53.249 [http-nio-8080-exec-1] DEBUG c.r.c.aspect.ServiceLoggingAspect - Метод CategoryService.getAllCategories выполнился за 2 мс
2026-04-27 16:03:53.263 [http-nio-8080-exec-2] DEBUG c.r.c.aspect.ServiceLoggingAspect - Выполнение метода: CheeseService.getCheesesPage с аргументами: [Page request [number: 0, size 8, sort: name: ASC]]
2026-04-27 16:03:53.276 [http-nio-8080-exec-2] DEBUG c.r.c.aspect.ServiceLoggingAspect - Метод CheeseService.getCheesesPage выполнился за 12 мс
2026-04-27 16:03:53.282 [http-nio-8080-exec-3] DEBUG c.r.c.aspect.ServiceLoggingAspect - Выполнение метода: ShopService.getAllShops с аргументами: [Page request [number: 0, size 5, sort: id: ASC]]
2026-04-27 16:03:53.285 [http-nio-8080-exec-3] DEBUG c.r.c.aspect.ServiceLoggingAspect - Метод ShopService.getAllShops выполнился за 2 мс
2026-04-27 16:04:07.863 [http-nio-8080-exec-4] DEBUG c.r.c.aspect.ServiceLoggingAspect - Выполнение метода: CheeseService.getAllCheesesWithGraph с аргументами: []
2026-04-27 16:04:07.928 [http-nio-8080-exec-4] DEBUG c.r.c.aspect.ServiceLoggingAspect - Метод CheeseService.getAllCheesesWithGraph выполнился за 65 мс
2026-04-27 16:05:37.194 [http-nio-8080-exec-5] DEBUG c.r.c.aspect.ServiceLoggingAspect - Выполнение метода: CheeseService.getAllCheesesWithGraph с аргументами: []
2026-04-27 16:05:37.222 [http-nio-8080-exec-5] DEBUG c.r.c.aspect.ServiceLoggingAspect - Метод CheeseService.getAllCheesesWithGraph выполнился за 28 мс
2026-04-27 16:07:11.222 [http-nio-8080-exec-6] DEBUG c.r.c.aspect.ServiceLoggingAspect - Выполнение метода: CheeseService.getAllCheesesWithGraph с аргументами: []
2026-04-27 16:07:11.278 [http-nio-8080-exec-6] DEBUG c.r.c.aspect.ServiceLoggingAspect - Метод CheeseService.getAllCheesesWithGraph выполнился за 56 мс
2026-04-27 16:09:26.188 [http-nio-8080-exec-7] DEBUG c.r.c.aspect.ServiceLoggingAspect - Выполнение метода: CheeseService.getAllCheesesWithGraph с аргументами: []
2026-04-27 16:09:26.216 [http-nio-8080-exec-7] DEBUG c.r.c.aspect.ServiceLoggingAspect - Метод CheeseService.getAllCheesesWithGraph выполнился за 28 мс
2026-04-27 16:09:45.992 [http-nio-8080-exec-8] DEBUG c.r.c.aspect.ServiceLoggingAspect - Выполнение метода: CheeseService.getAllCheesesWithGraph с аргументами: []
2026-04-27 16:09:46.008 [http-nio-8080-exec-8] DEBUG c.r.c.aspect.ServiceLoggingAspect - Метод CheeseService.getAllCheesesWithGraph выполнился за 15 мс
2026-04-27 16:09:46.025 [http-nio-8080-exec-9] DEBUG c.r.c.aspect.ServiceLoggingAspect - Выполнение метода: ProducerService.getAllProducers с аргументами: []
2026-04-27 16:09:46.025 [http-nio-8080-exec-9] DEBUG c.r.c.aspect.ServiceLoggingAspect - Метод ProducerService.getAllProducers выполнился за 0 мс
2026-04-27 16:09:46.032 [http-nio-8080-exec-10] DEBUG c.r.c.aspect.ServiceLoggingAspect - Выполнение метода: ShopService.getAllShops с аргументами: [Page request [number: 0, size 200, sort: id: ASC]]
2026-04-27 16:09:46.048 [http-nio-8080-exec-10] DEBUG c.r.c.aspect.ServiceLoggingAspect - Метод ShopService.getAllShops выполнился за 15 мс
2026-04-27 16:09:46.056 [http-nio-8080-exec-1] DEBUG c.r.c.aspect.ServiceLoggingAspect - Выполнение метода: CategoryService.getAllCategories с аргументами: []
2026-04-27 16:09:46.058 [http-nio-8080-exec-1] DEBUG c.r.c.aspect.ServiceLoggingAspect - Метод CategoryService.getAllCategories выполнился за 2 мс
2026-04-27 16:09:46.066 [http-nio-8080-exec-2] DEBUG c.r.c.aspect.ServiceLoggingAspect - Выполнение метода: CheeseService.getCheesesPage с аргументами: [Page request [number: 0, size 4, sort: name: ASC]]
2026-04-27 16:09:46.079 [http-nio-8080-exec-2] DEBUG c.r.c.aspect.ServiceLoggingAspect - Метод CheeseService.getCheesesPage выполнился за 12 мс
2026-04-27 16:09:46.088 [http-nio-8080-exec-3] DEBUG c.r.c.aspect.ServiceLoggingAspect - Выполнение метода: ShopService.getAllShops с аргументами: [Page request [number: 0, size 5, sort: id: ASC]]
2026-04-27 16:09:46.091 [http-nio-8080-exec-3] DEBUG c.r.c.aspect.ServiceLoggingAspect - Метод ShopService.getAllShops выполнился за 3 мс
2026-04-27 16:10:01.201 [http-nio-8080-exec-4] DEBUG c.r.c.aspect.ServiceLoggingAspect - Выполнение метода: CheeseService.getAllCheesesWithGraph с аргументами: []
2026-04-27 16:10:01.222 [http-nio-8080-exec-4] DEBUG c.r.c.aspect.ServiceLoggingAspect - Метод CheeseService.getAllCheesesWithGraph выполнился за 20 мс
2026-04-27 16:10:01.234 [http-nio-8080-exec-5] DEBUG c.r.c.aspect.ServiceLoggingAspect - Выполнение метода: ProducerService.getAllProducers с аргументами: []
2026-04-27 16:10:01.234 [http-nio-8080-exec-5] DEBUG c.r.c.aspect.ServiceLoggingAspect - Метод ProducerService.getAllProducers выполнился за 0 мс
2026-04-27 16:10:01.242 [http-nio-8080-exec-6] DEBUG c.r.c.aspect.ServiceLoggingAspect - Выполнение метода: ShopService.getAllShops с аргументами: [Page request [number: 0, size 200, sort: id: ASC]]
2026-04-27 16:10:01.245 [http-nio-8080-exec-6] DEBUG c.r.c.aspect.ServiceLoggingAspect - Метод ShopService.getAllShops выполнился за 2 мс
2026-04-27 16:10:01.250 [http-nio-8080-exec-7] DEBUG c.r.c.aspect.ServiceLoggingAspect - Выполнение метода: CategoryService.getAllCategories с аргументами: []
2026-04-27 16:10:01.252 [http-nio-8080-exec-7] DEBUG c.r.c.aspect.ServiceLoggingAspect - Метод CategoryService.getAllCategories выполнился за 2 мс
2026-04-27 16:10:01.259 [http-nio-8080-exec-8] DEBUG c.r.c.aspect.ServiceLoggingAspect - Выполнение метода: CheeseService.getCheesesPage с аргументами: [Page request [number: 0, size 4, sort: name: ASC]]
2026-04-27 16:10:01.268 [http-nio-8080-exec-8] DEBUG c.r.c.aspect.ServiceLoggingAspect - Метод CheeseService.getCheesesPage выполнился за 8 мс
2026-04-27 16:10:01.274 [http-nio-8080-exec-9] DEBUG c.r.c.aspect.ServiceLoggingAspect - Выполнение метода: ShopService.getAllShops с аргументами: [Page request [number: 0, size 5, sort: id: ASC]]
2026-04-27 16:10:01.276 [http-nio-8080-exec-9] DEBUG c.r.c.aspect.ServiceLoggingAspect - Метод ShopService.getAllShops выполнился за 2 мс
2026-04-27 16:10:16.197 [http-nio-8080-exec-10] DEBUG c.r.c.aspect.ServiceLoggingAspect - Выполнение метода: CheeseService.getAllCheesesWithGraph с аргументами: []
2026-04-27 16:10:16.215 [http-nio-8080-exec-10] DEBUG c.r.c.aspect.ServiceLoggingAspect - Метод CheeseService.getAllCheesesWithGraph выполнился за 18 мс
2026-04-27 16:10:16.229 [http-nio-8080-exec-1] DEBUG c.r.c.aspect.ServiceLoggingAspect - Выполнение метода: ProducerService.getAllProducers с аргументами: []
2026-04-27 16:10:16.229 [http-nio-8080-exec-1] DEBUG c.r.c.aspect.ServiceLoggingAspect - Метод ProducerService.getAllProducers выполнился за 0 мс
2026-04-27 16:10:16.237 [http-nio-8080-exec-2] DEBUG c.r.c.aspect.ServiceLoggingAspect - Выполнение метода: ShopService.getAllShops с аргументами: [Page request [number: 0, size 200, sort: id: ASC]]
2026-04-27 16:10:16.241 [http-nio-8080-exec-2] DEBUG c.r.c.aspect.ServiceLoggingAspect - Метод ShopService.getAllShops выполнился за 3 мс
2026-04-27 16:10:16.248 [http-nio-8080-exec-3] DEBUG c.r.c.aspect.ServiceLoggingAspect - Выполнение метода: CategoryService.getAllCategories с аргументами: []
2026-04-27 16:10:16.250 [http-nio-8080-exec-3] DEBUG c.r.c.aspect.ServiceLoggingAspect - Метод CategoryService.getAllCategories выполнился за 1 мс
2026-04-27 16:10:16.257 [http-nio-8080-exec-4] DEBUG c.r.c.aspect.ServiceLoggingAspect - Выполнение метода: CheeseService.getCheesesPage с аргументами: [Page request [number: 0, size 4, sort: name: ASC]]
2026-04-27 16:10:16.266 [http-nio-8080-exec-4] DEBUG c.r.c.aspect.ServiceLoggingAspect - Метод CheeseService.getCheesesPage выполнился за 8 мс
2026-04-27 16:10:16.276 [http-nio-8080-exec-5] DEBUG c.r.c.aspect.ServiceLoggingAspect - Выполнение метода: ShopService.getAllShops с аргументами: [Page request [number: 0, size 5, sort: id: ASC]]
2026-04-27 16:10:16.278 [http-nio-8080-exec-5] DEBUG c.r.c.aspect.ServiceLoggingAspect - Метод ShopService.getAllShops выполнился за 2 мс
2026-04-27 16:10:31.177 [http-nio-8080-exec-6] DEBUG c.r.c.aspect.ServiceLoggingAspect - Выполнение метода: CheeseService.getAllCheesesWithGraph с аргументами: []
2026-04-27 16:10:31.189 [http-nio-8080-exec-6] DEBUG c.r.c.aspect.ServiceLoggingAspect - Метод CheeseService.getAllCheesesWithGraph выполнился за 12 мс
2026-04-27 16:10:31.201 [http-nio-8080-exec-7] DEBUG c.r.c.aspect.ServiceLoggingAspect - Выполнение метода: ProducerService.getAllProducers с аргументами: []
2026-04-27 16:10:31.201 [http-nio-8080-exec-7] DEBUG c.r.c.aspect.ServiceLoggingAspect - Метод ProducerService.getAllProducers выполнился за 0 мс
2026-04-27 16:10:31.210 [http-nio-8080-exec-8] DEBUG c.r.c.aspect.ServiceLoggingAspect - Выполнение метода: ShopService.getAllShops с аргументами: [Page request [number: 0, size 200, sort: id: ASC]]
2026-04-27 16:10:31.212 [http-nio-8080-exec-8] DEBUG c.r.c.aspect.ServiceLoggingAspect - Метод ShopService.getAllShops выполнился за 2 мс
2026-04-27 16:10:31.220 [http-nio-8080-exec-9] DEBUG c.r.c.aspect.ServiceLoggingAspect - Выполнение метода: CategoryService.getAllCategories с аргументами: []
2026-04-27 16:10:31.221 [http-nio-8080-exec-9] DEBUG c.r.c.aspect.ServiceLoggingAspect - Метод CategoryService.getAllCategories выполнился за 1 мс
2026-04-27 16:10:31.229 [http-nio-8080-exec-10] DEBUG c.r.c.aspect.ServiceLoggingAspect - Выполнение метода: CheeseService.getCheesesPage с аргументами: [Page request [number: 0, size 4, sort: name: ASC]]
2026-04-27 16:10:31.237 [http-nio-8080-exec-10] DEBUG c.r.c.aspect.ServiceLoggingAspect - Метод CheeseService.getCheesesPage выполнился за 7 мс
2026-04-27 16:10:31.245 [http-nio-8080-exec-1] DEBUG c.r.c.aspect.ServiceLoggingAspect - Выполнение метода: ShopService.getAllShops с аргументами: [Page request [number: 0, size 5, sort: id: ASC]]
2026-04-27 16:10:31.247 [http-nio-8080-exec-1] DEBUG c.r.c.aspect.ServiceLoggingAspect - Метод ShopService.getAllShops выполнился за 2 мс
2026-04-27 16:10:46.204 [http-nio-8080-exec-2] DEBUG c.r.c.aspect.ServiceLoggingAspect - Выполнение метода: CheeseService.getAllCheesesWithGraph с аргументами: []
2026-04-27 16:10:46.227 [http-nio-8080-exec-2] DEBUG c.r.c.aspect.ServiceLoggingAspect - Метод CheeseService.getAllCheesesWithGraph выполнился за 22 мс
2026-04-27 16:10:46.244 [http-nio-8080-exec-3] DEBUG c.r.c.aspect.ServiceLoggingAspect - Выполнение метода: ProducerService.getAllProducers с аргументами: []
2026-04-27 16:10:46.245 [http-nio-8080-exec-3] DEBUG c.r.c.aspect.ServiceLoggingAspect - Метод ProducerService.getAllProducers выполнился за 1 мс
2026-04-27 16:10:46.262 [http-nio-8080-exec-4] DEBUG c.r.c.aspect.ServiceLoggingAspect - Выполнение метода: ShopService.getAllShops с аргументами: [Page request [number: 0, size 200, sort: id: ASC]]
2026-04-27 16:10:46.266 [http-nio-8080-exec-4] DEBUG c.r.c.aspect.ServiceLoggingAspect - Метод ShopService.getAllShops выполнился за 3 мс
2026-04-27 16:10:46.274 [http-nio-8080-exec-5] DEBUG c.r.c.aspect.ServiceLoggingAspect - Выполнение метода: CategoryService.getAllCategories с аргументами: []
2026-04-27 16:10:46.275 [http-nio-8080-exec-5] DEBUG c.r.c.aspect.ServiceLoggingAspect - Метод CategoryService.getAllCategories выполнился за 1 мс
2026-04-27 16:10:46.282 [http-nio-8080-exec-6] DEBUG c.r.c.aspect.ServiceLoggingAspect - Выполнение метода: CheeseService.getCheesesPage с аргументами: [Page request [number: 0, size 4, sort: name: ASC]]
2026-04-27 16:10:46.288 [http-nio-8080-exec-6] DEBUG c.r.c.aspect.ServiceLoggingAspect - Метод CheeseService.getCheesesPage выполнился за 6 мс
2026-04-27 16:10:46.295 [http-nio-8080-exec-7] DEBUG c.r.c.aspect.ServiceLoggingAspect - Выполнение метода: ShopService.getAllShops с аргументами: [Page request [number: 0, size 5, sort: id: ASC]]
2026-04-27 16:10:46.297 [http-nio-8080-exec-7] DEBUG c.r.c.aspect.ServiceLoggingAspect - Метод ShopService.getAllShops выполнился за 1 мс
2026-04-27 16:10:48.178 [http-nio-8080-exec-8] DEBUG c.r.c.aspect.ServiceLoggingAspect - Выполнение метода: CheeseService.getAllCheesesWithGraph с аргументами: []
2026-04-27 16:10:48.184 [http-nio-8080-exec-8] DEBUG c.r.c.aspect.ServiceLoggingAspect - Метод CheeseService.getAllCheesesWithGraph выполнился за 6 мс
2026-04-27 16:10:48.197 [http-nio-8080-exec-9] DEBUG c.r.c.aspect.ServiceLoggingAspect - Выполнение метода: ProducerService.getAllProducers с аргументами: []
2026-04-27 16:10:48.197 [http-nio-8080-exec-9] DEBUG c.r.c.aspect.ServiceLoggingAspect - Метод ProducerService.getAllProducers выполнился за 0 мс
2026-04-27 16:10:48.207 [http-nio-8080-exec-10] DEBUG c.r.c.aspect.ServiceLoggingAspect - Выполнение метода: ShopService.getAllShops с аргументами: [Page request [number: 0, size 200, sort: id: ASC]]
2026-04-27 16:10:48.209 [http-nio-8080-exec-10] DEBUG c.r.c.aspect.ServiceLoggingAspect - Метод ShopService.getAllShops выполнился за 2 мс
2026-04-27 16:10:48.218 [http-nio-8080-exec-1] DEBUG c.r.c.aspect.ServiceLoggingAspect - Выполнение метода: CategoryService.getAllCategories с аргументами: []
2026-04-27 16:10:48.220 [http-nio-8080-exec-1] DEBUG c.r.c.aspect.ServiceLoggingAspect - Метод CategoryService.getAllCategories выполнился за 1 мс
2026-04-27 16:10:48.233 [http-nio-8080-exec-2] DEBUG c.r.c.aspect.ServiceLoggingAspect - Выполнение метода: CheeseService.getCheesesPage с аргументами: [Page request [number: 0, size 4, sort: name: ASC]]
2026-04-27 16:10:48.241 [http-nio-8080-exec-2] DEBUG c.r.c.aspect.ServiceLoggingAspect - Метод CheeseService.getCheesesPage выполнился за 7 мс
2026-04-27 16:10:48.250 [http-nio-8080-exec-3] DEBUG c.r.c.aspect.ServiceLoggingAspect - Выполнение метода: ShopService.getAllShops с аргументами: [Page request [number: 0, size 5, sort: id: ASC]]
2026-04-27 16:10:48.252 [http-nio-8080-exec-3] DEBUG c.r.c.aspect.ServiceLoggingAspect - Метод ShopService.getAllShops выполнился за 1 мс
2026-04-27 16:11:04.229 [http-nio-8080-exec-4] DEBUG c.r.c.aspect.ServiceLoggingAspect - Выполнение метода: CheeseService.getAllCheesesWithGraph с аргументами: []
2026-04-27 16:11:04.255 [http-nio-8080-exec-4] DEBUG c.r.c.aspect.ServiceLoggingAspect - Метод CheeseService.getAllCheesesWithGraph выполнился за 32 мс
2026-04-27 16:11:04.292 [http-nio-8080-exec-5] DEBUG c.r.c.aspect.ServiceLoggingAspect - Выполнение метода: ProducerService.getAllProducers с аргументами: []
2026-04-27 16:11:04.293 [http-nio-8080-exec-5] DEBUG c.r.c.aspect.ServiceLoggingAspect - Метод ProducerService.getAllProducers выполнился за 0 мс
2026-04-27 16:11:04.300 [http-nio-8080-exec-6] DEBUG c.r.c.aspect.ServiceLoggingAspect - Выполнение метода: ShopService.getAllShops с аргументами: [Page request [number: 0, size 200, sort: id: ASC]]
2026-04-27 16:11:04.305 [http-nio-8080-exec-6] DEBUG c.r.c.aspect.ServiceLoggingAspect - Метод ShopService.getAllShops выполнился за 5 мс
2026-04-27 16:11:04.315 [http-nio-8080-exec-7] DEBUG c.r.c.aspect.ServiceLoggingAspect - Выполнение метода: CategoryService.getAllCategories с аргументами: []
2026-04-27 16:11:04.317 [http-nio-8080-exec-7] DEBUG c.r.c.aspect.ServiceLoggingAspect - Метод CategoryService.getAllCategories выполнился за 1 мс
2026-04-27 16:11:04.325 [http-nio-8080-exec-8] DEBUG c.r.c.aspect.ServiceLoggingAspect - Выполнение метода: CheeseService.getCheesesPage с аргументами: [Page request [number: 0, size 4, sort: name: ASC]]
2026-04-27 16:11:04.333 [http-nio-8080-exec-8] DEBUG c.r.c.aspect.ServiceLoggingAspect - Метод CheeseService.getCheesesPage выполнился за 7 мс
2026-04-27 16:11:04.341 [http-nio-8080-exec-9] DEBUG c.r.c.aspect.ServiceLoggingAspect - Выполнение метода: ShopService.getAllShops с аргументами: [Page request [number: 0, size 5, sort: id: ASC]]
2026-04-27 16:11:04.343 [http-nio-8080-exec-9] DEBUG c.r.c.aspect.ServiceLoggingAspect - Метод ShopService.getAllShops выполнился за 1 мс
2026-04-27 16:11:14.620 [http-nio-8080-exec-10] DEBUG c.r.c.aspect.ServiceLoggingAspect - Выполнение метода: CheeseService.getCheesesPage с аргументами: [Page request [number: 1, size 4, sort: name: ASC]]
2026-04-27 16:11:14.639 [http-nio-8080-exec-10] DEBUG c.r.c.aspect.ServiceLoggingAspect - Метод CheeseService.getCheesesPage выполнился за 19 мс
2026-04-27 16:11:15.180 [http-nio-8080-exec-1] DEBUG c.r.c.aspect.ServiceLoggingAspect - Выполнение метода: CheeseService.getCheesesPage с аргументами: [Page request [number: 2, size 4, sort: name: ASC]]
2026-04-27 16:11:15.196 [http-nio-8080-exec-1] DEBUG c.r.c.aspect.ServiceLoggingAspect - Метод CheeseService.getCheesesPage выполнился за 16 мс
2026-04-27 16:11:16.763 [http-nio-8080-exec-2] DEBUG c.r.c.aspect.ServiceLoggingAspect - Выполнение метода: CheeseService.getCheesesPage с аргументами: [Page request [number: 1, size 4, sort: name: ASC]]
2026-04-27 16:11:16.780 [http-nio-8080-exec-2] DEBUG c.r.c.aspect.ServiceLoggingAspect - Метод CheeseService.getCheesesPage выполнился за 17 мс
2026-04-27 16:11:16.962 [http-nio-8080-exec-3] DEBUG c.r.c.aspect.ServiceLoggingAspect - Выполнение метода: CheeseService.getCheesesPage с аргументами: [Page request [number: 0, size 4, sort: name: ASC]]
2026-04-27 16:11:16.997 [http-nio-8080-exec-3] DEBUG c.r.c.aspect.ServiceLoggingAspect - Метод CheeseService.getCheesesPage выполнился за 34 мс
2026-04-27 16:11:18.313 [http-nio-8080-exec-4] DEBUG c.r.c.aspect.ServiceLoggingAspect - Выполнение метода: CheeseService.getCheesesPage с аргументами: [Page request [number: 1, size 4, sort: name: ASC]]
2026-04-27 16:11:18.330 [http-nio-8080-exec-4] DEBUG c.r.c.aspect.ServiceLoggingAspect - Метод CheeseService.getCheesesPage выполнился за 16 мс
2026-04-27 16:11:18.462 [http-nio-8080-exec-5] DEBUG c.r.c.aspect.ServiceLoggingAspect - Выполнение метода: CheeseService.getCheesesPage с аргументами: [Page request [number: 2, size 4, sort: name: ASC]]
2026-04-27 16:11:18.480 [http-nio-8080-exec-5] DEBUG c.r.c.aspect.ServiceLoggingAspect - Метод CheeseService.getCheesesPage выполнился за 18 мс
2026-04-27 16:11:19.479 [http-nio-8080-exec-6] DEBUG c.r.c.aspect.ServiceLoggingAspect - Выполнение метода: CheeseService.getCheesesPage с аргументами: [Page request [number: 1, size 4, sort: name: ASC]]
2026-04-27 16:11:19.493 [http-nio-8080-exec-6] DEBUG c.r.c.aspect.ServiceLoggingAspect - Метод CheeseService.getCheesesPage выполнился за 14 мс
2026-04-27 16:11:19.610 [http-nio-8080-exec-7] DEBUG c.r.c.aspect.ServiceLoggingAspect - Выполнение метода: CheeseService.getCheesesPage с аргументами: [Page request [number: 0, size 4, sort: name: ASC]]
2026-04-27 16:11:19.625 [http-nio-8080-exec-7] DEBUG c.r.c.aspect.ServiceLoggingAspect - Метод CheeseService.getCheesesPage выполнился за 14 мс
2026-04-27 16:11:34.646 [http-nio-8080-exec-8] DEBUG c.r.c.aspect.ServiceLoggingAspect - Выполнение метода: CheeseService.getAllCheesesWithGraph с аргументами: []
2026-04-27 16:11:34.656 [http-nio-8080-exec-8] DEBUG c.r.c.aspect.ServiceLoggingAspect - Метод CheeseService.getAllCheesesWithGraph выполнился за 9 мс
2026-04-27 16:11:34.666 [http-nio-8080-exec-9] DEBUG c.r.c.aspect.ServiceLoggingAspect - Выполнение метода: ProducerService.getAllProducers с аргументами: []
2026-04-27 16:11:34.667 [http-nio-8080-exec-9] DEBUG c.r.c.aspect.ServiceLoggingAspect - Метод ProducerService.getAllProducers выполнился за 0 мс
2026-04-27 16:11:34.676 [http-nio-8080-exec-10] DEBUG c.r.c.aspect.ServiceLoggingAspect - Выполнение метода: ShopService.getAllShops с аргументами: [Page request [number: 0, size 200, sort: id: ASC]]
2026-04-27 16:11:34.679 [http-nio-8080-exec-10] DEBUG c.r.c.aspect.ServiceLoggingAspect - Метод ShopService.getAllShops выполнился за 3 мс
2026-04-27 16:11:34.686 [http-nio-8080-exec-1] DEBUG c.r.c.aspect.ServiceLoggingAspect - Выполнение метода: CategoryService.getAllCategories с аргументами: []
2026-04-27 16:11:34.688 [http-nio-8080-exec-1] DEBUG c.r.c.aspect.ServiceLoggingAspect - Метод CategoryService.getAllCategories выполнился за 2 мс
2026-04-27 16:11:34.696 [http-nio-8080-exec-2] DEBUG c.r.c.aspect.ServiceLoggingAspect - Выполнение метода: CheeseService.getCheesesPage с аргументами: [Page request [number: 0, size 4, sort: name: ASC]]
2026-04-27 16:11:34.707 [http-nio-8080-exec-2] DEBUG c.r.c.aspect.ServiceLoggingAspect - Метод CheeseService.getCheesesPage выполнился за 11 мс
2026-04-27 16:11:34.715 [http-nio-8080-exec-3] DEBUG c.r.c.aspect.ServiceLoggingAspect - Выполнение метода: ShopService.getAllShops с аргументами: [Page request [number: 0, size 5, sort: id: ASC]]
2026-04-27 16:11:34.718 [http-nio-8080-exec-3] DEBUG c.r.c.aspect.ServiceLoggingAspect - Метод ShopService.getAllShops выполнился за 2 мс
2026-04-27 16:11:49.646 [http-nio-8080-exec-4] DEBUG c.r.c.aspect.ServiceLoggingAspect - Выполнение метода: CheeseService.getAllCheesesWithGraph с аргументами: []
2026-04-27 16:11:49.653 [http-nio-8080-exec-4] DEBUG c.r.c.aspect.ServiceLoggingAspect - Метод CheeseService.getAllCheesesWithGraph выполнился за 7 мс
2026-04-27 16:11:49.670 [http-nio-8080-exec-5] DEBUG c.r.c.aspect.ServiceLoggingAspect - Выполнение метода: ProducerService.getAllProducers с аргументами: []
2026-04-27 16:11:49.671 [http-nio-8080-exec-5] DEBUG c.r.c.aspect.ServiceLoggingAspect - Метод ProducerService.getAllProducers выполнился за 0 мс
2026-04-27 16:11:49.680 [http-nio-8080-exec-6] DEBUG c.r.c.aspect.ServiceLoggingAspect - Выполнение метода: ShopService.getAllShops с аргументами: [Page request [number: 0, size 200, sort: id: ASC]]
2026-04-27 16:11:49.683 [http-nio-8080-exec-6] DEBUG c.r.c.aspect.ServiceLoggingAspect - Метод ShopService.getAllShops выполнился за 3 мс
2026-04-27 16:11:49.694 [http-nio-8080-exec-7] DEBUG c.r.c.aspect.ServiceLoggingAspect - Выполнение метода: CategoryService.getAllCategories с аргументами: []
2026-04-27 16:11:49.698 [http-nio-8080-exec-7] DEBUG c.r.c.aspect.ServiceLoggingAspect - Метод CategoryService.getAllCategories выполнился за 4 мс
2026-04-27 16:11:49.705 [http-nio-8080-exec-8] DEBUG c.r.c.aspect.ServiceLoggingAspect - Выполнение метода: CheeseService.getCheesesPage с аргументами: [Page request [number: 0, size 4, sort: name: ASC]]
2026-04-27 16:11:49.713 [http-nio-8080-exec-8] DEBUG c.r.c.aspect.ServiceLoggingAspect - Метод CheeseService.getCheesesPage выполнился за 7 мс
2026-04-27 16:11:49.722 [http-nio-8080-exec-9] DEBUG c.r.c.aspect.ServiceLoggingAspect - Выполнение метода: ShopService.getAllShops с аргументами: [Page request [number: 0, size 5, sort: id: ASC]]
2026-04-27 16:11:49.724 [http-nio-8080-exec-9] DEBUG c.r.c.aspect.ServiceLoggingAspect - Метод ShopService.getAllShops выполнился за 2 мс
2026-04-27 16:12:04.653 [http-nio-8080-exec-10] DEBUG c.r.c.aspect.ServiceLoggingAspect - Выполнение метода: CheeseService.getAllCheesesWithGraph с аргументами: []
2026-04-27 16:12:04.664 [http-nio-8080-exec-10] DEBUG c.r.c.aspect.ServiceLoggingAspect - Метод CheeseService.getAllCheesesWithGraph выполнился за 10 мс
2026-04-27 16:12:04.683 [http-nio-8080-exec-1] DEBUG c.r.c.aspect.ServiceLoggingAspect - Выполнение метода: ProducerService.getAllProducers с аргументами: []
2026-04-27 16:12:04.684 [http-nio-8080-exec-1] DEBUG c.r.c.aspect.ServiceLoggingAspect - Метод ProducerService.getAllProducers выполнился за 0 мс
2026-04-27 16:12:04.697 [http-nio-8080-exec-2] DEBUG c.r.c.aspect.ServiceLoggingAspect - Выполнение метода: ShopService.getAllShops с аргументами: [Page request [number: 0, size 200, sort: id: ASC]]
2026-04-27 16:12:04.701 [http-nio-8080-exec-2] DEBUG c.r.c.aspect.ServiceLoggingAspect - Метод ShopService.getAllShops выполнился за 3 мс
2026-04-27 16:12:04.711 [http-nio-8080-exec-3] DEBUG c.r.c.aspect.ServiceLoggingAspect - Выполнение метода: CategoryService.getAllCategories с аргументами: []
2026-04-27 16:12:04.713 [http-nio-8080-exec-3] DEBUG c.r.c.aspect.ServiceLoggingAspect - Метод CategoryService.getAllCategories выполнился за 1 мс
2026-04-27 16:12:04.724 [http-nio-8080-exec-4] DEBUG c.r.c.aspect.ServiceLoggingAspect - Выполнение метода: CheeseService.getCheesesPage с аргументами: [Page request [number: 0, size 4, sort: name: ASC]]
2026-04-27 16:12:04.731 [http-nio-8080-exec-4] DEBUG c.r.c.aspect.ServiceLoggingAspect - Метод CheeseService.getCheesesPage выполнился за 6 мс
2026-04-27 16:12:04.738 [http-nio-8080-exec-5] DEBUG c.r.c.aspect.ServiceLoggingAspect - Выполнение метода: ShopService.getAllShops с аргументами: [Page request [number: 0, size 5, sort: id: ASC]]
2026-04-27 16:12:04.740 [http-nio-8080-exec-5] DEBUG c.r.c.aspect.ServiceLoggingAspect - Метод ShopService.getAllShops выполнился за 2 мс
2026-04-27 16:12:19.645 [http-nio-8080-exec-6] DEBUG c.r.c.aspect.ServiceLoggingAspect - Выполнение метода: CheeseService.getAllCheesesWithGraph с аргументами: []
2026-04-27 16:12:19.653 [http-nio-8080-exec-6] DEBUG c.r.c.aspect.ServiceLoggingAspect - Метод CheeseService.getAllCheesesWithGraph выполнился за 8 мс
2026-04-27 16:12:19.662 [http-nio-8080-exec-7] DEBUG c.r.c.aspect.ServiceLoggingAspect - Выполнение метода: ProducerService.getAllProducers с аргументами: []
2026-04-27 16:12:19.663 [http-nio-8080-exec-7] DEBUG c.r.c.aspect.ServiceLoggingAspect - Метод ProducerService.getAllProducers выполнился за 0 мс
2026-04-27 16:12:19.671 [http-nio-8080-exec-8] DEBUG c.r.c.aspect.ServiceLoggingAspect - Выполнение метода: ShopService.getAllShops с аргументами: [Page request [number: 0, size 200, sort: id: ASC]]
2026-04-27 16:12:19.675 [http-nio-8080-exec-8] DEBUG c.r.c.aspect.ServiceLoggingAspect - Метод ShopService.getAllShops выполнился за 4 мс
2026-04-27 16:12:19.682 [http-nio-8080-exec-9] DEBUG c.r.c.aspect.ServiceLoggingAspect - Выполнение метода: CategoryService.getAllCategories с аргументами: []
2026-04-27 16:12:19.684 [http-nio-8080-exec-9] DEBUG c.r.c.aspect.ServiceLoggingAspect - Метод CategoryService.getAllCategories выполнился за 1 мс
2026-04-27 16:12:19.692 [http-nio-8080-exec-10] DEBUG c.r.c.aspect.ServiceLoggingAspect - Выполнение метода: CheeseService.getCheesesPage с аргументами: [Page request [number: 0, size 4, sort: name: ASC]]
2026-04-27 16:12:19.698 [http-nio-8080-exec-10] DEBUG c.r.c.aspect.ServiceLoggingAspect - Метод CheeseService.getCheesesPage выполнился за 6 мс
2026-04-27 16:12:19.718 [http-nio-8080-exec-1] DEBUG c.r.c.aspect.ServiceLoggingAspect - Выполнение метода: ShopService.getAllShops с аргументами: [Page request [number: 0, size 5, sort: id: ASC]]
2026-04-27 16:12:19.721 [http-nio-8080-exec-1] DEBUG c.r.c.aspect.ServiceLoggingAspect - Метод ShopService.getAllShops выполнился за 3 мс
2026-04-27 16:12:34.645 [http-nio-8080-exec-2] DEBUG c.r.c.aspect.ServiceLoggingAspect - Выполнение метода: CheeseService.getAllCheesesWithGraph с аргументами: []
2026-04-27 16:12:34.651 [http-nio-8080-exec-2] DEBUG c.r.c.aspect.ServiceLoggingAspect - Метод CheeseService.getAllCheesesWithGraph выполнился за 6 мс
2026-04-27 16:12:34.667 [http-nio-8080-exec-3] DEBUG c.r.c.aspect.ServiceLoggingAspect - Выполнение метода: ProducerService.getAllProducers с аргументами: []
2026-04-27 16:12:34.667 [http-nio-8080-exec-3] DEBUG c.r.c.aspect.ServiceLoggingAspect - Метод ProducerService.getAllProducers выполнился за 0 мс
2026-04-27 16:12:34.676 [http-nio-8080-exec-4] DEBUG c.r.c.aspect.ServiceLoggingAspect - Выполнение метода: ShopService.getAllShops с аргументами: [Page request [number: 0, size 200, sort: id: ASC]]
2026-04-27 16:12:34.678 [http-nio-8080-exec-4] DEBUG c.r.c.aspect.ServiceLoggingAspect - Метод ShopService.getAllShops выполнился за 2 мс
2026-04-27 16:12:34.685 [http-nio-8080-exec-5] DEBUG c.r.c.aspect.ServiceLoggingAspect - Выполнение метода: CategoryService.getAllCategories с аргументами: []
2026-04-27 16:12:34.687 [http-nio-8080-exec-5] DEBUG c.r.c.aspect.ServiceLoggingAspect - Метод CategoryService.getAllCategories выполнился за 1 мс
2026-04-27 16:12:34.696 [http-nio-8080-exec-6] DEBUG c.r.c.aspect.ServiceLoggingAspect - Выполнение метода: CheeseService.getCheesesPage с аргументами: [Page request [number: 0, size 4, sort: name: ASC]]
2026-04-27 16:12:34.701 [http-nio-8080-exec-6] DEBUG c.r.c.aspect.ServiceLoggingAspect - Метод CheeseService.getCheesesPage выполнился за 4 мс
2026-04-27 16:12:34.706 [http-nio-8080-exec-7] DEBUG c.r.c.aspect.ServiceLoggingAspect - Выполнение метода: ShopService.getAllShops с аргументами: [Page request [number: 0, size 5, sort: id: ASC]]
2026-04-27 16:12:34.708 [http-nio-8080-exec-7] DEBUG c.r.c.aspect.ServiceLoggingAspect - Метод ShopService.getAllShops выполнился за 1 мс
2026-04-27 16:12:49.644 [http-nio-8080-exec-8] DEBUG c.r.c.aspect.ServiceLoggingAspect - Выполнение метода: CheeseService.getAllCheesesWithGraph с аргументами: []
2026-04-27 16:12:49.653 [http-nio-8080-exec-8] DEBUG c.r.c.aspect.ServiceLoggingAspect - Метод CheeseService.getAllCheesesWithGraph выполнился за 8 мс
2026-04-27 16:12:49.670 [http-nio-8080-exec-9] DEBUG c.r.c.aspect.ServiceLoggingAspect - Выполнение метода: ProducerService.getAllProducers с аргументами: []
2026-04-27 16:12:49.671 [http-nio-8080-exec-9] DEBUG c.r.c.aspect.ServiceLoggingAspect - Метод ProducerService.getAllProducers выполнился за 0 мс
2026-04-27 16:12:49.684 [http-nio-8080-exec-10] DEBUG c.r.c.aspect.ServiceLoggingAspect - Выполнение метода: ShopService.getAllShops с аргументами: [Page request [number: 0, size 200, sort: id: ASC]]
2026-04-27 16:12:49.689 [http-nio-8080-exec-10] DEBUG c.r.c.aspect.ServiceLoggingAspect - Метод ShopService.getAllShops выполнился за 4 мс
2026-04-27 16:12:49.697 [http-nio-8080-exec-1] DEBUG c.r.c.aspect.ServiceLoggingAspect - Выполнение метода: CategoryService.getAllCategories с аргументами: []
2026-04-27 16:12:49.699 [http-nio-8080-exec-1] DEBUG c.r.c.aspect.ServiceLoggingAspect - Метод CategoryService.getAllCategories выполнился за 1 мс
2026-04-27 16:12:49.707 [http-nio-8080-exec-2] DEBUG c.r.c.aspect.ServiceLoggingAspect - Выполнение метода: CheeseService.getCheesesPage с аргументами: [Page request [number: 0, size 4, sort: name: ASC]]
2026-04-27 16:12:49.719 [http-nio-8080-exec-2] DEBUG c.r.c.aspect.ServiceLoggingAspect - Метод CheeseService.getCheesesPage выполнился за 12 мс
2026-04-27 16:12:49.726 [http-nio-8080-exec-3] DEBUG c.r.c.aspect.ServiceLoggingAspect - Выполнение метода: ShopService.getAllShops с аргументами: [Page request [number: 0, size 5, sort: id: ASC]]
2026-04-27 16:12:49.728 [http-nio-8080-exec-3] DEBUG c.r.c.aspect.ServiceLoggingAspect - Метод ShopService.getAllShops выполнился за 1 мс
2026-04-27 16:13:04.652 [http-nio-8080-exec-4] DEBUG c.r.c.aspect.ServiceLoggingAspect - Выполнение метода: CheeseService.getAllCheesesWithGraph с аргументами: []
2026-04-27 16:13:04.660 [http-nio-8080-exec-4] DEBUG c.r.c.aspect.ServiceLoggingAspect - Метод CheeseService.getAllCheesesWithGraph выполнился за 8 мс
2026-04-27 16:13:04.670 [http-nio-8080-exec-5] DEBUG c.r.c.aspect.ServiceLoggingAspect - Выполнение метода: ProducerService.getAllProducers с аргументами: []
2026-04-27 16:13:04.670 [http-nio-8080-exec-5] DEBUG c.r.c.aspect.ServiceLoggingAspect - Метод ProducerService.getAllProducers выполнился за 0 мс
2026-04-27 16:13:04.679 [http-nio-8080-exec-6] DEBUG c.r.c.aspect.ServiceLoggingAspect - Выполнение метода: ShopService.getAllShops с аргументами: [Page request [number: 0, size 200, sort: id: ASC]]
2026-04-27 16:13:04.683 [http-nio-8080-exec-6] DEBUG c.r.c.aspect.ServiceLoggingAspect - Метод ShopService.getAllShops выполнился за 4 мс
2026-04-27 16:13:04.693 [http-nio-8080-exec-7] DEBUG c.r.c.aspect.ServiceLoggingAspect - Выполнение метода: CategoryService.getAllCategories с аргументами: []
2026-04-27 16:13:04.695 [http-nio-8080-exec-7] DEBUG c.r.c.aspect.ServiceLoggingAspect - Метод CategoryService.getAllCategories выполнился за 2 мс
2026-04-27 16:13:04.704 [http-nio-8080-exec-8] DEBUG c.r.c.aspect.ServiceLoggingAspect - Выполнение метода: CheeseService.getCheesesPage с аргументами: [Page request [number: 0, size 4, sort: name: ASC]]
2026-04-27 16:13:04.712 [http-nio-8080-exec-8] DEBUG c.r.c.aspect.ServiceLoggingAspect - Метод CheeseService.getCheesesPage выполнился за 8 мс
2026-04-27 16:13:04.721 [http-nio-8080-exec-9] DEBUG c.r.c.aspect.ServiceLoggingAspect - Выполнение метода: ShopService.getAllShops с аргументами: [Page request [number: 0, size 5, sort: id: ASC]]
2026-04-27 16:13:04.723 [http-nio-8080-exec-9] DEBUG c.r.c.aspect.ServiceLoggingAspect - Метод ShopService.getAllShops выполнился за 2 мс
2026-04-27 16:13:19.648 [http-nio-8080-exec-10] DEBUG c.r.c.aspect.ServiceLoggingAspect - Выполнение метода: CheeseService.getAllCheesesWithGraph с аргументами: []
2026-04-27 16:13:19.658 [http-nio-8080-exec-10] DEBUG c.r.c.aspect.ServiceLoggingAspect - Метод CheeseService.getAllCheesesWithGraph выполнился за 10 мс
2026-04-27 16:13:19.677 [http-nio-8080-exec-1] DEBUG c.r.c.aspect.ServiceLoggingAspect - Выполнение метода: ProducerService.getAllProducers с аргументами: []
2026-04-27 16:13:19.677 [http-nio-8080-exec-1] DEBUG c.r.c.aspect.ServiceLoggingAspect - Метод ProducerService.getAllProducers выполнился за 0 мс
2026-04-27 16:13:19.686 [http-nio-8080-exec-2] DEBUG c.r.c.aspect.ServiceLoggingAspect - Выполнение метода: ShopService.getAllShops с аргументами: [Page request [number: 0, size 200, sort: id: ASC]]
2026-04-27 16:13:19.689 [http-nio-8080-exec-2] DEBUG c.r.c.aspect.ServiceLoggingAspect - Метод ShopService.getAllShops выполнился за 3 мс
2026-04-27 16:13:19.698 [http-nio-8080-exec-3] DEBUG c.r.c.aspect.ServiceLoggingAspect - Выполнение метода: CategoryService.getAllCategories с аргументами: []
2026-04-27 16:13:19.699 [http-nio-8080-exec-3] DEBUG c.r.c.aspect.ServiceLoggingAspect - Метод CategoryService.getAllCategories выполнился за 1 мс
2026-04-27 16:13:19.706 [http-nio-8080-exec-4] DEBUG c.r.c.aspect.ServiceLoggingAspect - Выполнение метода: CheeseService.getCheesesPage с аргументами: [Page request [number: 0, size 4, sort: name: ASC]]
2026-04-27 16:13:19.715 [http-nio-8080-exec-4] DEBUG c.r.c.aspect.ServiceLoggingAspect - Метод CheeseService.getCheesesPage выполнился за 9 мс
2026-04-27 16:13:19.723 [http-nio-8080-exec-5] DEBUG c.r.c.aspect.ServiceLoggingAspect - Выполнение метода: ShopService.getAllShops с аргументами: [Page request [number: 0, size 5, sort: id: ASC]]
2026-04-27 16:13:19.726 [http-nio-8080-exec-5] DEBUG c.r.c.aspect.ServiceLoggingAspect - Метод ShopService.getAllShops выполнился за 2 мс
2026-04-27 16:13:34.647 [http-nio-8080-exec-6] DEBUG c.r.c.aspect.ServiceLoggingAspect - Выполнение метода: CheeseService.getAllCheesesWithGraph с аргументами: []
2026-04-27 16:13:34.657 [http-nio-8080-exec-6] DEBUG c.r.c.aspect.ServiceLoggingAspect - Метод CheeseService.getAllCheesesWithGraph выполнился за 9 мс
2026-04-27 16:13:34.675 [http-nio-8080-exec-7] DEBUG c.r.c.aspect.ServiceLoggingAspect - Выполнение метода: ProducerService.getAllProducers с аргументами: []
2026-04-27 16:13:34.676 [http-nio-8080-exec-7] DEBUG c.r.c.aspect.ServiceLoggingAspect - Метод ProducerService.getAllProducers выполнился за 0 мс
2026-04-27 16:13:34.684 [http-nio-8080-exec-8] DEBUG c.r.c.aspect.ServiceLoggingAspect - Выполнение метода: ShopService.getAllShops с аргументами: [Page request [number: 0, size 200, sort: id: ASC]]
2026-04-27 16:13:34.687 [http-nio-8080-exec-8] DEBUG c.r.c.aspect.ServiceLoggingAspect - Метод ShopService.getAllShops выполнился за 3 мс
2026-04-27 16:13:34.698 [http-nio-8080-exec-9] DEBUG c.r.c.aspect.ServiceLoggingAspect - Выполнение метода: CategoryService.getAllCategories с аргументами: []
2026-04-27 16:13:34.700 [http-nio-8080-exec-9] DEBUG c.r.c.aspect.ServiceLoggingAspect - Метод CategoryService.getAllCategories выполнился за 1 мс
2026-04-27 16:13:34.706 [http-nio-8080-exec-10] DEBUG c.r.c.aspect.ServiceLoggingAspect - Выполнение метода: CheeseService.getCheesesPage с аргументами: [Page request [number: 0, size 4, sort: name: ASC]]
2026-04-27 16:13:34.713 [http-nio-8080-exec-10] DEBUG c.r.c.aspect.ServiceLoggingAspect - Метод CheeseService.getCheesesPage выполнился за 7 мс
2026-04-27 16:13:34.720 [http-nio-8080-exec-1] DEBUG c.r.c.aspect.ServiceLoggingAspect - Выполнение метода: ShopService.getAllShops с аргументами: [Page request [number: 0, size 5, sort: id: ASC]]
2026-04-27 16:13:34.723 [http-nio-8080-exec-1] DEBUG c.r.c.aspect.ServiceLoggingAspect - Метод ShopService.getAllShops выполнился за 2 мс
2026-04-27 16:13:49.647 [http-nio-8080-exec-2] DEBUG c.r.c.aspect.ServiceLoggingAspect - Выполнение метода: CheeseService.getAllCheesesWithGraph с аргументами: []
2026-04-27 16:13:49.655 [http-nio-8080-exec-2] DEBUG c.r.c.aspect.ServiceLoggingAspect - Метод CheeseService.getAllCheesesWithGraph выполнился за 8 мс
2026-04-27 16:13:49.666 [http-nio-8080-exec-3] DEBUG c.r.c.aspect.ServiceLoggingAspect - Выполнение метода: ProducerService.getAllProducers с аргументами: []
2026-04-27 16:13:49.666 [http-nio-8080-exec-3] DEBUG c.r.c.aspect.ServiceLoggingAspect - Метод ProducerService.getAllProducers выполнился за 0 мс
2026-04-27 16:13:49.674 [http-nio-8080-exec-4] DEBUG c.r.c.aspect.ServiceLoggingAspect - Выполнение метода: ShopService.getAllShops с аргументами: [Page request [number: 0, size 200, sort: id: ASC]]
2026-04-27 16:13:49.678 [http-nio-8080-exec-4] DEBUG c.r.c.aspect.ServiceLoggingAspect - Метод ShopService.getAllShops выполнился за 4 мс
2026-04-27 16:13:49.684 [http-nio-8080-exec-5] DEBUG c.r.c.aspect.ServiceLoggingAspect - Выполнение метода: CategoryService.getAllCategories с аргументами: []
2026-04-27 16:13:49.685 [http-nio-8080-exec-5] DEBUG c.r.c.aspect.ServiceLoggingAspect - Метод CategoryService.getAllCategories выполнился за 1 мс
2026-04-27 16:13:49.691 [http-nio-8080-exec-6] DEBUG c.r.c.aspect.ServiceLoggingAspect - Выполнение метода: CheeseService.getCheesesPage с аргументами: [Page request [number: 0, size 4, sort: name: ASC]]
2026-04-27 16:13:49.698 [http-nio-8080-exec-6] DEBUG c.r.c.aspect.ServiceLoggingAspect - Метод CheeseService.getCheesesPage выполнился за 6 мс
2026-04-27 16:13:49.703 [http-nio-8080-exec-7] DEBUG c.r.c.aspect.ServiceLoggingAspect - Выполнение метода: ShopService.getAllShops с аргументами: [Page request [number: 0, size 5, sort: id: ASC]]
2026-04-27 16:13:49.705 [http-nio-8080-exec-7] DEBUG c.r.c.aspect.ServiceLoggingAspect - Метод ShopService.getAllShops выполнился за 1 мс
2026-04-27 16:14:04.660 [http-nio-8080-exec-8] DEBUG c.r.c.aspect.ServiceLoggingAspect - Выполнение метода: CheeseService.getAllCheesesWithGraph с аргументами: []
2026-04-27 16:14:04.667 [http-nio-8080-exec-8] DEBUG c.r.c.aspect.ServiceLoggingAspect - Метод CheeseService.getAllCheesesWithGraph выполнился за 6 мс
2026-04-27 16:14:04.675 [http-nio-8080-exec-9] DEBUG c.r.c.aspect.ServiceLoggingAspect - Выполнение метода: ProducerService.getAllProducers с аргументами: []
2026-04-27 16:14:04.675 [http-nio-8080-exec-9] DEBUG c.r.c.aspect.ServiceLoggingAspect - Метод ProducerService.getAllProducers выполнился за 0 мс
2026-04-27 16:14:04.680 [http-nio-8080-exec-10] DEBUG c.r.c.aspect.ServiceLoggingAspect - Выполнение метода: ShopService.getAllShops с аргументами: [Page request [number: 0, size 200, sort: id: ASC]]
2026-04-27 16:14:04.681 [http-nio-8080-exec-10] DEBUG c.r.c.aspect.ServiceLoggingAspect - Метод ShopService.getAllShops выполнился за 1 мс
2026-04-27 16:14:04.684 [http-nio-8080-exec-1] DEBUG c.r.c.aspect.ServiceLoggingAspect - Выполнение метода: CategoryService.getAllCategories с аргументами: []
2026-04-27 16:14:04.685 [http-nio-8080-exec-1] DEBUG c.r.c.aspect.ServiceLoggingAspect - Метод CategoryService.getAllCategories выполнился за 0 мс
2026-04-27 16:14:04.707 [http-nio-8080-exec-2] DEBUG c.r.c.aspect.ServiceLoggingAspect - Выполнение метода: CheeseService.getCheesesPage с аргументами: [Page request [number: 0, size 4, sort: name: ASC]]
2026-04-27 16:14:04.715 [http-nio-8080-exec-2] DEBUG c.r.c.aspect.ServiceLoggingAspect - Метод CheeseService.getCheesesPage выполнился за 7 мс
2026-04-27 16:14:04.720 [http-nio-8080-exec-3] DEBUG c.r.c.aspect.ServiceLoggingAspect - Выполнение метода: ShopService.getAllShops с аргументами: [Page request [number: 0, size 5, sort: id: ASC]]
2026-04-27 16:14:04.722 [http-nio-8080-exec-3] DEBUG c.r.c.aspect.ServiceLoggingAspect - Метод ShopService.getAllShops выполнился за 1 мс
2026-04-27 16:14:19.643 [http-nio-8080-exec-4] DEBUG c.r.c.aspect.ServiceLoggingAspect - Выполнение метода: CheeseService.getAllCheesesWithGraph с аргументами: []
2026-04-27 16:14:19.653 [http-nio-8080-exec-4] DEBUG c.r.c.aspect.ServiceLoggingAspect - Метод CheeseService.getAllCheesesWithGraph выполнился за 9 мс
2026-04-27 16:14:19.670 [http-nio-8080-exec-5] DEBUG c.r.c.aspect.ServiceLoggingAspect - Выполнение метода: ProducerService.getAllProducers с аргументами: []
2026-04-27 16:14:19.670 [http-nio-8080-exec-5] DEBUG c.r.c.aspect.ServiceLoggingAspect - Метод ProducerService.getAllProducers выполнился за 0 мс
2026-04-27 16:14:19.680 [http-nio-8080-exec-6] DEBUG c.r.c.aspect.ServiceLoggingAspect - Выполнение метода: ShopService.getAllShops с аргументами: [Page request [number: 0, size 200, sort: id: ASC]]
2026-04-27 16:14:19.683 [http-nio-8080-exec-6] DEBUG c.r.c.aspect.ServiceLoggingAspect - Метод ShopService.getAllShops выполнился за 2 мс
2026-04-27 16:14:19.692 [http-nio-8080-exec-7] DEBUG c.r.c.aspect.ServiceLoggingAspect - Выполнение метода: CategoryService.getAllCategories с аргументами: []
2026-04-27 16:14:19.695 [http-nio-8080-exec-7] DEBUG c.r.c.aspect.ServiceLoggingAspect - Метод CategoryService.getAllCategories выполнился за 2 мс
2026-04-27 16:14:19.702 [http-nio-8080-exec-8] DEBUG c.r.c.aspect.ServiceLoggingAspect - Выполнение метода: CheeseService.getCheesesPage с аргументами: [Page request [number: 0, size 4, sort: name: ASC]]
2026-04-27 16:14:19.708 [http-nio-8080-exec-8] DEBUG c.r.c.aspect.ServiceLoggingAspect - Метод CheeseService.getCheesesPage выполнился за 5 мс
2026-04-27 16:14:19.714 [http-nio-8080-exec-9] DEBUG c.r.c.aspect.ServiceLoggingAspect - Выполнение метода: ShopService.getAllShops с аргументами: [Page request [number: 0, size 5, sort: id: ASC]]
2026-04-27 16:14:19.718 [http-nio-8080-exec-9] DEBUG c.r.c.aspect.ServiceLoggingAspect - Метод ShopService.getAllShops выполнился за 3 мс
2026-04-27 16:14:34.644 [http-nio-8080-exec-10] DEBUG c.r.c.aspect.ServiceLoggingAspect - Выполнение метода: CheeseService.getAllCheesesWithGraph с аргументами: []
2026-04-27 16:14:34.654 [http-nio-8080-exec-10] DEBUG c.r.c.aspect.ServiceLoggingAspect - Метод CheeseService.getAllCheesesWithGraph выполнился за 9 мс
2026-04-27 16:14:34.664 [http-nio-8080-exec-1] DEBUG c.r.c.aspect.ServiceLoggingAspect - Выполнение метода: ProducerService.getAllProducers с аргументами: []
2026-04-27 16:14:34.664 [http-nio-8080-exec-1] DEBUG c.r.c.aspect.ServiceLoggingAspect - Метод ProducerService.getAllProducers выполнился за 0 мс
2026-04-27 16:14:34.674 [http-nio-8080-exec-2] DEBUG c.r.c.aspect.ServiceLoggingAspect - Выполнение метода: ShopService.getAllShops с аргументами: [Page request [number: 0, size 200, sort: id: ASC]]
2026-04-27 16:14:34.677 [http-nio-8080-exec-2] DEBUG c.r.c.aspect.ServiceLoggingAspect - Метод ShopService.getAllShops выполнился за 3 мс
2026-04-27 16:14:34.685 [http-nio-8080-exec-3] DEBUG c.r.c.aspect.ServiceLoggingAspect - Выполнение метода: CategoryService.getAllCategories с аргументами: []
2026-04-27 16:14:34.687 [http-nio-8080-exec-3] DEBUG c.r.c.aspect.ServiceLoggingAspect - Метод CategoryService.getAllCategories выполнился за 2 мс
2026-04-27 16:14:34.695 [http-nio-8080-exec-4] DEBUG c.r.c.aspect.ServiceLoggingAspect - Выполнение метода: CheeseService.getCheesesPage с аргументами: [Page request [number: 0, size 4, sort: name: ASC]]
2026-04-27 16:14:34.703 [http-nio-8080-exec-4] DEBUG c.r.c.aspect.ServiceLoggingAspect - Метод CheeseService.getCheesesPage выполнился за 8 мс
2026-04-27 16:14:34.715 [http-nio-8080-exec-5] DEBUG c.r.c.aspect.ServiceLoggingAspect - Выполнение метода: ShopService.getAllShops с аргументами: [Page request [number: 0, size 5, sort: id: ASC]]
2026-04-27 16:14:34.717 [http-nio-8080-exec-5] DEBUG c.r.c.aspect.ServiceLoggingAspect - Метод ShopService.getAllShops выполнился за 2 мс
2026-04-27 16:14:49.644 [http-nio-8080-exec-6] DEBUG c.r.c.aspect.ServiceLoggingAspect - Выполнение метода: CheeseService.getAllCheesesWithGraph с аргументами: []
2026-04-27 16:14:49.654 [http-nio-8080-exec-6] DEBUG c.r.c.aspect.ServiceLoggingAspect - Метод CheeseService.getAllCheesesWithGraph выполнился за 9 мс
2026-04-27 16:14:49.680 [http-nio-8080-exec-7] DEBUG c.r.c.aspect.ServiceLoggingAspect - Выполнение метода: ProducerService.getAllProducers с аргументами: []
2026-04-27 16:14:49.681 [http-nio-8080-exec-7] DEBUG c.r.c.aspect.ServiceLoggingAspect - Метод ProducerService.getAllProducers выполнился за 0 мс
2026-04-27 16:14:49.687 [http-nio-8080-exec-8] DEBUG c.r.c.aspect.ServiceLoggingAspect - Выполнение метода: ShopService.getAllShops с аргументами: [Page request [number: 0, size 200, sort: id: ASC]]
2026-04-27 16:14:49.690 [http-nio-8080-exec-8] DEBUG c.r.c.aspect.ServiceLoggingAspect - Метод ShopService.getAllShops выполнился за 3 мс
2026-04-27 16:14:49.696 [http-nio-8080-exec-9] DEBUG c.r.c.aspect.ServiceLoggingAspect - Выполнение метода: CategoryService.getAllCategories с аргументами: []
2026-04-27 16:14:49.697 [http-nio-8080-exec-9] DEBUG c.r.c.aspect.ServiceLoggingAspect - Метод CategoryService.getAllCategories выполнился за 1 мс
2026-04-27 16:14:49.704 [http-nio-8080-exec-10] DEBUG c.r.c.aspect.ServiceLoggingAspect - Выполнение метода: CheeseService.getCheesesPage с аргументами: [Page request [number: 0, size 4, sort: name: ASC]]
2026-04-27 16:14:49.719 [http-nio-8080-exec-10] DEBUG c.r.c.aspect.ServiceLoggingAspect - Метод CheeseService.getCheesesPage выполнился за 15 мс
2026-04-27 16:14:49.731 [http-nio-8080-exec-1] DEBUG c.r.c.aspect.ServiceLoggingAspect - Выполнение метода: ShopService.getAllShops с аргументами: [Page request [number: 0, size 5, sort: id: ASC]]
2026-04-27 16:14:49.735 [http-nio-8080-exec-1] DEBUG c.r.c.aspect.ServiceLoggingAspect - Метод ShopService.getAllShops выполнился за 3 мс
2026-04-27 16:14:59.392 [http-nio-8080-exec-2] DEBUG c.r.c.aspect.ServiceLoggingAspect - Выполнение метода: CheeseService.getCheesesPage с аргументами: [Page request [number: 1, size 4, sort: name: ASC]]
2026-04-27 16:14:59.409 [http-nio-8080-exec-2] DEBUG c.r.c.aspect.ServiceLoggingAspect - Метод CheeseService.getCheesesPage выполнился за 16 мс
2026-04-27 16:15:00.667 [http-nio-8080-exec-3] DEBUG c.r.c.aspect.ServiceLoggingAspect - Выполнение метода: CheeseService.getCheesesPage с аргументами: [Page request [number: 2, size 4, sort: name: ASC]]
2026-04-27 16:15:00.681 [http-nio-8080-exec-3] DEBUG c.r.c.aspect.ServiceLoggingAspect - Метод CheeseService.getCheesesPage выполнился за 14 мс
2026-04-27 16:15:01.574 [http-nio-8080-exec-4] DEBUG c.r.c.aspect.ServiceLoggingAspect - Выполнение метода: CheeseService.getCheesesPage с аргументами: [Page request [number: 1, size 4, sort: name: ASC]]
2026-04-27 16:15:01.589 [http-nio-8080-exec-4] DEBUG c.r.c.aspect.ServiceLoggingAspect - Метод CheeseService.getCheesesPage выполнился за 15 мс
2026-04-27 16:15:02.307 [http-nio-8080-exec-5] DEBUG c.r.c.aspect.ServiceLoggingAspect - Выполнение метода: CheeseService.getCheesesPage с аргументами: [Page request [number: 0, size 4, sort: name: ASC]]
2026-04-27 16:15:02.320 [http-nio-8080-exec-5] DEBUG c.r.c.aspect.ServiceLoggingAspect - Метод CheeseService.getCheesesPage выполнился за 13 мс
2026-04-27 16:15:13.479 [http-nio-8080-exec-6] DEBUG c.r.c.aspect.ServiceLoggingAspect - Выполнение метода: ShopService.getAllShops с аргументами: [Page request [number: 1, size 5, sort: id: ASC]]
2026-04-27 16:15:13.496 [http-nio-8080-exec-6] DEBUG c.r.c.aspect.ServiceLoggingAspect - Метод ShopService.getAllShops выполнился за 16 мс
2026-04-27 16:15:15.148 [http-nio-8080-exec-7] DEBUG c.r.c.aspect.ServiceLoggingAspect - Выполнение метода: ShopService.getAllShops с аргументами: [Page request [number: 2, size 5, sort: id: ASC]]
2026-04-27 16:15:15.152 [http-nio-8080-exec-7] DEBUG c.r.c.aspect.ServiceLoggingAspect - Метод ShopService.getAllShops выполнился за 4 мс
2026-04-27 16:15:17.351 [http-nio-8080-exec-8] DEBUG c.r.c.aspect.ServiceLoggingAspect - Выполнение метода: CheeseService.getAllCheesesWithGraph с аргументами: []
2026-04-27 16:15:17.362 [http-nio-8080-exec-8] DEBUG c.r.c.aspect.ServiceLoggingAspect - Метод CheeseService.getAllCheesesWithGraph выполнился за 11 мс
2026-04-27 16:15:17.372 [http-nio-8080-exec-9] DEBUG c.r.c.aspect.ServiceLoggingAspect - Выполнение метода: ProducerService.getAllProducers с аргументами: []
2026-04-27 16:15:17.373 [http-nio-8080-exec-9] DEBUG c.r.c.aspect.ServiceLoggingAspect - Метод ProducerService.getAllProducers выполнился за 0 мс
2026-04-27 16:15:17.382 [http-nio-8080-exec-10] DEBUG c.r.c.aspect.ServiceLoggingAspect - Выполнение метода: ShopService.getAllShops с аргументами: [Page request [number: 0, size 200, sort: id: ASC]]
2026-04-27 16:15:17.384 [http-nio-8080-exec-10] DEBUG c.r.c.aspect.ServiceLoggingAspect - Метод ShopService.getAllShops выполнился за 2 мс
2026-04-27 16:15:17.390 [http-nio-8080-exec-1] DEBUG c.r.c.aspect.ServiceLoggingAspect - Выполнение метода: CategoryService.getAllCategories с аргументами: []
2026-04-27 16:15:17.392 [http-nio-8080-exec-1] DEBUG c.r.c.aspect.ServiceLoggingAspect - Метод CategoryService.getAllCategories выполнился за 1 мс
2026-04-27 16:15:17.402 [http-nio-8080-exec-2] DEBUG c.r.c.aspect.ServiceLoggingAspect - Выполнение метода: CheeseService.getCheesesPage с аргументами: [Page request [number: 0, size 4, sort: name: ASC]]
2026-04-27 16:15:17.417 [http-nio-8080-exec-2] DEBUG c.r.c.aspect.ServiceLoggingAspect - Метод CheeseService.getCheesesPage выполнился за 15 мс
2026-04-27 16:15:17.423 [http-nio-8080-exec-3] DEBUG c.r.c.aspect.ServiceLoggingAspect - Выполнение метода: ShopService.getAllShops с аргументами: [Page request [number: 0, size 5, sort: id: ASC]]
2026-04-27 16:15:17.433 [http-nio-8080-exec-3] DEBUG c.r.c.aspect.ServiceLoggingAspect - Метод ShopService.getAllShops выполнился за 9 мс
2026-04-27 16:15:32.347 [http-nio-8080-exec-4] DEBUG c.r.c.aspect.ServiceLoggingAspect - Выполнение метода: CheeseService.getAllCheesesWithGraph с аргументами: []
2026-04-27 16:15:32.354 [http-nio-8080-exec-4] DEBUG c.r.c.aspect.ServiceLoggingAspect - Метод CheeseService.getAllCheesesWithGraph выполнился за 6 мс
2026-04-27 16:15:32.364 [http-nio-8080-exec-5] DEBUG c.r.c.aspect.ServiceLoggingAspect - Выполнение метода: ProducerService.getAllProducers с аргументами: []
2026-04-27 16:15:32.364 [http-nio-8080-exec-5] DEBUG c.r.c.aspect.ServiceLoggingAspect - Метод ProducerService.getAllProducers выполнился за 0 мс
2026-04-27 16:15:32.371 [http-nio-8080-exec-6] DEBUG c.r.c.aspect.ServiceLoggingAspect - Выполнение метода: ShopService.getAllShops с аргументами: [Page request [number: 0, size 200, sort: id: ASC]]
2026-04-27 16:15:32.374 [http-nio-8080-exec-6] DEBUG c.r.c.aspect.ServiceLoggingAspect - Метод ShopService.getAllShops выполнился за 2 мс
2026-04-27 16:15:32.379 [http-nio-8080-exec-7] DEBUG c.r.c.aspect.ServiceLoggingAspect - Выполнение метода: CategoryService.getAllCategories с аргументами: []
2026-04-27 16:15:32.381 [http-nio-8080-exec-7] DEBUG c.r.c.aspect.ServiceLoggingAspect - Метод CategoryService.getAllCategories выполнился за 1 мс
2026-04-27 16:15:32.387 [http-nio-8080-exec-8] DEBUG c.r.c.aspect.ServiceLoggingAspect - Выполнение метода: CheeseService.getCheesesPage с аргументами: [Page request [number: 0, size 4, sort: name: ASC]]
2026-04-27 16:15:32.393 [http-nio-8080-exec-8] DEBUG c.r.c.aspect.ServiceLoggingAspect - Метод CheeseService.getCheesesPage выполнился за 5 мс
2026-04-27 16:15:32.400 [http-nio-8080-exec-9] DEBUG c.r.c.aspect.ServiceLoggingAspect - Выполнение метода: ShopService.getAllShops с аргументами: [Page request [number: 0, size 5, sort: id: ASC]]
2026-04-27 16:15:32.402 [http-nio-8080-exec-9] DEBUG c.r.c.aspect.ServiceLoggingAspect - Метод ShopService.getAllShops выполнился за 2 мс
2026-04-27 16:15:47.339 [http-nio-8080-exec-10] DEBUG c.r.c.aspect.ServiceLoggingAspect - Выполнение метода: CheeseService.getAllCheesesWithGraph с аргументами: []
2026-04-27 16:15:47.345 [http-nio-8080-exec-10] DEBUG c.r.c.aspect.ServiceLoggingAspect - Метод CheeseService.getAllCheesesWithGraph выполнился за 5 мс
2026-04-27 16:15:47.359 [http-nio-8080-exec-1] DEBUG c.r.c.aspect.ServiceLoggingAspect - Выполнение метода: ProducerService.getAllProducers с аргументами: []
2026-04-27 16:15:47.360 [http-nio-8080-exec-1] DEBUG c.r.c.aspect.ServiceLoggingAspect - Метод ProducerService.getAllProducers выполнился за 0 мс
2026-04-27 16:15:47.373 [http-nio-8080-exec-2] DEBUG c.r.c.aspect.ServiceLoggingAspect - Выполнение метода: ShopService.getAllShops с аргументами: [Page request [number: 0, size 200, sort: id: ASC]]
2026-04-27 16:15:47.376 [http-nio-8080-exec-2] DEBUG c.r.c.aspect.ServiceLoggingAspect - Метод ShopService.getAllShops выполнился за 2 мс
2026-04-27 16:15:47.384 [http-nio-8080-exec-3] DEBUG c.r.c.aspect.ServiceLoggingAspect - Выполнение метода: CategoryService.getAllCategories с аргументами: []
2026-04-27 16:15:47.388 [http-nio-8080-exec-3] DEBUG c.r.c.aspect.ServiceLoggingAspect - Метод CategoryService.getAllCategories выполнился за 3 мс
2026-04-27 16:15:47.396 [http-nio-8080-exec-4] DEBUG c.r.c.aspect.ServiceLoggingAspect - Выполнение метода: CheeseService.getCheesesPage с аргументами: [Page request [number: 0, size 4, sort: name: ASC]]
2026-04-27 16:15:47.403 [http-nio-8080-exec-4] DEBUG c.r.c.aspect.ServiceLoggingAspect - Метод CheeseService.getCheesesPage выполнился за 6 мс
2026-04-27 16:15:47.412 [http-nio-8080-exec-5] DEBUG c.r.c.aspect.ServiceLoggingAspect - Выполнение метода: ShopService.getAllShops с аргументами: [Page request [number: 0, size 5, sort: id: ASC]]
2026-04-27 16:15:47.414 [http-nio-8080-exec-5] DEBUG c.r.c.aspect.ServiceLoggingAspect - Метод ShopService.getAllShops выполнился за 2 мс
2026-04-27 16:16:02.343 [http-nio-8080-exec-6] DEBUG c.r.c.aspect.ServiceLoggingAspect - Выполнение метода: CheeseService.getAllCheesesWithGraph с аргументами: []
2026-04-27 16:16:02.361 [http-nio-8080-exec-6] DEBUG c.r.c.aspect.ServiceLoggingAspect - Метод CheeseService.getAllCheesesWithGraph выполнился за 18 мс
2026-04-27 16:16:02.375 [http-nio-8080-exec-7] DEBUG c.r.c.aspect.ServiceLoggingAspect - Выполнение метода: ProducerService.getAllProducers с аргументами: []
2026-04-27 16:16:02.376 [http-nio-8080-exec-7] DEBUG c.r.c.aspect.ServiceLoggingAspect - Метод ProducerService.getAllProducers выполнился за 0 мс
2026-04-27 16:16:02.387 [http-nio-8080-exec-8] DEBUG c.r.c.aspect.ServiceLoggingAspect - Выполнение метода: ShopService.getAllShops с аргументами: [Page request [number: 0, size 200, sort: id: ASC]]
2026-04-27 16:16:02.390 [http-nio-8080-exec-8] DEBUG c.r.c.aspect.ServiceLoggingAspect - Метод ShopService.getAllShops выполнился за 3 мс
2026-04-27 16:16:02.397 [http-nio-8080-exec-9] DEBUG c.r.c.aspect.ServiceLoggingAspect - Выполнение метода: CategoryService.getAllCategories с аргументами: []
2026-04-27 16:16:02.399 [http-nio-8080-exec-9] DEBUG c.r.c.aspect.ServiceLoggingAspect - Метод CategoryService.getAllCategories выполнился за 1 мс
2026-04-27 16:16:02.405 [http-nio-8080-exec-10] DEBUG c.r.c.aspect.ServiceLoggingAspect - Выполнение метода: CheeseService.getCheesesPage с аргументами: [Page request [number: 0, size 4, sort: name: ASC]]
2026-04-27 16:16:02.415 [http-nio-8080-exec-10] DEBUG c.r.c.aspect.ServiceLoggingAspect - Метод CheeseService.getCheesesPage выполнился за 10 мс
2026-04-27 16:16:02.424 [http-nio-8080-exec-1] DEBUG c.r.c.aspect.ServiceLoggingAspect - Выполнение метода: ShopService.getAllShops с аргументами: [Page request [number: 0, size 5, sort: id: ASC]]
2026-04-27 16:16:02.427 [http-nio-8080-exec-1] DEBUG c.r.c.aspect.ServiceLoggingAspect - Метод ShopService.getAllShops выполнился за 2 мс
2026-04-27 16:16:17.339 [http-nio-8080-exec-2] DEBUG c.r.c.aspect.ServiceLoggingAspect - Выполнение метода: CheeseService.getAllCheesesWithGraph с аргументами: []
2026-04-27 16:16:17.345 [http-nio-8080-exec-2] DEBUG c.r.c.aspect.ServiceLoggingAspect - Метод CheeseService.getAllCheesesWithGraph выполнился за 5 мс
2026-04-27 16:16:17.360 [http-nio-8080-exec-3] DEBUG c.r.c.aspect.ServiceLoggingAspect - Выполнение метода: ProducerService.getAllProducers с аргументами: []
2026-04-27 16:16:17.361 [http-nio-8080-exec-3] DEBUG c.r.c.aspect.ServiceLoggingAspect - Метод ProducerService.getAllProducers выполнился за 0 мс
2026-04-27 16:16:17.371 [http-nio-8080-exec-4] DEBUG c.r.c.aspect.ServiceLoggingAspect - Выполнение метода: ShopService.getAllShops с аргументами: [Page request [number: 0, size 200, sort: id: ASC]]
2026-04-27 16:16:17.373 [http-nio-8080-exec-4] DEBUG c.r.c.aspect.ServiceLoggingAspect - Метод ShopService.getAllShops выполнился за 2 мс
2026-04-27 16:16:17.382 [http-nio-8080-exec-5] DEBUG c.r.c.aspect.ServiceLoggingAspect - Выполнение метода: CategoryService.getAllCategories с аргументами: []
2026-04-27 16:16:17.385 [http-nio-8080-exec-5] DEBUG c.r.c.aspect.ServiceLoggingAspect - Метод CategoryService.getAllCategories выполнился за 3 мс
2026-04-27 16:16:17.392 [http-nio-8080-exec-6] DEBUG c.r.c.aspect.ServiceLoggingAspect - Выполнение метода: CheeseService.getCheesesPage с аргументами: [Page request [number: 0, size 4, sort: name: ASC]]
2026-04-27 16:16:17.398 [http-nio-8080-exec-6] DEBUG c.r.c.aspect.ServiceLoggingAspect - Метод CheeseService.getCheesesPage выполнился за 6 мс
2026-04-27 16:16:17.406 [http-nio-8080-exec-7] DEBUG c.r.c.aspect.ServiceLoggingAspect - Выполнение метода: ShopService.getAllShops с аргументами: [Page request [number: 0, size 5, sort: id: ASC]]
2026-04-27 16:16:17.409 [http-nio-8080-exec-7] DEBUG c.r.c.aspect.ServiceLoggingAspect - Метод ShopService.getAllShops выполнился за 2 мс
2026-04-27 16:16:32.341 [http-nio-8080-exec-8] DEBUG c.r.c.aspect.ServiceLoggingAspect - Выполнение метода: CheeseService.getAllCheesesWithGraph с аргументами: []
2026-04-27 16:16:32.350 [http-nio-8080-exec-8] DEBUG c.r.c.aspect.ServiceLoggingAspect - Метод CheeseService.getAllCheesesWithGraph выполнился за 8 мс
2026-04-27 16:16:32.374 [http-nio-8080-exec-9] DEBUG c.r.c.aspect.ServiceLoggingAspect - Выполнение метода: ProducerService.getAllProducers с аргументами: []
2026-04-27 16:16:32.374 [http-nio-8080-exec-9] DEBUG c.r.c.aspect.ServiceLoggingAspect - Метод ProducerService.getAllProducers выполнился за 0 мс
2026-04-27 16:16:32.385 [http-nio-8080-exec-10] DEBUG c.r.c.aspect.ServiceLoggingAspect - Выполнение метода: ShopService.getAllShops с аргументами: [Page request [number: 0, size 200, sort: id: ASC]]
2026-04-27 16:16:32.391 [http-nio-8080-exec-10] DEBUG c.r.c.aspect.ServiceLoggingAspect - Метод ShopService.getAllShops выполнился за 5 мс
2026-04-27 16:16:32.398 [http-nio-8080-exec-1] DEBUG c.r.c.aspect.ServiceLoggingAspect - Выполнение метода: CategoryService.getAllCategories с аргументами: []
2026-04-27 16:16:32.401 [http-nio-8080-exec-1] DEBUG c.r.c.aspect.ServiceLoggingAspect - Метод CategoryService.getAllCategories выполнился за 2 мс
2026-04-27 16:16:32.408 [http-nio-8080-exec-2] DEBUG c.r.c.aspect.ServiceLoggingAspect - Выполнение метода: CheeseService.getCheesesPage с аргументами: [Page request [number: 0, size 4, sort: name: ASC]]
2026-04-27 16:16:32.414 [http-nio-8080-exec-2] DEBUG c.r.c.aspect.ServiceLoggingAspect - Метод CheeseService.getCheesesPage выполнился за 5 мс
2026-04-27 16:16:32.423 [http-nio-8080-exec-3] DEBUG c.r.c.aspect.ServiceLoggingAspect - Выполнение метода: ShopService.getAllShops с аргументами: [Page request [number: 0, size 5, sort: id: ASC]]
2026-04-27 16:16:32.425 [http-nio-8080-exec-3] DEBUG c.r.c.aspect.ServiceLoggingAspect - Метод ShopService.getAllShops выполнился за 2 мс
2026-04-27 16:16:47.340 [http-nio-8080-exec-4] DEBUG c.r.c.aspect.ServiceLoggingAspect - Выполнение метода: CheeseService.getAllCheesesWithGraph с аргументами: []
2026-04-27 16:16:47.347 [http-nio-8080-exec-4] DEBUG c.r.c.aspect.ServiceLoggingAspect - Метод CheeseService.getAllCheesesWithGraph выполнился за 6 мс
2026-04-27 16:16:47.363 [http-nio-8080-exec-5] DEBUG c.r.c.aspect.ServiceLoggingAspect - Выполнение метода: ProducerService.getAllProducers с аргументами: []
2026-04-27 16:16:47.363 [http-nio-8080-exec-5] DEBUG c.r.c.aspect.ServiceLoggingAspect - Метод ProducerService.getAllProducers выполнился за 0 мс
2026-04-27 16:16:47.372 [http-nio-8080-exec-6] DEBUG c.r.c.aspect.ServiceLoggingAspect - Выполнение метода: ShopService.getAllShops с аргументами: [Page request [number: 0, size 200, sort: id: ASC]]
2026-04-27 16:16:47.375 [http-nio-8080-exec-6] DEBUG c.r.c.aspect.ServiceLoggingAspect - Метод ShopService.getAllShops выполнился за 3 мс
2026-04-27 16:16:47.382 [http-nio-8080-exec-7] DEBUG c.r.c.aspect.ServiceLoggingAspect - Выполнение метода: CategoryService.getAllCategories с аргументами: []
2026-04-27 16:16:47.384 [http-nio-8080-exec-7] DEBUG c.r.c.aspect.ServiceLoggingAspect - Метод CategoryService.getAllCategories выполнился за 2 мс
2026-04-27 16:16:47.390 [http-nio-8080-exec-8] DEBUG c.r.c.aspect.ServiceLoggingAspect - Выполнение метода: CheeseService.getCheesesPage с аргументами: [Page request [number: 0, size 4, sort: name: ASC]]
2026-04-27 16:16:47.396 [http-nio-8080-exec-8] DEBUG c.r.c.aspect.ServiceLoggingAspect - Метод CheeseService.getCheesesPage выполнился за 6 мс
2026-04-27 16:16:47.403 [http-nio-8080-exec-9] DEBUG c.r.c.aspect.ServiceLoggingAspect - Выполнение метода: ShopService.getAllShops с аргументами: [Page request [number: 0, size 5, sort: id: ASC]]
2026-04-27 16:16:47.406 [http-nio-8080-exec-9] DEBUG c.r.c.aspect.ServiceLoggingAspect - Метод ShopService.getAllShops выполнился за 2 мс
2026-04-27 16:17:02.344 [http-nio-8080-exec-10] DEBUG c.r.c.aspect.ServiceLoggingAspect - Выполнение метода: CheeseService.getAllCheesesWithGraph с аргументами: []
2026-04-27 16:17:02.352 [http-nio-8080-exec-10] DEBUG c.r.c.aspect.ServiceLoggingAspect - Метод CheeseService.getAllCheesesWithGraph выполнился за 8 мс
2026-04-27 16:17:02.373 [http-nio-8080-exec-1] DEBUG c.r.c.aspect.ServiceLoggingAspect - Выполнение метода: ProducerService.getAllProducers с аргументами: []
2026-04-27 16:17:02.374 [http-nio-8080-exec-1] DEBUG c.r.c.aspect.ServiceLoggingAspect - Метод ProducerService.getAllProducers выполнился за 0 мс
2026-04-27 16:17:02.382 [http-nio-8080-exec-2] DEBUG c.r.c.aspect.ServiceLoggingAspect - Выполнение метода: ShopService.getAllShops с аргументами: [Page request [number: 0, size 200, sort: id: ASC]]
2026-04-27 16:17:02.385 [http-nio-8080-exec-2] DEBUG c.r.c.aspect.ServiceLoggingAspect - Метод ShopService.getAllShops выполнился за 3 мс
2026-04-27 16:17:02.392 [http-nio-8080-exec-3] DEBUG c.r.c.aspect.ServiceLoggingAspect - Выполнение метода: CategoryService.getAllCategories с аргументами: []
2026-04-27 16:17:02.395 [http-nio-8080-exec-3] DEBUG c.r.c.aspect.ServiceLoggingAspect - Метод CategoryService.getAllCategories выполнился за 2 мс
2026-04-27 16:17:02.401 [http-nio-8080-exec-4] DEBUG c.r.c.aspect.ServiceLoggingAspect - Выполнение метода: CheeseService.getCheesesPage с аргументами: [Page request [number: 0, size 4, sort: name: ASC]]
2026-04-27 16:17:02.409 [http-nio-8080-exec-4] DEBUG c.r.c.aspect.ServiceLoggingAspect - Метод CheeseService.getCheesesPage выполнился за 7 мс
2026-04-27 16:17:02.416 [http-nio-8080-exec-5] DEBUG c.r.c.aspect.ServiceLoggingAspect - Выполнение метода: ShopService.getAllShops с аргументами: [Page request [number: 0, size 5, sort: id: ASC]]
2026-04-27 16:17:02.419 [http-nio-8080-exec-5] DEBUG c.r.c.aspect.ServiceLoggingAspect - Метод ShopService.getAllShops выполнился за 2 мс
2026-04-27 16:17:17.339 [http-nio-8080-exec-6] DEBUG c.r.c.aspect.ServiceLoggingAspect - Выполнение метода: CheeseService.getAllCheesesWithGraph с аргументами: []
2026-04-27 16:17:17.345 [http-nio-8080-exec-6] DEBUG c.r.c.aspect.ServiceLoggingAspect - Метод CheeseService.getAllCheesesWithGraph выполнился за 6 мс
2026-04-27 16:17:17.366 [http-nio-8080-exec-7] DEBUG c.r.c.aspect.ServiceLoggingAspect - Выполнение метода: ProducerService.getAllProducers с аргументами: []
2026-04-27 16:17:17.366 [http-nio-8080-exec-7] DEBUG c.r.c.aspect.ServiceLoggingAspect - Метод ProducerService.getAllProducers выполнился за 0 мс
2026-04-27 16:17:17.376 [http-nio-8080-exec-8] DEBUG c.r.c.aspect.ServiceLoggingAspect - Выполнение метода: ShopService.getAllShops с аргументами: [Page request [number: 0, size 200, sort: id: ASC]]
2026-04-27 16:17:17.381 [http-nio-8080-exec-8] DEBUG c.r.c.aspect.ServiceLoggingAspect - Метод ShopService.getAllShops выполнился за 5 мс
2026-04-27 16:17:17.392 [http-nio-8080-exec-9] DEBUG c.r.c.aspect.ServiceLoggingAspect - Выполнение метода: CategoryService.getAllCategories с аргументами: []
2026-04-27 16:17:17.393 [http-nio-8080-exec-9] DEBUG c.r.c.aspect.ServiceLoggingAspect - Метод CategoryService.getAllCategories выполнился за 1 мс
2026-04-27 16:17:17.399 [http-nio-8080-exec-10] DEBUG c.r.c.aspect.ServiceLoggingAspect - Выполнение метода: CheeseService.getCheesesPage с аргументами: [Page request [number: 0, size 4, sort: name: ASC]]
2026-04-27 16:17:17.404 [http-nio-8080-exec-10] DEBUG c.r.c.aspect.ServiceLoggingAspect - Метод CheeseService.getCheesesPage выполнился за 5 мс
2026-04-27 16:17:17.409 [http-nio-8080-exec-1] DEBUG c.r.c.aspect.ServiceLoggingAspect - Выполнение метода: ShopService.getAllShops с аргументами: [Page request [number: 0, size 5, sort: id: ASC]]
2026-04-27 16:17:17.412 [http-nio-8080-exec-1] DEBUG c.r.c.aspect.ServiceLoggingAspect - Метод ShopService.getAllShops выполнился за 2 мс
2026-04-27 16:17:20.983 [http-nio-8080-exec-2] DEBUG c.r.c.aspect.ServiceLoggingAspect - Выполнение метода: CheeseService.getCheesesPage с аргументами: [Page request [number: 1, size 4, sort: name: ASC]]
2026-04-27 16:17:20.996 [http-nio-8080-exec-2] DEBUG c.r.c.aspect.ServiceLoggingAspect - Метод CheeseService.getCheesesPage выполнился за 12 мс
2026-04-27 16:17:21.932 [http-nio-8080-exec-3] DEBUG c.r.c.aspect.ServiceLoggingAspect - Выполнение метода: CheeseService.getCheesesPage с аргументами: [Page request [number: 0, size 4, sort: name: ASC]]
2026-04-27 16:17:21.941 [http-nio-8080-exec-3] DEBUG c.r.c.aspect.ServiceLoggingAspect - Метод CheeseService.getCheesesPage выполнился за 9 мс
2026-04-27 16:17:25.406 [http-nio-8080-exec-4] DEBUG c.r.c.aspect.ServiceLoggingAspect - Выполнение метода: CheeseService.getCheesesPage с аргументами: [Page request [number: 1, size 4, sort: name: ASC]]
2026-04-27 16:17:25.422 [http-nio-8080-exec-4] DEBUG c.r.c.aspect.ServiceLoggingAspect - Метод CheeseService.getCheesesPage выполнился за 16 мс
2026-04-27 16:17:25.903 [http-nio-8080-exec-5] DEBUG c.r.c.aspect.ServiceLoggingAspect - Выполнение метода: CheeseService.getCheesesPage с аргументами: [Page request [number: 2, size 4, sort: name: ASC]]
2026-04-27 16:17:25.915 [http-nio-8080-exec-5] DEBUG c.r.c.aspect.ServiceLoggingAspect - Метод CheeseService.getCheesesPage выполнился за 11 мс
2026-04-27 16:17:31.329 [http-nio-8080-exec-6] DEBUG c.r.c.aspect.ServiceLoggingAspect - Выполнение метода: CheeseService.getAllCheesesWithGraph с аргументами: []
2026-04-27 16:17:31.336 [http-nio-8080-exec-6] DEBUG c.r.c.aspect.ServiceLoggingAspect - Метод CheeseService.getAllCheesesWithGraph выполнился за 6 мс
2026-04-27 16:19:27.617 [http-nio-8080-exec-7] DEBUG c.r.c.aspect.ServiceLoggingAspect - Выполнение метода: CheeseService.getAllCheesesWithGraph с аргументами: []
2026-04-27 16:19:27.650 [http-nio-8080-exec-7] DEBUG c.r.c.aspect.ServiceLoggingAspect - Метод CheeseService.getAllCheesesWithGraph выполнился за 32 мс
2026-04-27 16:35:53.883 [HikariPool-1:housekeeper] WARN  com.zaxxer.hikari.pool.HikariPool - HikariPool-1 - Thread starvation or clock leap detected (housekeeper delta=16m42s494ms).
2026-04-27 16:52:53.451 [HikariPool-1:housekeeper] WARN  com.zaxxer.hikari.pool.HikariPool - HikariPool-1 - Thread starvation or clock leap detected (housekeeper delta=16m59s584ms).
2026-04-27 16:59:50.717 [HikariPool-1:housekeeper] WARN  com.zaxxer.hikari.pool.HikariPool - HikariPool-1 - Thread starvation or clock leap detected (housekeeper delta=6m57s266ms).
2026-04-27 17:16:57.737 [HikariPool-1:housekeeper] WARN  com.zaxxer.hikari.pool.HikariPool - HikariPool-1 - Thread starvation or clock leap detected (housekeeper delta=16m37s9ms).
2026-04-27 17:18:09.235 [HikariPool-1:housekeeper] WARN  com.zaxxer.hikari.pool.HikariPool - HikariPool-1 - Thread starvation or clock leap detected (housekeeper delta=1m11s497ms).
2026-04-27 17:34:41.040 [HikariPool-1:housekeeper] WARN  com.zaxxer.hikari.pool.HikariPool - HikariPool-1 - Thread starvation or clock leap detected (housekeeper delta=16m31s806ms).
2026-04-27 17:54:41.031 [HikariPool-1:housekeeper] WARN  com.zaxxer.hikari.pool.HikariPool - HikariPool-1 - Thread starvation or clock leap detected (housekeeper delta=17m59s963ms).
2026-04-27 18:12:08.450 [HikariPool-1:housekeeper] WARN  com.zaxxer.hikari.pool.HikariPool - HikariPool-1 - Thread starvation or clock leap detected (housekeeper delta=15m27s385ms).
2026-04-27 18:12:20.374 [SpringApplicationShutdownHook] INFO  o.s.boot.tomcat.GracefulShutdown - Commencing graceful shutdown. Waiting for active requests to complete
2026-04-27 18:12:20.395 [tomcat-shutdown] INFO  o.s.boot.tomcat.GracefulShutdown - Graceful shutdown complete
2026-04-27 18:12:20.411 [SpringApplicationShutdownHook] INFO  o.s.o.j.LocalContainerEntityManagerFactoryBean - Closing JPA EntityManagerFactory for persistence unit 'default'
2026-04-27 18:12:20.419 [SpringApplicationShutdownHook] INFO  com.zaxxer.hikari.HikariDataSource - HikariPool-1 - Shutdown initiated...
2026-04-27 18:12:20.424 [SpringApplicationShutdownHook] INFO  com.zaxxer.hikari.HikariDataSource - HikariPool-1 - Shutdown completed.
